era5_event_id,cnn_similarity_score,cnn_likelihood,cnn_prior,cnn_bayesian_score
FF_2022_000309_SLE,0.7243685,0.03977367,0.94583917,0.037619494
FL_2019_000089_SLE,0.5788928,0.004226508,1.0064156,0.0042536235
FL_2005_000139_SLE,0.5833976,0.0045671635,0.90114546,0.004115679
FL_2022_000321_CAF,0.54269993,0.0022161426,0.9402243,0.002083671
FL_2007_000177_SLE,0.5311338,0.0017866486,0.9958434,0.0017792223
ST_2011_000073_CAF,0.47617295,0.0005993041,0.96249735,0.0005768286
FL_2017_000134_CAF,0.45672733,0.00039497533,1.1052461,0.00043654494
FL_2009_000183_NGA,0.45275694,0.00036195217,0.99515456,0.00036019835
FL_1997_000295_COD,0.4501932,0.000341971,1.0099723,0.00034538124
FL_2012_000138_NGA,0.44718692,0.00031980916,1.0457613,0.00033444405
FL_2005_000109_PRK,0.44373995,0.00029599565,1.0243633,0.00030320708
FL_2009_000186_TCD,0.44059068,0.00027564686,1.0251122,0.00028256894
FL_1998_000080_ARG,0.43995795,0.00027171377,1.0277863,0.00027926368
FL_2010_000152_THA,0.43818223,0.00026094422,0.91716826,0.00023932975
FL_2002_000376_RUS,0.43466753,0.00024075314,0.8978027,0.00021614882
FF_2014_000059_SRB,0.43088433,0.00022060076,0.9731564,0.00021467904
FL_2002_000522_KHM,0.42912686,0.00021176637,0.99701285,0.0002111338
FF_2009_000107_THA,0.4263482,0.00019844696,0.8892001,0.00017645906
FL_2013_000083_THA,0.42254508,0.00018143891,0.9636208,0.00017483831
FL_2002_000641_THA,0.42558867,0.00019493981,0.8805742,0.00017165898
FL_2013_000112_CAF,0.40241796,0.00011137136,1.0773013,0.000119980505
FL_1999_000265_TCD,0.40655288,0.00012335888,0.95849025,0.00011823829
FL_2013_000116_NGA,0.40632534,0.0001226702,0.94750106,0.00011623015
FL_2021_000123_CAF,0.39760983,9.875774e-05,1.1221387,0.000110819885
FL_2003_000037_MDG,0.40654886,0.00012334668,0.8173623,0.00010081892
FL_2005_000153_THA,0.39298883,8.78622e-05,0.9010399,7.916735e-05
FL_2007_000132_BFA,0.3889625,7.926426e-05,0.98934317,7.841955e-05
FL_2015_000053_CAF,0.38658547,7.455132e-05,1.0203326,7.606714e-05
FL_2019_000098_CAF,0.38471645,7.10244e-05,1.0637088,7.554927e-05
FL_2012_000106_BGD,0.3814885,6.528517e-05,0.8638356,5.639565e-05
FL_2015_000131_SLE,0.3756022,5.5883178e-05,0.9969715,5.5713936e-05
FL_2010_000049_AGO,0.37181458,5.0496834e-05,1.0373266,5.2381707e-05
FL_2010_000120_BRA,0.36572933,4.2815194e-05,1.1915169,5.1015028e-05
FL_2007_000158_TGO,0.36940473,4.73178e-05,1.0405042,4.923437e-05
FL_2002_000607_ALB,0.36590415,4.3020296e-05,1.0760417,4.6291632e-05
FL_2021_000145_BEN,0.36603534,4.3174787e-05,0.9318955,4.023439e-05
FL_2009_000087_VUT,0.3660757,4.3222408e-05,0.9281134,4.0115297e-05
FL_2005_000129_SDN,0.37107438,4.950051e-05,0.8087722,4.0034636e-05
FL_2005_000150_NGA,0.36182112,3.8453785e-05,1.0125613,3.8936814e-05
FL_2008_000158_PAN,0.36422583,4.108729e-05,0.9032334,3.711141e-05
FL_2006_000151_PAN,0.3631408,3.987956e-05,0.8913112,3.55451e-05
FL_2005_000038_MDG,0.3609196,3.7506332e-05,0.94498605,3.544296e-05
FL_2007_000174_CAF,0.3552791,3.204029e-05,1.0879915,3.4859564e-05
FL_2020_000154_CIV,0.36122313,3.7822963e-05,0.8812828,3.3332726e-05
FL_2018_000028_BWA,0.35579723,3.251065e-05,0.9907342,3.2209413e-05
FL_2022_000292_LAO,0.35763583,3.423026e-05,0.90004784,3.080887e-05
FF_2013_000091_SDN,0.3587527,3.5314395e-05,0.8372304,2.9566285e-05
FL_2018_000140_MLI,0.34446,2.3517336e-05,1.087024,2.5563908e-05
ST_2015_000041_PRY,0.34929657,2.7036049e-05,0.867431,2.3451907e-05
FL_2013_000013_BWA,0.34350842,2.2875674e-05,0.9272107,2.121057e-05
FL_2020_000212_KHM,0.33835763,1.9667978e-05,1.0479498,2.0611053e-05
FL_2005_000051_AGO,0.33002746,1.532854e-05,1.2159379,1.8638551e-05
FL_2007_000153_GHA,0.34197277,2.1873348e-05,0.8293104,1.8139795e-05
FL_2019_000103_LAO,0.33724603,1.90313e-05,0.94817245,1.8044955e-05
FL_2008_000038_ARG,0.33805308,1.9491665e-05,0.9231435,1.7993603e-05
FL_2019_000104_THA,0.33411485,1.7336355e-05,0.9365815,1.6236909e-05
FL_2009_000120_BWA,0.33205748,1.6297936e-05,0.9861709,1.607255e-05
FL_2007_000141_NGA,0.33415776,1.7358636e-05,0.9242004,1.6042859e-05
FL_2003_000455_NGA,0.33596194,1.8318959e-05,0.8705386,1.594736e-05
FF_2016_000093_LAO,0.32966113,1.515924e-05,1.0171382,1.5419044e-05
FL_2007_000151_TCD,0.3356889,1.8170616e-05,0.84078753,1.5277628e-05
FL_2001_000146_AGO,0.3251747,1.32180485e-05,1.1055357,1.4613025e-05
FL_2009_000266_ALB,0.3369169,1.8846376e-05,0.75668156,1.4260706e-05
FL_2006_000123_SDN,0.32932156,1.5003814e-05,0.94127035,1.4122646e-05
FL_2018_000120_NGA,0.32489088,1.3103136e-05,1.0708522,1.40315215e-05
FL_2001_000450_THA,0.32653207,1.378029e-05,0.982369,1.3537329e-05
FL_2005_000137_CAF,0.32011092,1.1298085e-05,1.0931063,1.2350008e-05
FL_2003_000368_SDN,0.33107972,1.5824347e-05,0.7739832,1.2247779e-05
FL_2022_000276_GMB,0.32411665,1.2794208e-05,0.9115523,1.166259e-05
FL_2020_000161_BGD,0.32322565,1.2446812e-05,0.8802037,1.095573e-05
FL_2009_000127_BEN,0.32398552,1.2742539e-05,0.8563633,1.0912243e-05
FL_2009_000165_CHL,0.3125621,8.899452e-06,1.159997,1.0323338e-05
FL_2013_000011_ZWE,0.3114811,8.596405e-06,1.1684577,1.0044536e-05
FL_2001_000521_TCD,0.31809932,1.06078505e-05,0.94110596,9.983111e-06
FL_2006_000130_KHM,0.31249785,8.881174e-06,1.0445652,9.276965e-06
FF_2018_000118_LAO,0.30754083,7.568815e-06,1.1079198,8.38564e-06
FL_2007_000130_CIV,0.30786243,7.648336e-06,1.0619783,8.122367e-06
FL_2011_000102_BRA,0.3062904,7.2666408e-06,1.1105275,8.069805e-06
FL_2011_000190_AGO,0.3032166,6.569462e-06,1.2067723,7.927845e-06
FL_2016_000080_BFA,0.311105,8.493175e-06,0.92950785,7.894473e-06
FF_2013_000100_RUS,0.3105576,8.34491e-06,0.942453,7.864686e-06
FL_2012_000003_BRA,0.30352956,6.6375824e-06,1.0968858,7.2806697e-06
FL_2010_000021_AFG,0.30491957,6.947891e-06,1.0005565,6.9517573e-06
FL_2011_000135_THA,0.30511165,6.9917814e-06,0.9940827,6.950409e-06
FL_2016_000089_SEN,0.30440223,6.8309064e-06,0.9681978,6.6136686e-06
FL_2009_000268_AGO,0.29915917,5.7414713e-06,1.0902361,6.259559e-06
FL_1999_000350_CRI,0.3005101,6.0060765e-06,1.0110258,6.072298e-06
FF_2011_000143_SSD,0.29517537,5.021127e-06,1.2020698,6.0357447e-06
FL_2009_000007_ZWE,0.29374856,4.7836284e-06,1.2341189,5.9035665e-06
FL_2009_000248_URY,0.30744037,7.544126e-06,0.7613565,5.743769e-06
FL_2015_000009_ALB,0.30514055,6.998409e-06,0.80787224,5.65382e-06
FF_2007_000080_BGD,0.30550218,7.0817905e-06,0.7823137,5.540182e-06
FL_2007_000129_PAK,0.30322236,6.5707086e-06,0.83807874,5.5067712e-06
FL_2022_000287_TCD,0.30053973,6.0119996e-06,0.8895736,5.348116e-06
FL_2020_000019_MDG,0.29977548,5.8608566e-06,0.9003532,5.276841e-06
FL_2022_000332_BEN,0.29226956,4.548161e-06,1.1409813,5.1893667e-06
FL_2012_000164_CAF,0.28816584,3.9484344e-06,1.2923617,5.1028055e-06
FL_2001_000274_WSM,0.28813505,3.9442184e-06,1.2174988,4.802081e-06
FL_2008_000243_PNG,0.29594404,5.1534244e-06,0.9134135,4.7072076e-06
FL_2021_000110_YEM,0.2887584,4.030382e-06,1.0518543,4.2393744e-06
FL_2001_000236_URY,0.2911483,4.3766586e-06,0.9396395,4.1124813e-06
FL_2013_000131_KHM,0.28643313,3.7173418e-06,1.0643681,3.9566203e-06
FL_2017_000126_NGA,0.28967458,4.160101e-06,0.9405621,3.9128336e-06
FL_2002_000614_LAO,0.28960732,4.150451e-06,0.9388466,3.896637e-06
FL_2009_000240_PAN,0.29164758,4.452294e-06,0.8022797,3.5719852e-06
FL_2001_000696_BRA,0.2828224,3.2744476e-06,1.0027964,3.2836044e-06
FF_2011_000088_NGA,0.2824155,3.2276425e-06,0.95553446,3.0841236e-06
FL_2010_000208_RUS,0.2843031,3.4499749e-06,0.8874262,3.0615981e-06
FL_2004_000063_PRK,0.27931136,2.889921e-06,1.0366588,2.995862e-06
FL_2020_000196_NGA,0.28051,3.016363e-06,0.9820309,2.9621617e-06
FL_2005_000166_CRI,0.28199348,3.1797329e-06,0.9183873,2.9202263e-06
FL_1998_000040_URY,0.28331083,3.3314384e-06,0.86432457,2.879444e-06
FL_2012_000169_SEN,0.275532,2.5218576e-06,1.1327858,2.8567244e-06
FL_2012_000129_SDN,0.28212637,3.194749e-06,0.8644121,2.76158e-06
FL_2021_000147_THA,0.27993944,2.9555679e-06,0.9140862,2.7016438e-06
FL_2008_000234_BRA,0.27239162,2.2487304e-06,1.1757407,2.6439238e-06
FL_2011_000148_KHM,0.2747808,2.4539404e-06,1.0589485,2.5985964e-06
FL_2010_000046_MOZ,0.27743793,2.7018316e-06,0.9530009,2.574848e-06
ST_2012_000064_COD,0.27674335,2.6349476e-06,0.9408423,2.47907e-06
FL_2011_000106_GHA,0.27712557,2.6715663e-06,0.9071847,2.4236042e-06
FL_2016_000072_SDN,0.26999718,2.0586963e-06,1.1762762,2.4215954e-06
FL_2007_000093_SDN,0.2731565,2.3126786e-06,1.0045104,2.3231098e-06
FL_2013_000002_PSE,0.27705693,2.664957e-06,0.87009674,2.3187704e-06
FL_2007_000044_ARG,0.27109855,2.1442331e-06,1.0750188,2.305091e-06
FL_2018_000128_SDN,0.27667665,2.628604e-06,0.8455793,2.2226932e-06
FL_2021_000095_MMR,0.2790643,2.8644602e-06,0.7756319,2.2217666e-06
FL_2022_000249_CIV,0.26667973,1.8192825e-06,1.1393077,2.0727225e-06
FL_2004_000116_CAF,0.27103704,2.139373e-06,0.968065,2.0710522e-06
FL_2020_000193_SSD,0.26721716,1.8562797e-06,1.1080239,2.0568023e-06
FL_2012_000172_MLI,0.26963258,2.0310642e-06,1.0092568,2.0498655e-06
FL_2016_000117_ALB,0.2772967,2.6881091e-06,0.757563,2.036412e-06
FL_2004_000068_ROM,0.2685313,1.9496158e-06,1.0173228,1.9833885e-06
FL_2019_000093_NGA,0.26851436,1.948387e-06,1.0046643,1.957475e-06
FL_2008_000167_VCT,0.2677648,1.894676e-06,0.9584179,1.8158913e-06
FL_2015_000080_MMR,0.27018124,2.0727737e-06,0.8473781,1.756423e-06
FL_2018_000134_IND,0.2696023,2.0287844e-06,0.8616805,1.748164e-06
FL_2019_000009_ARG,0.26764694,1.8863523e-06,0.8652103,1.6320914e-06
FL_2001_000485_KHM,0.26211053,1.5305401e-06,1.0341969,1.5828797e-06
FL_2007_000023_IDN,0.2590078,1.3587158e-06,1.1489115,1.5610442e-06
FL_2001_000332_IND,0.26522112,1.7221898e-06,0.9017205,1.5529339e-06
FL_2015_000164_COD,0.26535,1.7305779e-06,0.8803375,1.5234925e-06
FL_2004_000100_PAN,0.26606542,1.7778058e-06,0.8210879,1.4597348e-06
FL_1999_000413_CAF,0.25613412,1.2152746e-06,1.184197,1.4391244e-06
FL_2000_000375_CHL,0.25795487,1.3044795e-06,1.0781069,1.4063684e-06
FF_2020_000140_IDN,0.25506297,1.1653975e-06,1.1843462,1.3802342e-06
ST_2022_000138_MDG,0.26277393,1.5697221e-06,0.8783411,1.3787514e-06
FL_2010_000153_PRK,0.25948015,1.3836982e-06,0.97810185,1.3533978e-06
FL_2007_000123_NGA,0.2578059,1.2969665e-06,1.0297465,1.3355468e-06
FL_1999_000531_COD,0.25860426,1.3376938e-06,0.98083735,1.31206e-06
FL_2011_000118_GTM,0.26114404,1.4750312e-06,0.8702339,1.2836222e-06
FF_2022_000274_IRN,0.2578158,1.2974643e-06,0.9809513,1.2727494e-06
FL_2003_000293_TLS,0.25790507,1.3019633e-06,0.9462538,1.2319877e-06
FL_2019_000064_SDN,0.25755996,1.2846458e-06,0.9162458,1.1770513e-06
FL_2017_000064_IND,0.25232768,1.0462825e-06,1.1249139,1.1769778e-06
TC_2012_000020_MDG,0.2515619,1.0149598e-06,1.1492827,1.1664757e-06
FL_2022_000365_PAN,0.25893253,1.3547718e-06,0.83668804,1.1335214e-06
FL_2006_000158_PRK,0.25510406,1.1672767e-06,0.9412839,1.0987387e-06
FL_2006_000125_THA,0.25546902,1.1840839e-06,0.9164628,1.0851688e-06
FL_2011_000093_BGD,0.25627112,1.2217905e-06,0.87612796,1.0704448e-06
FL_2014_000121_CMR,0.24819893,8.8715393e-07,1.1599728,1.0290744e-06
FL_2014_000168_MYS,0.24821733,8.8781195e-07,1.1580074,1.0280928e-06
FL_1999_000247_KOR,0.24934778,9.29084e-07,1.0909672,1.0136001e-06
FL_2001_000227_RUS,0.24967927,9.415097e-07,1.060528,9.984974e-07
FL_1999_000259_KHM,0.25150037,1.0124795e-06,0.9768089,9.88999e-07
FL_2018_000034_BLR,0.2480452,8.816747e-07,1.0691061,9.426038e-07
FL_1997_000137_CHL,0.24513847,7.836365e-07,1.1519914,9.027425e-07
FL_2005_000209_THA,0.24810046,8.8364067e-07,1.0186863,9.0015266e-07
FF_2021_000090_SDN,0.2498589,9.4830546e-07,0.926814,8.7890277e-07
FL_2012_000123_PRK,0.24890995,9.1289866e-07,0.95448625,8.7134924e-07
FL_2000_000002_AGO,0.24591222,8.087256e-07,1.0213292,8.25975e-07
FL_2018_000360_RUS,0.24534422,7.902388e-07,1.0194583,8.056155e-07
FL_2010_000174_KEN,0.2562636,1.2214325e-06,0.63866997,7.8009225e-07
FL_2008_000175_UGA,0.24256726,7.0521537e-07,1.084833,7.650409e-07
FL_2000_000012_MOZ,0.24075285,6.542057e-07,1.1351557,7.426253e-07
FL_2022_000265_YEM,0.24193144,6.8694675e-07,1.0750791,7.385221e-07
FL_2011_000107_MMR,0.25007018,9.56355e-07,0.7719877,7.382943e-07
FL_2007_000139_KEN,0.2560088,1.2093417e-06,0.5968051,7.217413e-07
FL_2019_000033_PRY,0.24522096,7.8627755e-07,0.91126764,7.165093e-07
FL_2018_000194_TTO,0.24900524,9.1639964e-07,0.7740661,7.093539e-07
FL_2006_000156_TUR,0.24131888,6.697505e-07,1.050288,7.034309e-07
FL_2012_000037_PSE,0.24491426,7.764988e-07,0.90530586,7.029689e-07
FL_2015_000110_ARG,0.24825087,8.890124e-07,0.7477015,6.6471597e-07
FL_2005_000104_IND,0.2441203,7.516903e-07,0.8800676,6.615383e-07
FL_2022_000328_HND,0.2330629,4.7285866e-07,1.3850139,6.549158e-07
FL_2009_000129_CAF,0.24032985,6.428018e-07,0.99070364,6.368261e-07
FL_2017_000091_MMR,0.2460961,8.1479317e-07,0.7773403,6.3337154e-07
FF_2009_000196_IDN,0.23249096,4.61382e-07,1.3573949,6.262776e-07
FL_2014_000107_MMR,0.24546733,7.942132e-07,0.78811467,6.259311e-07
FL_2010_000051_KAZ,0.23859404,5.978551e-07,1.0356585,6.191737e-07
FL_2007_000199_THA,0.24049895,6.47339e-07,0.94716746,6.131384e-07
FL_2015_000081_PHL,0.23543933,5.2334747e-07,1.1237445,5.8810883e-07
FF_2014_000015_ZWE,0.2374244,5.6918515e-07,0.99632573,5.670938e-07
FL_2005_000169_FJI,0.23493524,5.122496e-07,1.0993786,5.631562e-07
FL_2010_000115_MMR,0.23951401,6.213112e-07,0.8942148,5.5558564e-07
FL_2017_000004_THA,0.23982975,6.295504e-07,0.841664,5.298699e-07
FL_2021_000108_SSD,0.23954783,6.221892e-07,0.8508698,5.29402e-07
FL_2007_000076_KEN,0.2466215,8.323566e-07,0.6252061,5.2039445e-07
FL_2002_000054_IDN,0.23827957,5.900217e-07,0.8797241,5.190563e-07
FL_1998_000203_BGD,0.23711604,5.618357e-07,0.88722044,4.984721e-07
FL_1998_000251_SDN,0.2330846,4.732993e-07,1.0143452,4.800889e-07
FL_1999_000286_GMB,0.23145622,4.4125392e-07,1.0233624,4.5156267e-07
FL_2012_000200_BFA,0.23429179,4.983916e-07,0.9016484,4.49374e-07
FL_2018_000046_RUS,0.2350808,5.1543213e-07,0.8558146,4.4111434e-07
FL_2022_000271_NGA,0.22953619,4.059866e-07,1.0556192,4.285673e-07
FL_1999_000213_IND,0.23486045,5.1062125e-07,0.8230437,4.202636e-07
FL_2005_000157_MDA,0.22980705,4.1080287e-07,1.0039148,4.1241108e-07
FF_2013_000118_BEN,0.22586772,3.4557448e-07,1.1659745,4.0293102e-07
FL_2013_000038_KEN,0.23990655,6.315693e-07,0.6280354,3.9664792e-07
FL_2019_000153_COD,0.226203,3.5073856e-07,1.1260219,3.949393e-07
FL_2007_000220_SRB,0.22679868,3.600852e-07,1.0676279,3.8443702e-07
FL_2000_000258_IDN,0.22626562,3.5171087e-07,1.0777938,3.790718e-07
FL_2013_000070_IND,0.2288787,3.9450626e-07,0.9582631,3.780408e-07
FL_2011_000180_PAN,0.23181725,4.481851e-07,0.8291347,3.716058e-07
FF_2009_000201_PHL,0.22636253,3.5322003e-07,1.0428486,3.6835502e-07
FL_2004_000142_ALB,0.23379126,4.87846e-07,0.7411835,3.6158343e-07
FL_2013_000087_MMR,0.2325817,4.6318607e-07,0.7624727,3.5316674e-07
FL_2013_000028_NAM,0.22162768,2.8591705e-07,1.2280542,3.5112163e-07
FL_2007_000197_COD,0.22372496,3.1415533e-07,1.1143456,3.5007758e-07
FL_2010_000012_EGY,0.22745639,3.7066488e-07,0.9297521,3.4462644e-07
FL_2009_000095_TJK,0.22983855,4.1136633e-07,0.8300246,3.4144418e-07
FL_2003_000220_NAM,0.22343831,3.1015324e-07,1.0994327,3.409926e-07
FL_2010_000003_KEN,0.23049699,4.2330416e-07,0.7951241,3.3657935e-07
FL_2006_000062_THA,0.22590442,3.461364e-07,0.9624907,3.3315305e-07
FL_2006_000091_PRK,0.22505945,3.3340532e-07,0.98832214,3.2951186e-07
FL_2000_000255_ARG,0.22779779,3.762661e-07,0.8734751,3.2865904e-07
FF_2016_000079_MKD,0.22171524,2.8704864e-07,1.1227243,3.2227646e-07
FL_2010_000114_BGD,0.2272911,3.679802e-07,0.8657757,3.1858832e-07
FL_2007_000125_PHL,0.22520973,3.3563825e-07,0.94382703,3.1678445e-07
LS_2022_000224_GTM,0.22214173,2.9261827e-07,1.0494251,3.0708097e-07
FL_2000_000048_BWA,0.22220805,2.9349312e-07,1.0271316,3.0145605e-07
FL_2006_000086_CHL,0.22335121,3.0894637e-07,0.9584396,2.9610644e-07
FL_2022_000305_GIN,0.2230252,3.0446643e-07,0.9609107,2.9256503e-07
FL_1998_000329_BEN,0.22645065,3.5459757e-07,0.7914725,2.8065423e-07
FL_2012_000039_CHL,0.21581697,2.192078e-07,1.2275882,2.6909692e-07
FF_2008_000216_PSE,0.22177297,2.877969e-07,0.9319135,2.682018e-07
FF_2011_000071_GEO,0.2146138,2.0728905e-07,1.2645458,2.621265e-07
FL_1999_000423_TGO,0.22033572,2.6968024e-07,0.96726596,2.6085252e-07
FL_2019_000032_BOL,0.2208341,2.758427e-07,0.94160855,2.5973583e-07
FL_2003_000196_ARG,0.22498962,3.3237234e-07,0.77798855,2.5858188e-07
FL_2017_000053_THA,0.21763495,2.3838906e-07,1.0758839,2.5647896e-07
FL_2012_000151_TCD,0.22098348,2.7771415e-07,0.91195095,2.5326167e-07
FL_2015_000155_NGA,0.21783884,2.4063186e-07,1.0032904,2.4142363e-07
FL_2009_000166_SDN,0.21754833,2.3744195e-07,1.0149262,2.4098605e-07
FL_2020_000164_IND,0.22124712,2.810453e-07,0.85554564,2.4044706e-07
FL_2011_000045_GTM,0.21757454,2.3772819e-07,1.0046091,2.388239e-07
FL_2008_000096_BGD,0.2225222,2.976689e-07,0.7924806,2.3589682e-07
FL_2010_000139_SDN,0.21852529,2.4832306e-07,0.946711,2.3509017e-07
FL_2008_000125_SDN,0.21818665,2.445016e-07,0.95544803,2.3360856e-07
FL_2012_000192_COD,0.212634,1.8894136e-07,1.2170868,2.2995803e-07
FL_2001_000095_HUN,0.2180794,2.4330245e-07,0.93259764,2.269033e-07
FL_2001_000079_ROM,0.2180794,2.4330245e-07,0.93259764,2.269033e-07
FL_2001_000096_UKR,0.2180794,2.4330245e-07,0.93259764,2.269033e-07
FL_2010_000161_MYS,0.21969038,2.618849e-07,0.8439323,2.2101312e-07
FL_2002_000265_KEN,0.22794895,3.7877032e-07,0.5834132,2.209796e-07
FL_2022_000277_SDN,0.21465373,2.0767509e-07,1.0500658,2.180725e-07
FL_2021_000061_MYS,0.21307348,1.92883e-07,1.106576,2.1343969e-07
FL_2009_000208_AZE,0.21217115,1.8486868e-07,1.1386976,2.1050953e-07
FF_2012_000196_COG,0.21268253,1.8937305e-07,1.0918584,2.0676856e-07
FF_2019_000018_AFG,0.21571967,2.1822147e-07,0.90900874,1.9836523e-07
FL_2007_000165_BEN,0.2115936,1.7989754e-07,1.0376525,1.8667113e-07
FL_2017_000012_MOZ,0.21087429,1.7387467e-07,0.99214303,1.7250854e-07
FL_2022_000213_IND,0.21130474,1.7745668e-07,0.96600187,1.714235e-07
FL_2020_000176_SDN,0.21485703,2.0965037e-07,0.8040923,1.6857824e-07
FL_2012_000128_SSD,0.21408918,2.0227736e-07,0.8324884,1.6839356e-07
FF_2020_000153_BIH,0.20951074,1.6295323e-07,1.0280457,1.6752335e-07
FL_2019_000131_CIV,0.20838447,1.544022e-07,1.0697787,1.6517619e-07
FL_2007_000149_CMR,0.20598936,1.3754598e-07,1.1851393,1.6301115e-07
FL_2009_000267_SRB,0.20772451,1.4958135e-07,1.06322,1.590379e-07
FL_2011_000115_KEN,0.21756251,2.3759682e-07,0.6690093,1.5895449e-07
FL_2011_000091_BEN,0.21249661,1.877241e-07,0.83375144,1.5651524e-07
FL_1997_000164_BGD,0.21180198,1.8167705e-07,0.859954,1.5623391e-07
FL_1995_000012_PHL,0.20801754,1.5170491e-07,1.0063225,1.5266407e-07
FL_2017_000174_ALB,0.21568856,2.1790693e-07,0.6938164,1.5118741e-07
FL_2009_000226_PRY,0.20908633,1.5968214e-07,0.94584394,1.5103438e-07
FL_2009_000176_MLI,0.20473674,1.2940701e-07,1.1651717,1.5078139e-07
FL_2016_000050_LKA,0.21227334,1.8576104e-07,0.76472735,1.4205655e-07
FL_2009_000216_ITA,0.20490104,1.3044927e-07,1.0874451,1.4185642e-07
FL_2001_000417_SDN,0.20740955,1.4732872e-07,0.95693856,1.4098454e-07
FL_2008_000155_CHL,0.20752585,1.4815694e-07,0.92491335,1.3703233e-07
FL_2009_000247_MYS,0.2079269,1.5104514e-07,0.89669496,1.3544141e-07
FL_2008_000091_SOM,0.20584019,1.3655313e-07,0.9762243,1.3330649e-07
FL_2006_000047_COD,0.20964971,1.6403733e-07,0.8044205,1.3195499e-07
FL_2019_000181_IDN,0.2008911,1.07055044e-07,1.2055154,1.290565e-07
FL_2011_000196_IDN,0.20189692,1.1253742e-07,1.1056848,1.2443091e-07
FL_2017_000054_BFA,0.20494354,1.3072007e-07,0.9450916,1.2354243e-07
FL_2015_000024_ARG,0.21043873,1.7031648e-07,0.7008421,1.1936496e-07
FL_2007_000106_IDN,0.20168741,1.11375044e-07,1.0456324,1.1645735e-07
FL_2011_000032_THA,0.20574129,1.3589845e-07,0.82941866,1.12716705e-07
FL_2015_000171_PRY,0.20375767,1.2335016e-07,0.87393427,1.07799934e-07
FL_2008_000231_PAN,0.20258094,1.1640882e-07,0.87733245,1.02129235e-07
FL_2013_000081_PRK,0.19892022,9.700393e-08,1.0437049,1.0124347e-07
FL_2007_000155_ROM,0.19747998,9.020502e-08,1.0933864,9.8628945e-08
FL_2007_000126_PRK,0.19712964,8.861745e-08,1.1074138,9.8136184e-08
FL_2019_000100_MLI,0.1961442,8.428583e-08,1.1433958,9.637206e-08
FL_2018_000124_MMR,0.2021244,1.1381185e-07,0.8447746,9.6145364e-08
FL_2015_000113_PRK,0.1995152,9.994469e-08,0.9577533,9.5722356e-08
FL_2010_000119_PAN,0.19992399,1.02011505e-07,0.9352753,9.540884e-08
FL_2016_000084_PHL,0.19979799,1.0137039e-07,0.9382311,9.510885e-08
FF_2021_000032_TLS,0.1996979,1.008637e-07,0.9377379,9.458371e-08
FL_2010_000195_MLI,0.19919965,9.83752e-08,0.9309933,9.158666e-08
TC_2011_000159_MEX,0.19814691,9.329815e-08,0.9568239,8.9269896e-08
FL_2017_000002_MYS,0.1947324,7.841192e-08,1.103476,8.652568e-08
FL_2014_000123_SSD,0.19408095,7.5827906e-08,1.1333508,8.593962e-08
FL_2007_000011_ZMB,0.19055599,6.312858e-08,1.355484,8.556978e-08
FL_2013_000008_MOZ,0.1963523,8.518438e-08,0.9977679,8.499424e-08
FL_2000_000583_LAO,0.19828099,9.39314e-08,0.8965888,8.421784e-08
FL_2009_000198_BEN,0.19332045,7.290848e-08,1.1156929,8.1343465e-08
FL_2011_000129_MLI,0.19378385,7.467509e-08,1.0781684,8.051232e-08
FL_2021_000078_GTM,0.19718125,8.884976e-08,0.89551735,7.9566504e-08
FL_2010_000242_AGO,0.19324678,7.263111e-08,1.0821137,7.859512e-08
FL_1999_000233_SVK,0.19755183,9.053377e-08,0.8194021,7.418356e-08
FL_2018_000077_CIV,0.19277994,7.089547e-08,1.0218611,7.244532e-08
FL_2003_000316_IND,0.19569507,8.237566e-08,0.86255586,7.1053606e-08
FL_2008_000054_THA,0.19271171,7.0644944e-08,1.0051433,7.1008294e-08
FL_2006_000001_IDN,0.1957484,8.260043e-08,0.8520187,7.037711e-08
FL_2008_000086_MEX,0.1924632,6.973922e-08,1.005329,7.0110865e-08
FL_2009_000135_MEX,0.19356215,7.3825156e-08,0.91321385,6.7418156e-08
FL_2008_000250_THA,0.19494009,7.925225e-08,0.84303343,6.68123e-08
FF_2019_000054_YEM,0.18847725,5.657041e-08,1.1422937,6.4620025e-08
FL_2010_000089_AZE,0.18773158,5.4371753e-08,1.1526934,6.267396e-08
FF_2012_000101_GAB,0.18661053,5.12108e-08,1.2092581,6.1927075e-08
FL_2010_000118_GHA,0.19437996,7.7004266e-08,0.80361235,6.188158e-08
FF_2012_000102_PHL,0.18944651,5.9547848e-08,1.0253856,6.105951e-08
FL_2008_000191_SLV,0.19109318,6.493096e-08,0.93228245,6.053399e-08
FL_2014_000073_RUS,0.1912519,6.5472314e-08,0.9137501,5.982533e-08
FF_2008_000186_COD,0.19175628,6.72196e-08,0.88614297,5.956618e-08
FL_2021_000091_PHL,0.1878885,5.4827957e-08,1.0302424,5.6486087e-08
FL_2002_000510_MEX,0.18821694,5.5793947e-08,0.9863962,5.503494e-08
FL_2016_000137_ARG,0.19095924,6.4477305e-08,0.8106816,5.2270565e-08
FL_2013_000055_UGA,0.18617535,5.0028987e-08,1.0139558,5.0727184e-08
FL_2021_000001_MYS,0.18701635,5.2335434e-08,0.96922505,5.0724815e-08
FL_2001_000082_ZWE,0.18522485,4.7532694e-08,1.0636554,5.0558405e-08
FL_2021_000204_BRA,0.18831849,5.609571e-08,0.9008019,5.0531124e-08
FL_2008_000154_MEX,0.18776336,5.446388e-08,0.917053,4.9946262e-08
FF_2020_000138_TJK,0.18175319,3.9338733e-08,1.2566506,4.943504e-08
FF_2010_000094_HUN,0.18685128,5.187531e-08,0.9261664,4.804517e-08
FL_2007_000107_TLS,0.18765458,5.414917e-08,0.8830243,4.7815032e-08
FL_2013_000101_LAO,0.18443844,4.555272e-08,1.028595,4.68553e-08
FL_2015_000169_KEN,0.19403791,7.565994e-08,0.5584638,4.225334e-08
FL_2002_000732_IDN,0.17938958,3.4512162e-08,1.2192261,4.207813e-08
FL_2021_000173_IDN,0.18205237,3.999111e-08,1.0521748,4.207764e-08
FL_2005_000098_BGR,0.18265574,4.133645e-08,1.0094669,4.1727777e-08
FL_2008_000102_CIV,0.18297637,4.2067814e-08,0.96661395,4.0663338e-08
FL_2021_000038_KEN,0.1944973,7.74704e-08,0.5224405,4.0473676e-08
FF_2012_000148_PAK,0.18313237,4.2427853e-08,0.9385645,3.9821277e-08
FL_2015_000027_CHL,0.18169048,3.920323e-08,1.0118141,3.9666382e-08
FL_2009_000218_KEN,0.19170913,6.705451e-08,0.59102803,3.9631093e-08
FL_1997_000166_ROM,0.17855795,3.2945177e-08,1.1558106,3.8078387e-08
FL_2005_000065_GEO,0.176522,2.9375714e-08,1.2795862,3.758876e-08
FL_2011_000120_SDN,0.18243578,4.084136e-08,0.9105041,3.7186226e-08
FL_2000_000741_LKA,0.18530884,4.7748692e-08,0.773201,3.6919335e-08
FL_2003_000212_AZE,0.1771758,3.048205e-08,1.1940184,3.6396127e-08
FL_2008_000166_GTM,0.17972314,3.515929e-08,1.0086226,3.5462456e-08
FL_2004_000020_KEN,0.18690017,5.2011206e-08,0.6696443,3.4829007e-08
FL_2020_000011_MOZ,0.17937148,3.4477345e-08,1.0001408,3.44822e-08
FL_2017_000079_TJK,0.18377301,4.3935675e-08,0.7689459,3.3784154e-08
FL_2008_000217_KEN,0.19021156,6.1996786e-08,0.5391872,3.3427874e-08
FL_2008_000205_IDN,0.17767131,3.134535e-08,1.0573292,3.3142353e-08
FF_2006_000046_KEN,0.1898866,6.0945716e-08,0.52667356,3.2098498e-08
FL_2017_000137_SSD,0.18186982,3.9591903e-08,0.8092389,3.203931e-08
FL_2010_000062_COD,0.17696185,3.0115952e-08,1.0634322,3.2026275e-08
FL_2016_000097_PRK,0.1780882,3.2088657e-08,0.9695194,3.1110574e-08
FL_2014_000115_NER,0.17542627,2.7602372e-08,1.0887775,3.0052842e-08
FL_2016_000124_COD,0.17414515,2.5651559e-08,1.1470273,2.9423038e-08
FL_2015_000055_TJK,0.18015508,3.601349e-08,0.81340253,2.9293464e-08
FL_2011_000007_ZAF,0.170059,2.023001e-08,1.3993707,2.8309282e-08
FL_2020_000237_LKA,0.17741366,3.089374e-08,0.88817585,2.7439075e-08
FL_2016_000081_GTM,0.17604569,2.8592614e-08,0.91829944,2.6256581e-08
FL_2008_000201_YEM,0.17268813,2.3584397e-08,1.1001676,2.594679e-08
FL_2011_000123_RUS,0.17335421,2.4510033e-08,1.0392642,2.54724e-08
FL_2003_000531_IDN,0.17601785,2.8547438e-08,0.8888034,2.537306e-08
FL_2014_000098_SDN,0.17438453,2.6006365e-08,0.9721936,2.528322e-08
FL_2023_000001_COG,0.17270935,2.3613392e-08,1.0488539,2.4766997e-08
FL_2012_000063_RUS,0.17294604,2.3939005e-08,1.0289865,2.4632913e-08
FL_2000_000438_KHM,0.17390892,2.5305711e-08,0.9718846,2.459423e-08
FL_1991_000010_PHL,0.17251308,2.3346423e-08,1.050417,2.4523478e-08
FF_2007_000100_MLI,0.17185059,2.2465201e-08,1.0798652,2.425939e-08
FL_2022_000333_THA,0.17498963,2.6922974e-08,0.89931613,2.4212264e-08
FL_2012_000098_GTM,0.17331994,2.4461619e-08,0.98310935,2.4048447e-08
FL_2019_000118_SEN,0.17350668,2.4726459e-08,0.9711181,2.4012312e-08
FL_2013_000103_YEM,0.17021742,2.0419268e-08,1.1663833,2.3816693e-08
FL_2010_000239_MNE,0.17570022,2.8036448e-08,0.84615743,2.372325e-08
FL_2001_000571_PRK,0.17502509,2.6977588e-08,0.87738776,2.3669806e-08
FL_2021_000055_TJK,0.17552942,2.7765097e-08,0.825911,2.2931498e-08
FL_2006_000071_ROM,0.16738473,1.7264671e-08,1.2870384,2.2220297e-08
SS_2007_000063_MDV,0.17104094,2.1428939e-08,1.0247972,2.1960316e-08
FL_2009_000251_SAU,0.17278427,2.371603e-08,0.91587317,2.1720876e-08
FL_2019_000047_GEO,0.16730313,1.7180692e-08,1.2642314,2.1720371e-08
FL_2006_000131_BGD,0.17408037,2.5556306e-08,0.8419142,2.1516216e-08
FL_2004_000052_JPN,0.16917226,1.9199566e-08,1.1200845,2.1505137e-08
FL_2016_000042_KEN,0.18036059,3.642641e-08,0.5821792,2.1206699e-08
FL_2018_000165_CRI,0.169562,1.9646501e-08,1.0720007,2.1061064e-08
FL_2009_000034_MAR,0.16865371,1.8619115e-08,1.1234176,2.0917042e-08
FL_2007_000227_ZWE,0.16305287,1.3282643e-08,1.5,1.9923965e-08
FL_2022_000348_CRI,0.1735552,2.4795689e-08,0.7649394,1.89672e-08
FL_2005_000208_BIH,0.16777894,1.767561e-08,1.0600388,1.8736833e-08
FF_2008_000202_MAR,0.16624245,1.6122016e-08,1.1602039,1.8704826e-08
FL_2017_000088_SDN,0.1704261,2.067098e-08,0.8840997,1.8275207e-08
FL_2007_000022_ARG,0.17204565,2.2721496e-08,0.80397713,1.8267563e-08
FL_2013_000125_BFA,0.16996095,2.0113673e-08,0.8623751,1.734553e-08
FL_2008_000069_CHL,0.16639933,1.6274802e-08,1.0577908,1.7215335e-08
FL_2013_000006_IDN,0.16994336,2.0092875e-08,0.8192564,1.6461216e-08
FL_1997_000337_IND,0.16905344,1.906514e-08,0.86182904,1.6430892e-08
FL_2012_000110_IND,0.16782334,1.7722448e-08,0.9083701,1.6098541e-08
FF_2020_000158_SRB,0.16644788,1.6322348e-08,0.95050156,1.5514416e-08
FL_1999_000253_PHL,0.1665141,1.6387402e-08,0.9431247,1.5455363e-08
FL_2020_000195_CMR,0.16229895,1.2681103e-08,1.2090423,1.533199e-08
FL_2014_000014_SYC,0.16607948,1.596466e-08,0.90668464,1.4474913e-08
FL_1998_000392_IND,0.16485539,1.48262576e-08,0.9175663,1.3604074e-08
FL_2007_000138_UGA,0.16300678,1.3245146e-08,0.97131336,1.2865187e-08
FL_2003_000080_ARG,0.164405,1.4426146e-08,0.88016725,1.2697421e-08
FL_1998_000219_KOR,0.16049471,1.1339851e-08,1.085666,1.231129e-08
FL_2016_000025_SRB,0.1609931,1.1696949e-08,1.0363306,1.2121906e-08
FL_2010_000259_AUS,0.16361426,1.3747112e-08,0.8544154,1.1745744e-08
FL_2003_000647_TLS,0.16333213,1.3511898e-08,0.8652221,1.1690793e-08
TC_2012_000008_MOZ,0.15959688,1.0721211e-08,1.081325,1.1593114e-08
FL_2022_000275_UGA,0.1587803,1.0185125e-08,1.1361818,1.1572154e-08
FL_2009_000179_LBR,0.16023254,1.1155969e-08,1.0257913,1.1443696e-08
FL_2015_000068_BGD,0.16442162,1.4440731e-08,0.7923522,1.1442145e-08
FL_2014_000159_MAR,0.1626907,1.2990541e-08,0.85551894,1.1113654e-08
FL_2009_000121_CZE,0.1580693,9.738122e-09,1.1103127,1.0812361e-08
FL_2006_000041_SRB,0.15660104,8.870466e-09,1.1867853,1.0527339e-08
FL_1997_000199_BEN,0.15875149,1.0166654e-08,1.0096018,1.0264273e-08
FL_2020_000192_TCD,0.16007248,1.1045023e-08,0.9044446,9.989611e-09
FL_2014_000070_LKA,0.16288683,1.3147999e-08,0.7469382,9.820743e-09
FL_2022_000331_SLV,0.15790896,9.639794e-09,1.0174155,9.807676e-09
TC_2011_000157_SLV,0.15715122,9.187083e-09,1.0373242,9.529984e-09
FL_2007_000231_BOL,0.15974519,1.0821259e-08,0.84257853,9.117761e-09
FL_2006_000027_IDN,0.15580995,8.432416e-09,1.0453769,8.815053e-09
FL_2009_000039_CRI,0.16166995,1.2198128e-08,0.7226063,8.814444e-09
FL_1993_000013_PHL,0.15646976,8.796385e-09,0.99634016,8.764191e-09
FL_2014_000154_IDN,0.15474667,7.874319e-09,1.0975909,8.642781e-09
FL_2009_000245_SRB,0.15628508,8.6931085e-09,0.99212706,8.624668e-09
FL_2006_000121_MKD,0.15505143,8.030778e-09,1.061662,8.525971e-09
TC_2012_000159_PRK,0.15742177,9.346475e-09,0.8818525,8.242212e-09
FL_2014_000054_TJK,0.15955743,1.0694744e-08,0.7691334,8.225684e-09
FL_2016_000061_RUS,0.15449795,7.748671e-09,1.0524762,8.1552916e-09
FL_2019_000138_KEN,0.16293722,1.31887345e-08,0.6025003,7.946217e-09
FL_2009_000089_BRA,0.15200642,6.5859624e-09,1.1619577,7.65261e-09
FL_2021_000126_MYS,0.15154481,6.388673e-09,1.197108,7.647932e-09
FL_2012_000174_BEN,0.15281025,6.9426416e-09,1.0672312,7.4094038e-09
FL_2002_000782_MKD,0.15469405,7.847587e-09,0.93774056,7.359e-09
FL_2007_000057_URY,0.15278135,6.9295254e-09,1.0575228,7.328131e-09
FL_2004_000044_BGD,0.15621571,8.654602e-09,0.84603834,7.3221256e-09
FL_1999_000229_TJK,0.15588477,8.472995e-09,0.8343607,7.069534e-09
FL_2019_000081_MMR,0.15593415,8.499875e-09,0.8171662,6.94581e-09
FL_2007_000035_AFG,0.15008444,5.799046e-09,1.1958965,6.935059e-09
FL_2002_000500_IRN,0.14889494,5.3554907e-09,1.278652,6.8478085e-09
FL_2011_000096_PRK,0.15247461,6.7916512e-09,0.96908927,6.5817165e-09
FL_2009_000190_TUR,0.1507234,6.050716e-09,1.0608367,6.4188215e-09
FL_2015_000065_GHA,0.1513036,6.2877135e-09,0.9907452,6.229522e-09
FL_2002_000402_BGD,0.15293962,7.0016437e-09,0.8833586,6.1849623e-09
FL_2022_000217_BGD,0.15404199,7.523003e-09,0.80453485,6.052518e-09
FL_2007_000176_CRI,0.15240896,6.7624635e-09,0.88388675,5.977252e-09
FF_2007_000083_IND,0.1511805,6.2367445e-09,0.9571735,5.9696466e-09
FL_2005_000110_BIH,0.15126172,6.270328e-09,0.93885887,5.8869527e-09
FL_2016_000071_LBR,0.15036131,5.9069207e-09,0.9491206,5.6063802e-09
FL_2004_000115_PAN,0.15108694,6.198253e-09,0.894966,5.547226e-09
FL_2001_000320_TLS,0.14946894,5.56557e-09,0.99220395,5.5221805e-09
TO_2011_000039_USA,0.14916795,5.4545053e-09,0.97962135,5.3433498e-09
FL_2017_000052_RUS,0.15104897,6.1826944e-09,0.8610314,5.323494e-09
FL_2021_000153_UGA,0.1480921,5.0736335e-09,1.0423477,5.28849e-09
FL_2021_000097_BGD,0.14635257,4.508205e-09,1.1604936,5.231743e-09
FL_2005_000090_TJK,0.15113832,6.2193632e-09,0.83287585,5.1799574e-09
FL_2003_000273_TJK,0.15241912,6.766974e-09,0.7554043,5.111801e-09
FF_2015_000115_MKD,0.14636062,4.5106843e-09,1.1142651,5.026098e-09
MS_2011_000110_UGA,0.14846429,5.202596e-09,0.9127906,4.748881e-09
FL_2022_000362_LCA,0.14728552,4.8039728e-09,0.982103,4.717996e-09
FL_2009_000172_BFA,0.14762056,4.914377e-09,0.9374597,4.6070303e-09
FL_2012_000126_PAN,0.14929833,5.5023643e-09,0.7441355,4.0945047e-09
FL_2022_000376_COD,0.14679849,4.647463e-09,0.8787944,4.084164e-09
FL_2021_000092_CRI,0.14836597,5.1682454e-09,0.7805551,4.0341006e-09
FL_2009_000032_SLB,0.14482135,4.0581285e-09,0.98938084,4.0150345e-09
FL_2014_000079_PHL,0.14328969,3.6487935e-09,1.0664498,3.891255e-09
FL_2013_000104_MLI,0.14508158,4.1316426e-09,0.93843246,3.8772674e-09
FL_1999_000349_SLV,0.14469874,4.0239025e-09,0.9274605,3.7320107e-09
FL_2016_000075_BGD,0.14495718,4.096354e-09,0.8735163,3.578232e-09
FL_2011_000108_SEN,0.14210361,3.3577718e-09,1.0198193,3.4243204e-09
FL_2019_000120_PHL,0.1435002,3.702754e-09,0.90582573,3.35405e-09
FL_2017_000057_LKA,0.1449346,4.0899746e-09,0.8156903,3.3361525e-09
FL_1997_000255_KEN,0.14708799,4.7399324e-09,0.66929346,3.172406e-09
FL_2007_000194_GTM,0.14187665,3.3045273e-09,0.94169015,3.1118408e-09
FL_2012_000043_KGZ,0.13812941,2.5284925e-09,1.2305489,3.1114336e-09
FL_2015_000092_BRA,0.13942748,2.7764118e-09,1.1129794,3.090089e-09
FL_2007_000068_COL,0.1458203,4.3469037e-09,0.70530576,3.0658962e-09
FL_2011_000084_IND,0.1406248,3.0242617e-09,0.99737155,3.0163125e-09
FL_2000_000806_FJI,0.13918974,2.7294307e-09,1.0938486,2.985584e-09
FL_1998_000255_TUR,0.14082249,3.0670442e-09,0.95880497,2.9406972e-09
FL_2006_000010_BOL,0.14189659,3.309174e-09,0.8803898,2.913363e-09
FF_2008_000092_KEN,0.14492139,4.0862504e-09,0.7032348,2.8735936e-09
FL_2009_000123_BGD,0.14059684,3.018252e-09,0.94990134,2.8670417e-09
FL_2014_000162_LKA,0.14296457,3.5668453e-09,0.7992548,2.850818e-09
FL_2020_000052_COD,0.13776323,2.4622562e-09,1.1500152,2.831632e-09
FL_2018_000154_GHA,0.13987303,2.8664195e-09,0.93809277,2.6889675e-09
FL_2019_000094_GTM,0.13992344,2.876767e-09,0.9264836,2.6652773e-09
FL_1997_000140_AZE,0.13731189,2.3827664e-09,1.1160868,2.6593743e-09
FL_2019_000052_SRB,0.13971153,2.833495e-09,0.8863983,2.5116051e-09
FL_2009_000237_THA,0.13755652,2.4255593e-09,1.0297649,2.4977558e-09
FL_2010_000072_RUS,0.1399348,2.8791023e-09,0.8621805,2.4823057e-09
FF_2005_000072_TJK,0.13835314,2.5697457e-09,0.89749646,2.3063378e-09
FL_2009_000044_BIH,0.1379858,2.5023257e-09,0.9182258,2.2977e-09
FL_1999_000315_GHA,0.13420239,1.8949708e-09,1.1662382,2.2099873e-09
FL_2013_000004_KEN,0.13985774,2.863288e-09,0.7427557,2.1267235e-09
FL_2007_000040_HTI,0.13557842,2.0984847e-09,0.9546326,2.003282e-09
FL_1998_000359_UKR,0.13419645,1.8941315e-09,1.056951,2.0020043e-09
FL_1997_000177_MMR,0.13706839,2.3408475e-09,0.8550848,2.001623e-09
FL_2017_000095_GHA,0.13482714,1.9850577e-09,0.9967736,1.978653e-09
FL_2002_000482_RUS,0.13625501,2.2055902e-09,0.8669986,1.9122437e-09
FL_2020_000190_NER,0.13332586,1.7747775e-09,1.0346302,1.8362384e-09
FL_2008_000191_CRI,0.1342559,1.9025401e-09,0.9618627,1.8299824e-09
FL_2010_000225_PAN,0.13459663,1.9513802e-09,0.9338839,1.8223625e-09
FL_2000_000299_GTM,0.13390303,1.8531217e-09,0.95779145,1.7749041e-09
FL_2009_000170_MRT,0.13157518,1.5550337e-09,1.0719237,1.6668775e-09
FL_2013_000123_CMR,0.13124819,1.5168172e-09,1.080451,1.6388467e-09
FF_2012_000062_KEN,0.13912724,2.7172005e-09,0.5640347,1.5325954e-09
FL_1997_000301_UGA,0.13135704,1.5294443e-09,0.98390895,1.504834e-09
FL_1998_000179_RUS,0.13162737,1.561212e-09,0.9447682,1.4749835e-09
FL_2015_000145_SOM,0.13074137,1.4592524e-09,1.0056804,1.4675415e-09
FL_1999_000161_LKA,0.13423558,1.8996618e-09,0.7481682,1.4212664e-09
FL_2016_000044_CHN,0.13448,1.9345368e-09,0.72747153,1.4073204e-09
FL_1999_000235_IRN,0.12970749,1.3478775e-09,0.9705135,1.3081333e-09
FL_2012_000140_MMR,0.13040665,1.42232e-09,0.82945573,1.1797515e-09
FF_2006_000022_TLS,0.1279427,1.175317e-09,0.9748905,1.1458053e-09
FL_2022_000349_CMR,0.12639643,1.0407541e-09,1.0965761,1.1412661e-09
FL_2010_000196_LKA,0.12978336,1.355783e-09,0.8230391,1.1158625e-09
FL_2017_000130_GTM,0.1272363,1.1120147e-09,0.9596784,1.0671765e-09
FL_2010_000150_MEX,0.12775014,1.1577478e-09,0.91553116,1.0599541e-09
FL_2017_000160_HND,0.121609315,7.074055e-10,1.4405046,1.0190209e-09
FL_2016_000058_MMR,0.12894945,1.2711444e-09,0.79186094,1.0065696e-09
FL_2006_000023_DZA,0.12989315,1.3672963e-09,0.7316978,1.0004477e-09
FL_2014_000155_HTI,0.12665513,1.0622528e-09,0.8725172,9.268339e-10
FL_2022_000290_SEN,0.12465593,9.060027e-10,1.0176592,9.22002e-10
FF_2008_000178_DZA,0.12807187,1.1872376e-09,0.76485074,9.0805957e-10
FL_2003_000027_TUN,0.12401882,8.6074775e-10,1.0460396,9.003762e-10
FL_2020_000050_AFG,0.12575546,9.891644e-10,0.8957996,8.860931e-10
FL_2010_000107_PHL,0.123365596,8.164707e-10,1.0790324,8.809984e-10
FL_1998_000165_CHN,0.12439169,8.869797e-10,0.9735208,8.634932e-10
FL_2014_000038_ZAF,0.12355444,8.290553e-10,1.030045,8.5396434e-10
FL_2019_000084_IND,0.12434261,8.8348645e-10,0.8934423,7.8934415e-10
FL_2020_000172_MMR,0.12527445,9.519738e-10,0.81048506,7.715606e-10
FL_2017_000149_TGO,0.12209752,7.363232e-10,1.0181794,7.4970913e-10
FF_2020_000221_SOM,0.120028466,6.20644e-10,1.1831666,7.3432527e-10
FL_2014_000030_PRY,0.12249076,7.603848e-10,0.95569146,7.2669326e-10
FL_2019_000162_MYS,0.12375655,8.427174e-10,0.85798526,7.2303913e-10
FL_2008_000191_HND,0.117869996,5.1764576e-10,1.3196734,6.8312334e-10
FF_2020_000240_ZMB,0.117790915,5.141833e-10,1.3277926,6.827288e-10
FL_2014_000005_IDN,0.118308455,5.37227e-10,1.2218149,6.5639194e-10
FL_2022_000254_PAK,0.12184431,7.211945e-10,0.89502174,6.454847e-10
FF_2009_000069_IDN,0.12126635,6.877064e-10,0.89201427,6.134439e-10
FL_2008_000207_SDN,0.12048241,6.4451994e-10,0.9403009,6.0604266e-10
FL_2006_000120_BFA,0.12036486,6.382593e-10,0.9378729,5.9860605e-10
FL_2005_000111_ROM,0.11856679,5.490736e-10,1.0894027,5.981623e-10
FL_2020_000202_GIN,0.11855658,5.486011e-10,1.0869398,5.962964e-10
FL_2008_000051_LKA,0.12285446,7.832658e-10,0.7549613,5.9133537e-10
FL_2002_000734_MAR,0.11903517,5.711536e-10,1.0275455,5.868863e-10
FL_2019_000135_GHA,0.11723836,4.905658e-10,1.134764,5.566764e-10
FL_1997_000299_PRY,0.11832609,5.3802834e-10,1.0116756,5.4431015e-10
FF_2008_000123_PAK,0.119898014,6.1393146e-10,0.8372723,5.140278e-10
FL_2017_000083_GIN,0.11608122,4.4424214e-10,1.0913374,4.848181e-10
FL_2010_000102_CRI,0.11670129,4.685507e-10,1.0181494,4.770546e-10
FL_2010_000031_PRT,0.11616385,4.474144e-10,1.0398401,4.6523946e-10
FL_2008_000103_SLV,0.11731877,4.93941e-10,0.9413668,4.6497967e-10
FL_2007_000144_LBR,0.1172512,4.9110355e-10,0.9315804,4.5750245e-10
FL_2009_000140_MNG,0.11738126,4.965782e-10,0.91512454,4.544309e-10
FL_2022_000286_MRT,0.11730073,4.931818e-10,0.9100722,4.4883103e-10
FL_2002_000296_PRY,0.11622074,4.4961052e-10,0.99445015,4.4711523e-10
FL_2011_000061_DOM,0.117568955,5.04576e-10,0.85372484,4.3076906e-10
FL_2007_000181_HTI,0.116216734,4.4945547e-10,0.95558167,4.2949141e-10
FL_2013_000108_SSD,0.1151357,4.0935494e-10,1.0398287,4.25659e-10
FL_2011_000187_COD,0.113767646,3.6323503e-10,1.1714873,4.2552523e-10
FL_2010_000019_MEX,0.115226686,4.1260143e-10,1.0306172,4.2523415e-10
FL_2005_000132_MKD,0.11486226,3.9973638e-10,1.0145998,4.0557246e-10
FL_2010_000075_TJK,0.11790786,5.1931104e-10,0.76079047,3.9508688e-10
FL_2005_000171_SLV,0.115068406,4.0696865e-10,0.925249,3.7654732e-10
FL_2009_000203_USA,0.113844045,3.6568165e-10,0.9838989,3.5979378e-10
FL_2002_000322_CHL,0.111466594,2.9610608e-10,1.1981304,3.5477368e-10
LS_2015_000135_LKA,0.11649473,4.6032314e-10,0.75283194,3.4654596e-10
FL_2007_000189_NIC,0.11219792,3.1611716e-10,1.0768983,3.4042605e-10
FL_2005_000048_AFG,0.114944056,4.0259202e-10,0.82380277,3.3165642e-10
FL_2020_000128_KEN,0.1160322,4.4236953e-10,0.67781544,2.998449e-10
FL_2001_000314_GHA,0.11183508,3.0604158e-10,0.9691801,2.966094e-10
FL_2009_000239_BRA,0.10914264,2.3985264e-10,1.1948984,2.8659952e-10
FL_2013_000030_COL,0.114991546,4.0425846e-10,0.6616169,2.6746425e-10
FL_2022_000382_ZAF,0.11014484,2.6280977e-10,1.0093911,2.6527783e-10
FL_2004_000094_CHN,0.113004506,3.395921e-10,0.7506499,2.5491478e-10
FL_2000_000770_IDN,0.109956786,2.5835709e-10,0.9501972,2.4549018e-10
FF_2021_000198_COG,0.10760466,2.0811855e-10,1.1649239,2.4244226e-10
FL_2013_000145_COL,0.11337669,3.50944e-10,0.66874725,2.3469282e-10
FL_2015_000017_PAK,0.10945312,2.4676378e-10,0.8931371,2.2039388e-10
FL_2002_000110_BOL,0.10945544,2.4681604e-10,0.88853043,2.1930356e-10
FL_2016_000102_SEN,0.10940589,2.4570107e-10,0.8914306,2.1902545e-10
FL_2017_000110_MLI,0.110411316,2.692377e-10,0.81302345,2.1889655e-10
FL_2019_000171_LKA,0.11007178,2.6107172e-10,0.82250226,2.1473208e-10
FL_2008_000170_DOM,0.10802411,2.16375e-10,0.9912509,2.144819e-10
FL_2020_000198_SEN,0.107395574,2.041098e-10,0.9830738,2.0065499e-10
FL_2011_000020_BOL,0.10907673,2.3840818e-10,0.8232307,1.9626493e-10
FL_2012_000050_AFG,0.10649453,1.8761738e-10,1.0171037,1.9082633e-10
FL_2005_000176_BGD,0.10521464,1.6625004e-10,1.1164542,1.8561057e-10
FL_2013_000095_PHL,0.1073991,2.0417679e-10,0.88946986,1.816091e-10
FL_2016_000085_MLI,0.10756517,2.0735608e-10,0.87438965,1.8131001e-10
FL_2018_000425_LKA,0.10797252,2.1534376e-10,0.82418966,1.774841e-10
FF_2013_000113_ROM,0.10480606,1.5990567e-10,1.0839274,1.7332615e-10
FL_2015_000176_BDI,0.10469698,1.5824923e-10,1.0790763,1.70763e-10
FL_2000_000617_BGD,0.10589457,1.7731155e-10,0.88734907,1.5733724e-10
FL_2020_000213_LAO,0.10597643,1.78687e-10,0.855379,1.528451e-10
FL_2016_000122_SRB,0.10408516,1.4924104e-10,0.9647123,1.4397467e-10
FL_2005_000081_CHN,0.10533871,1.6822087e-10,0.83118075,1.3982195e-10
FL_2021_000152_GEO,0.100747935,1.07736174e-10,1.2502741,1.3469974e-10
FL_2007_000012_BOL,0.103839025,1.4574915e-10,0.8538374,1.2444606e-10
TC_2012_000125_PHL,0.10300773,1.3449249e-10,0.924693,1.2436426e-10
FL_2019_000058_TJK,0.10388103,1.4633983e-10,0.8381325,1.2265217e-10
FF_2009_000229_SOM,0.10264524,1.2983392e-10,0.9339344,1.2125637e-10
FL_1998_000224_SVK,0.10221732,1.2452162e-10,0.96778595,1.2051027e-10
FL_2020_000175_GEO,0.09972657,9.729913e-11,1.1995999,1.1672002e-10
FL_1999_000324_HND,0.098101884,8.256072e-11,1.3918552,1.1491257e-10
FL_2021_000043_YEM,0.10058986,1.0605762e-10,0.99539846,1.05569595e-10
FL_2007_000221_KEN,0.10388271,1.4636344e-10,0.70068425,1.02554555e-10
FL_2004_000028_DOM,0.099414565,9.429749e-11,1.050075,9.9019445e-11
FL_2019_000011_IDN,0.09998451,9.984522e-11,0.957734,9.562516e-11
FL_2012_000051_TJK,0.1015705,1.1686271e-10,0.8079027,9.44137e-11
FL_2011_000067_PHL,0.09894888,8.997231e-11,1.0363014,9.3238424e-11
FF_2009_000159_PAK,0.09972268,9.7261185e-11,0.94542116,9.1952786e-11
FL_1998_000193_ROM,0.098493725,8.591829e-11,1.0221875,8.78246e-11
FL_2000_000130_BOL,0.09991919,9.9194854e-11,0.8691305,8.621327e-11
FL_2010_000245_MAR,0.0990669,9.1051194e-11,0.9379498,8.540145e-11
LS_2016_000051_IDN,0.09704564,7.40901e-11,1.0794344,7.99754e-11
FL_2007_000222_MYS,0.09836917,8.483796e-11,0.9374703,7.9533075e-11
FL_2020_000132_UGA,0.097455926,7.728274e-11,1.012349,7.823711e-11
FL_2001_000407_IDN,0.09753777,7.793423e-11,1.0004923,7.79726e-11
FL_2007_000127_MRT,0.097686425,7.913018e-11,0.96174216,7.610283e-11
FL_2008_000032_KAZ,0.097696185,7.920928e-11,0.8821106,6.9871345e-11
FL_2021_000051_SOM,0.09613942,6.745515e-11,0.995649,6.716165e-11
FL_2006_000058_TJK,0.09756588,7.815913e-11,0.8508277,6.649995e-11
FL_1999_000240_SRB,0.09562107,6.390518e-11,1.0200338,6.518545e-11
FL_2007_000217_SRB,0.09507709,6.0361334e-11,1.0599597,6.398058e-11
FL_2011_000002_BRA,0.09586119,6.552818e-11,0.93574166,6.131745e-11
FL_2022_000316_NER,0.094070226,5.426526e-11,1.1192575,6.07368e-11
FL_2015_000079_CRI,0.098614305,8.6975954e-11,0.69147646,6.014182e-11
FL_2018_000164_HND,0.092190996,4.4349125e-11,1.3438609,5.9599055e-11
FL_2007_000054_AFG,0.09756184,7.812679e-11,0.72601795,5.672145e-11
FL_2000_000444_IND,0.094056934,5.4188633e-11,1.0026885,5.4334322e-11
FL_1999_000437_KHM,0.09329386,4.9949444e-11,1.0803583,5.3963296e-11
FL_2012_000056_PRY,0.09402351,5.399638e-11,0.9356011,5.0519075e-11
FL_1999_000548_YEM,0.09210633,4.39435e-11,1.1413376,5.0154374e-11
FL_2011_000133_MEX,0.092838705,4.756535e-11,1.0335511,4.916122e-11
FL_2012_000054_HTI,0.09446452,5.658315e-11,0.84653383,4.7899552e-11
TC_2018_000167_SLV,0.0925049,4.588255e-11,1.0282456,4.717853e-11
FL_2008_000074_BFA,0.09309866,4.891414e-11,0.9383595,4.589905e-11
FL_2006_000192_IDN,0.09308346,4.8834343e-11,0.9356301,4.569088e-11
FL_2004_000022_AFG,0.09274429,4.7083837e-11,0.9457722,4.4530584e-11
FL_2005_000108_PAK,0.093760714,5.2506013e-11,0.81154615,4.2611054e-11
FL_2011_000181_VEN,0.09202758,4.3569252e-11,0.93425673,4.0704867e-11
FL_2012_000175_GMB,0.09146218,4.0965238e-11,0.9831503,4.0274985e-11
FL_2002_000478_PRK,0.090626314,3.7371727e-11,1.0752475,4.0183856e-11
FL_2006_000050_ARG,0.091582224,4.1506094e-11,0.9309695,3.8640906e-11
FL_2019_000079_BGD,0.091899514,4.2966717e-11,0.88309824,3.7943832e-11
TC_2018_000113_PHL,0.091281846,4.0164667e-11,0.94346464,3.789394e-11
FL_2019_000067_UGA,0.090315826,3.6110923e-11,1.0311035,3.7234098e-11
FL_2004_000055_TJK,0.09005736,3.50907e-11,0.9684126,3.3982275e-11
FL_2015_000088_IRN,0.08765474,2.6776515e-11,1.2218759,3.271758e-11
FF_2009_000246_LKA,0.09122054,3.989574e-11,0.80693686,3.2193342e-11
FL_2006_000065_TZA,0.09008503,3.519867e-11,0.9023961,3.176314e-11
FL_2009_000217_IND,0.08840842,2.9169982e-11,1.0815821,3.154973e-11
FL_2018_000105_BGD,0.089200824,3.189251e-11,0.9762802,3.1136024e-11
FL_2010_000014_SLB,0.08753244,2.640525e-11,1.1234686,2.9665468e-11
FL_2003_000481_HND,0.08528189,2.0350185e-11,1.3495917,2.7464442e-11
FL_2007_000086_PAN,0.088239565,2.8617626e-11,0.860484,2.4625009e-11
FL_2013_000023_ZMB,0.086768284,2.4188564e-11,1.0177026,2.4616763e-11
FL_2019_000062_SSD,0.08609626,2.2379106e-11,1.0089753,2.2579964e-11
FL_2009_000242_IRQ,0.08564189,2.1225723e-11,1.0499175,2.2285257e-11
FL_2012_000183_COL,0.08930345,3.2261332e-11,0.6690363,2.1584004e-11
FL_2021_000129_VEN,0.08525434,2.0284534e-11,1.0482249,2.1262755e-11
FL_2014_000008_BOL,0.08557998,2.107277e-11,1.0077136,2.1235316e-11
FL_2019_000030_IRQ,0.08603048,2.2208724e-11,0.8888458,1.9740131e-11
FL_2008_000089_IND,0.085947916,2.1996497e-11,0.84409976,1.8567238e-11
FL_2008_000010_BRA,0.08395629,1.7399316e-11,1.060112,1.8445225e-11
FL_2003_000028_BRA,0.08495426,1.958176e-11,0.9364486,1.833731e-11
FL_2013_000157_BRA,0.08454246,1.8653006e-11,0.9623033,1.794985e-11
FL_2009_000100_DOM,0.08543949,2.0729383e-11,0.86396134,1.7909386e-11
FL_2011_000059_CHN,0.08706273,2.502205e-11,0.6954059,1.7400482e-11
FL_1998_000112_TZA,0.08506645,1.9841899e-11,0.8381443,1.6630374e-11
FL_2016_000026_PNG,0.08356288,1.6600991e-11,0.99918103,1.6587396e-11
FL_2003_000621_BOL,0.08414352,1.7791262e-11,0.93203217,1.6582027e-11
FL_2018_000060_LKA,0.08509016,1.9897266e-11,0.828818,1.6491213e-11
FF_2007_000049_TJK,0.0846294,1.8845718e-11,0.8384857,1.5801865e-11
FL_2018_000014_ARG,0.085028335,1.9753168e-11,0.7982751,1.5768463e-11
FL_2010_000240_VEN,0.08239907,1.4428564e-11,1.0505096,1.5157344e-11
FF_2011_000049_IRQ,0.08273928,1.503548e-11,0.99793434,1.5004421e-11
FL_2022_000379_MYS,0.082984634,1.5487339e-11,0.96749246,1.4983884e-11
FL_1998_000272_PRK,0.08331756,1.612002e-11,0.9270337,1.4943803e-11
FL_2007_000209_PNG,0.0829594,1.5440307e-11,0.9532343,1.471823e-11
FL_2018_000419_PRY,0.08156623,1.3034785e-11,1.1144714,1.4526895e-11
FF_2017_000122_CMR,0.08080609,1.1869734e-11,1.2161758,1.44356836e-11
FL_2020_000054_BDI,0.079926185,1.0638756e-11,1.3460938,1.4320763e-11
FL_2014_000089_IND,0.082410604,1.4448773e-11,0.9828184,1.420052e-11
FL_2001_000453_IRN,0.08047514,1.1392453e-11,1.2152617,1.3844812e-11
FL_2007_000131_SEN,0.08037461,1.1250944e-11,1.181218,1.3289817e-11
FL_2005_000103_SLV,0.08031983,1.1174491e-11,1.0743227,1.2005009e-11
FL_2012_000173_SOM,0.08202808,1.3791949e-11,0.86781967,1.1968925e-11
FF_2006_000069_IDN,0.07865621,9.064216e-12,1.1987401,1.086564e-11
FL_2007_000052_LKA,0.08158671,1.3067553e-11,0.78609407,1.0272326e-11
FL_2010_000015_PSE,0.078102626,8.446102e-12,1.0620325,8.970035e-12
FL_2000_000735_VEN,0.07842084,8.7966015e-12,0.97425663,8.570147e-12
FL_2003_000624_HTI,0.078352004,8.719691e-12,0.95396423,8.318273e-12
FL_2009_000234_PHL,0.07896073,9.421317e-12,0.84580135,7.9685624e-12
FL_2006_000115_HTI,0.07797043,8.304229e-12,0.9328028,7.746208e-12
FL_2011_000124_ETH,0.08087156,1.19662535e-11,0.64151573,7.67654e-12
FL_2003_000012_BOL,0.077541664,7.8587085e-12,0.90733224,7.1304594e-12
FL_2022_000374_TTO,0.076131515,6.5410086e-12,1.063498,6.9563496e-12
FL_2016_000021_PAK,0.077545665,7.862764e-12,0.8298174,6.524659e-12
TC_2011_000119_PHL,0.079137936,9.6349e-12,0.6620514,6.3787985e-12
FL_2006_000029_NAM,0.07436365,5.1713855e-12,1.1723533,6.0626907e-12
FL_2001_000335_KOR,0.07637642,6.7544993e-12,0.87270975,5.8947174e-12
FL_2011_000164_CAF,0.073834606,4.8150364e-12,1.1784234,5.6741517e-12
FL_2009_000010_FJI,0.075569525,6.0738905e-12,0.88780296,5.392418e-12
FL_2009_000133_ZAF,0.075458534,5.9852687e-12,0.8934164,5.347337e-12
FL_2020_000242_COL,0.0770645,7.388284e-12,0.71954685,5.3162167e-12
FF_2009_000160_LKA,0.07640177,6.776949e-12,0.77540636,5.2548894e-12
FL_2009_000178_GIN,0.07412645,5.008782e-12,1.0198286,5.108099e-12
FL_2013_000045_AFG,0.07580498,6.2658112e-12,0.8104112,5.077884e-12
FL_2001_000524_MLI,0.07433027,5.1482204e-12,0.98526824,5.072378e-12
FL_1997_000026_MOZ,0.07425088,5.0934946e-12,0.94520164,4.8143794e-12
FL_2019_000022_IRN,0.07337878,4.5258983e-12,1.0586665,4.791417e-12
FL_2011_000021_MYS,0.07323258,4.4365314e-12,1.0359406,4.5959833e-12
FL_2006_000025_PNG,0.072193936,3.8459813e-12,1.1173131,4.2971655e-12
FL_2011_000063_HTI,0.07226528,3.8841595e-12,0.887437,3.4469467e-12
LS_2022_000283_LKA,0.072278656,3.8913534e-12,0.8693547,3.3829664e-12
FL_2013_000076_PRY,0.07189923,3.6918346e-12,0.9115895,3.3654377e-12
FL_2015_000085_VEN,0.07100362,3.2569052e-12,0.9985374,3.2521416e-12
FL_2006_000172_COG,0.07145585,3.4703874e-12,0.9309407,3.2307247e-12
FL_2004_000036_MKD,0.07042451,3.0008097e-12,1.0687752,3.2071908e-12
FL_2006_000189_MYS,0.06987034,2.772863e-12,1.1512313,3.1922067e-12
FL_2020_000200_BFA,0.0709043,3.2116315e-12,0.9510621,3.054461e-12
FL_2012_000153_IDN,0.070692375,3.1169206e-12,0.889682,2.773068e-12
FL_2012_000030_KAZ,0.07164796,3.5648242e-12,0.7769372,2.7696445e-12
FL_2005_000117_GTM,0.06976638,2.7318818e-12,1.0102775,2.7599587e-12
FF_2022_000209_AFG,0.07148115,3.4826955e-12,0.7797555,2.7156508e-12
FL_2006_000056_AFG,0.07098144,3.2467453e-12,0.77092963,2.5030121e-12
FL_2010_000036_CYP,0.06838752,2.2375294e-12,1.1013455,2.464293e-12
FF_2012_000107_SLB,0.06860153,2.308542e-12,1.0347154,2.388684e-12
FL_2009_000147_NIC,0.0699507,2.804921e-12,0.8448585,2.3697615e-12
FL_2011_000198_PER,0.07157831,3.530322e-12,0.6673141,2.3558338e-12
FL_2002_000755_CRI,0.07010092,2.865742e-12,0.75488704,2.1633114e-12
FL_2003_000585_MKD,0.06764236,2.005338e-12,1.0140078,2.0334283e-12
FF_2012_000079_GEO,0.06576304,1.5129302e-12,1.2106777,1.8316709e-12
FL_2009_000011_PHL,0.067209944,1.8807685e-12,0.9411863,1.7701536e-12
FL_2015_000071_GEO,0.065592445,1.4741383e-12,1.0940425,1.61277e-12
FL_2014_000053_TZA,0.06709218,1.8480727e-12,0.8469894,1.565298e-12
FL_2007_000145_ETH,0.0685968,2.306953e-12,0.6774504,1.5628463e-12
FL_2013_000068_CZE,0.06508788,1.3645865e-12,1.09992,1.500936e-12
FL_2020_000029_TZA,0.06590959,1.5469842e-12,0.9136224,1.4133594e-12
FL_1997_000207_SYC,0.06599269,1.5666008e-12,0.89674884,1.4048475e-12
FF_2007_000113_GMB,0.06547171,1.4472273e-12,0.96129215,1.3912082e-12
FL_2002_000325_JAM,0.06510327,1.3678171e-12,0.9170445,1.2543492e-12
FL_1999_000391_MEX,0.063774705,1.1129729e-12,1.0888255,1.2118333e-12
FL_2010_000037_HTI,0.06401229,1.1551372e-12,1.0214765,1.1799455e-12
FL_2007_000206_COG,0.06426416,1.2014026e-12,0.9812035,1.1788204e-12
FL_2022_000002_IRN,0.06348548,1.0635162e-12,1.0943216,1.1638288e-12
FL_1998_000213_KGZ,0.0625673,9.193359e-13,1.21331,1.1154394e-12
FL_2019_000136_SLV,0.06341468,1.0517146e-12,1.0250225,1.0780311e-12
FL_2004_000023_CRI,0.06553399,1.4610531e-12,0.6990362,1.021329e-12
FL_2002_000808_MWI,0.062207483,8.6781325e-13,1.1603513,1.0069682e-12
FL_2009_000080_AFG,0.06523809,1.3964078e-12,0.71726865,1.0015995e-12
FL_2003_000229_LKA,0.0639731,1.1480846e-12,0.8598722,9.87206e-13
FL_2016_000009_IDN,0.06279047,9.526584e-13,1.025528,9.769778e-13
FL_2015_000064_IND,0.064075276,1.166554e-12,0.79790676,9.308013e-13
FL_2019_000163_UGA,0.06145484,7.683532e-13,1.2086287,9.286537e-13
FL_2019_000087_PAK,0.06277351,9.500887e-13,0.9493564,9.0197283e-13
FL_2006_000045_HUN,0.06355789,1.0757093e-12,0.77791274,8.3680794e-13
FL_1997_000522_MDA,0.062041514,8.4493605e-13,0.9422368,7.961298e-13
FL_2016_000114_EGY,0.06189295,8.249199e-13,0.96051925,7.9235143e-13
FL_1999_000160_PER,0.064799294,1.3052772e-12,0.59874475,7.8152784e-13
FF_2007_000082_PAK,0.06227391,8.771245e-13,0.8327031,7.303843e-13
TC_2012_000127_CHN,0.0633157,1.0354137e-12,0.6831463,7.07339e-13
FF_2008_000082_PHL,0.059527993,5.587434e-13,1.135268,6.3432354e-13
FL_1992_000008_PAK,0.061057415,7.200856e-13,0.8161112,5.8766994e-13
FL_2007_000051_TUN,0.059850156,5.8972955e-13,0.94404125,5.5672903e-13
FL_2010_000151_COD,0.05931379,5.389602e-13,1.0135405,5.46258e-13
FL_2018_000065_TJK,0.059836242,5.8836e-13,0.8067267,4.746457e-13
FL_2016_000130_VCT,0.05933678,5.4105304e-13,0.8578571,4.641462e-13
FL_2009_000117_GTM,0.058282465,4.5225054e-13,1.0247544,4.6344574e-13
FL_2012_000157_CMR,0.05687693,3.5429217e-13,1.1864815,4.203611e-13
TC_2011_000152_DMA,0.058396913,4.612102e-13,0.8970628,4.1373453e-13
FL_2002_000367_SRB,0.057086118,3.675404e-13,1.0761018,3.9551085e-13
FL_2002_000475_TJK,0.057654377,4.058101e-13,0.8907037,3.6145655e-13
FF_2005_000067_IDN,0.055790007,2.9212193e-13,1.2156141,3.5510754e-13
FF_2011_000066_TJK,0.057532236,3.9729447e-13,0.8672141,3.4453937e-13
FL_2005_000094_AFG,0.05835347,4.577905e-13,0.75059617,3.436158e-13
FL_2009_000265_MAR,0.05715577,3.7204953e-13,0.9080391,3.3783553e-13
FL_2020_000206_COD,0.055421554,2.7339272e-13,1.1711531,3.2018472e-13
FL_2019_000145_TZA,0.056889057,3.5504824e-13,0.8497619,3.0170647e-13
FL_2000_000038_PHL,0.055015683,2.5401835e-13,1.1511724,2.9241892e-13
FL_2008_000095_SUR,0.05600393,3.035183e-13,0.9582623,2.9085016e-13
FL_2001_000390_POL,0.055133965,2.595328e-13,1.0525861,2.731806e-13
FL_2000_000083_ZWE,0.056399345,3.2564216e-13,0.8246609,2.6854436e-13
FL_2004_000031_CHN,0.057019953,3.6330262e-13,0.73745,2.6791752e-13
FF_2008_000233_PHL,0.05599897,3.032497e-13,0.8786359,2.6644607e-13
FL_2005_000020_COL,0.057340465,3.8424846e-13,0.6786322,2.607634e-13
FL_1999_000363_NIC,0.05382064,2.039335e-13,1.1992153,2.4456018e-13
FL_2001_000025_MWI,0.053853616,2.0518647e-13,1.1845818,2.4306016e-13
FL_2001_000180_IRN,0.054388404,2.2649736e-13,1.051287,2.3811373e-13
FL_2010_000092_LKA,0.055202965,2.627992e-13,0.8488423,2.2307508e-13
FL_2015_000018_PNG,0.05448615,2.306011e-13,0.9370276,2.160796e-13
FF_2016_000034_YEM,0.053756975,2.0153394e-13,1.0684917,2.1533734e-13
FL_2009_000132_GHA,0.053846605,2.049195e-13,1.0064578,2.0624283e-13
FF_2018_000030_KEN,0.05500913,2.5371597e-13,0.8036416,2.0389671e-13
FL_2003_000020_MOZ,0.053204075,1.8173933e-13,1.0982531,1.9959579e-13
FL_2021_000209_MYS,0.053188924,1.8122247e-13,0.9851073,1.7852358e-13
FL_2015_000056_COL,0.054857943,2.4682844e-13,0.6777223,1.6728113e-13
FL_2002_000479_CZE,0.051600795,1.3383322e-13,1.0375426,1.3885768e-13
FL_2005_000063_SRB,0.051831968,1.3995132e-13,0.9258929,1.2957994e-13
FL_2008_000232_CRI,0.053052492,1.7662734e-13,0.71957594,1.2709678e-13
FL_2006_000092_KOR,0.051832438,1.39964e-13,0.8946515,1.25219e-13
FL_1997_000097_AFG,0.051785693,1.3870685e-13,0.89853334,1.2463273e-13
FL_2015_000105_GIN,0.050578207,1.09555526e-13,1.0462055,1.146176e-13
FF_2022_000278_MNG,0.04984372,9.4646506e-14,1.1375682,1.0766686e-13
FL_2022_000261_GEO,0.049547926,8.917739e-14,1.1627352,1.03689694e-13
FL_2002_000263_CRI,0.05175847,1.3797936e-13,0.739937,1.0209604e-13
FL_2008_000117_ROM,0.049130455,8.194224e-14,1.1437387,9.3720516e-14
ST_1998_000296_PHL,0.050135218,1.0032959e-13,0.9036673,9.0664564e-14
FL_2013_000017_PNG,0.047969498,6.451366e-14,1.0706863,6.90739e-14
FF_2013_000090_PAK,0.04899116,7.9648405e-14,0.8254096,6.574256e-14
FL_2008_000126_TCD,0.047368065,5.6866485e-14,1.0066837,5.7246566e-14
FL_2009_000045_BOL,0.04783146,6.2681075e-14,0.879085,5.5101994e-14
FL_2007_000147_NER,0.04613548,4.3686832e-14,1.0790954,4.714226e-14
FL_2006_000030_SRB,0.046391033,4.616793e-14,1.0018575,4.6253688e-14
FL_2018_000015_BOL,0.04684665,5.090793e-14,0.8681344,4.4194923e-14
FL_2009_000075_BDI,0.044881284,3.316292e-14,1.2345905,4.0942625e-14
FL_2006_000171_HTI,0.046111993,4.346493e-14,0.9342965,4.060913e-14
FL_2021_000135_GIN,0.04508873,3.4728026e-14,1.1186512,3.8848546e-14
FL_2004_000120_CRI,0.046769526,5.0076005e-14,0.74310434,3.7211696e-14
FL_2009_000206_HTI,0.045508023,3.8096032e-14,0.93937373,3.578641e-14
FL_2018_000004_COD,0.044026785,2.7363377e-14,1.2094611,3.309494e-14
FL_2007_000228_LKA,0.04607472,4.311485e-14,0.7669109,3.306525e-14
FF_2013_000029_SRB,0.04458487,3.1036666e-14,1.0207679,3.1681235e-14
FL_1998_000111_TJK,0.045414887,3.7323504e-14,0.77736604,2.9014026e-14
FL_2005_000138_PNG,0.043674067,2.5248543e-14,1.1453373,2.8918098e-14
FL_2006_000112_ETH,0.04533022,3.663348e-14,0.756348,2.770766e-14
FL_2011_000176_LKA,0.044071615,2.7643283e-14,0.806451,2.2292953e-14
FL_2016_000060_IND,0.043082412,2.202927e-14,0.97984266,2.1585218e-14
FL_2018_000092_MNG,0.04315196,2.2387482e-14,0.9576843,2.144014e-14
FL_1999_000547_VEN,0.042265147,1.818963e-14,1.0115685,1.8400058e-14
FL_2011_000038_KAZ,0.042366695,1.8631415e-14,0.9732226,1.8132514e-14
FL_2013_000054_CHN,0.043262023,2.2965098e-14,0.75783503,1.7403756e-14
FL_2010_000008_BOL,0.042173717,1.7799952e-14,0.9249973,1.6464908e-14
FL_2011_000022_AFG,0.042152174,1.7709233e-14,0.8752881,1.5500681e-14
FL_2021_000084_TCD,0.0414699,1.5042848e-14,0.969226,1.4579919e-14
FL_2018_000414_IRQ,0.041542582,1.5308579e-14,0.9268198,1.4188294e-14
FL_2017_000010_PHL,0.04088594,1.3053888e-14,0.87854457,1.1468423e-14
FL_1997_000142_CZE,0.0399729,1.0414938e-14,1.0236871,1.06616384e-14
FL_2007_000154_MEX,0.039143186,8.444262e-15,1.166687,9.8518106e-15
FF_2019_000029_IDN,0.039531928,9.321373e-15,1.0062563,9.3796905e-15
FL_2019_000034_BOL,0.039690524,9.7021585e-15,0.8007893,7.769384e-15
FL_2006_000145_GIN,0.03847391,7.106625e-15,1.0224991,7.266518e-15
FL_2008_000246_GUY,0.038491663,7.139482e-15,0.9751506,6.9620704e-15
FL_2003_000331_CHN,0.04015523,1.0899861e-14,0.6163112,6.7177065e-15
FL_2004_000059_AFG,0.03900993,8.161154e-15,0.78190875,6.3812777e-15
FL_2021_000050_AFG,0.038814258,7.760914e-15,0.82159,6.3762895e-15
FL_2002_000374_IND,0.03739814,5.351803e-15,0.99058294,5.301405e-15
FL_2014_000117_BGD,0.03620896,3.8740094e-15,0.9446377,3.6595355e-15
FL_2002_000373_GHA,0.03571677,3.3784818e-15,1.0135405,3.424228e-15
FL_2009_000187_CIV,0.035404414,3.0943833e-15,1.0513749,3.253357e-15
FF_2007_000008_LKA,0.035651952,3.3176697e-15,0.9557481,3.1708564e-15
FL_2014_000163_COL,0.03602605,3.6827006e-15,0.6490994,2.3904388e-15
FL_2018_000112_GEO,0.03378874,1.9396351e-15,1.1631281,2.2560443e-15
FL_2012_000083_HND,0.032867376,1.4711275e-15,1.2825613,1.8868112e-15
FL_2011_000043_VCT,0.034072235,2.1086585e-15,0.84786975,1.7878678e-15
FF_2018_000158_TUN,0.033574045,1.8198543e-15,0.9634547,1.7533472e-15
FL_2012_000005_BOL,0.033903413,2.0064768e-15,0.82377183,1.6528791e-15
FL_2014_000150_SOM,0.032866254,1.4706256e-15,1.0760497,1.5824662e-15
FL_2010_000127_AFG,0.03386502,1.9838706e-15,0.7964405,1.5800348e-15
FL_2006_000085_UKR,0.033483885,1.7715706e-15,0.8658746,1.5339579e-15
FL_2022_000378_BIH,0.033299044,1.6761683e-15,0.91510844,1.5338758e-15
FL_2009_000192_MEX,0.032478232,1.3059417e-15,1.147199,1.4981751e-15
FL_2008_000079_LKA,0.03350438,1.7824449e-15,0.7734195,1.3785777e-15
FL_2003_000578_COL,0.03391259,2.0119159e-15,0.6285556,1.2646009e-15
FL_2006_000031_PER,0.03428745,2.2457001e-15,0.5410141,1.2149554e-15
FL_2009_000177_GMB,0.0318261,1.0661895e-15,1.134623,1.2097231e-15
FL_2008_000088_USA,0.03140807,9.341416e-16,1.0477861,9.787806e-16
FL_2008_000035_PRY,0.031236503,8.843499e-16,1.1032531,9.756618e-16
FL_2021_000096_PAN,0.03162597,1.0010107e-15,0.9098146,9.107342e-16
FL_2019_000156_DJI,0.030161124,6.2298156e-16,1.3936139,8.681958e-16
FL_2018_000029_RWA,0.030429382,6.806617e-16,1.2746836,8.676283e-16
FL_2007_000210_PHL,0.03139447,9.301042e-16,0.8313933,7.732824e-16
FL_2019_000031_SYR,0.030372644,6.6807617e-16,1.0970056,7.328833e-16
FF_2020_000156_UKR,0.030517928,7.0072966e-16,0.9807622,6.8724913e-16
FL_2017_000017_PAK,0.030720273,7.486015e-16,0.79211557,5.929789e-16
FL_2021_000039_BDI,0.029137745,4.4112274e-16,1.2704644,5.6043077e-16
FL_2019_000048_TZA,0.030241963,6.398817e-16,0.844869,5.4061624e-16
FL_2008_000185_SOM,0.029412797,4.845775e-16,1.040534,5.0421934e-16
FL_2011_000170_COL,0.029987456,5.880257e-16,0.7465065,4.38965e-16
FL_2008_000076_COL,0.03001354,5.9316066e-16,0.59994155,3.5586173e-16
FL_2007_000003_PHL,0.028931763,4.1091215e-16,0.8319086,3.4184135e-16
FL_2010_000125_IND,0.028564256,3.616006e-16,0.9209713,3.3302376e-16
FF_2006_000049_IDN,0.028414745,3.4311335e-16,0.8608761,2.9537807e-16
TC_2011_000081_MEX,0.027186416,2.2055637e-16,1.2672529,2.795007e-16
FL_2022_000207_VEN,0.02749615,2.4701246e-16,1.122706,2.773224e-16
FL_2019_000108_MRT,0.027297318,2.2972052e-16,1.0246813,2.3539032e-16
LS_2010_000040_UGA,0.026244398,1.5501231e-16,1.3749326,2.1313149e-16
FL_2012_000071_NPL,0.027881464,2.8389368e-16,0.7002282,1.9879036e-16
FL_2019_000160_COG,0.02692376,2.0015075e-16,0.97771347,1.9569009e-16
FL_2011_000131_GIN,0.026658315,1.8127044e-16,0.98051786,1.777389e-16
FF_2008_000063_PHL,0.02650202,1.7091882e-16,0.99624646,1.7027727e-16
FL_2002_000321_HTI,0.02640643,1.64853e-16,0.933236,1.5384677e-16
FL_2015_000106_BFA,0.025935885,1.3772433e-16,1.0658216,1.4678957e-16
FL_2018_000144_PRK,0.025847003,1.3307667e-16,0.8663224,1.152873e-16
FL_1997_000144_CHN,0.025014888,9.593691e-17,0.79028535,7.5817535e-17
FL_2008_000213_PER,0.025488608,1.1573404e-16,0.5800931,6.713652e-17
FL_2003_000350_MNG,0.024448937,7.631322e-17,0.85291606,6.508877e-17
FL_2005_000160_MMR,0.024142442,6.7268544e-17,0.8461133,5.691681e-17
FL_2005_000062_TZA,0.0226526,3.557792e-17,0.89939964,3.199877e-17
TC_2011_000095_PHL,0.023203455,4.524041e-17,0.70320135,3.1813118e-17
FL_2020_000199_MRT,0.022205885,2.9152846e-17,1.0112021,2.947942e-17
FL_1999_000053_PHL,0.02264143,3.540287e-17,0.8147334,2.88439e-17
FL_2021_000057_LKA,0.022538211,3.3821622e-17,0.8433083,2.8522054e-17
FL_2015_000039_KAZ,0.02223359,2.951862e-17,0.883121,2.6068513e-17
FL_2016_000091_NER,0.021955486,2.602739e-17,0.8766755,2.2817575e-17
FL_2019_000101_NER,0.019958654,1.0030269e-17,1.0488648,1.05203965e-17
FL_2015_000093_GUY,0.020061089,1.05571085e-17,0.99545425,1.0509119e-17
FF_2008_000199_LKA,0.020151231,1.104119e-17,0.8020625,8.8557245e-18
FL_1998_000053_ZMB,0.018687189,5.1932554e-18,1.0511796,5.4590442e-18
FL_2015_000040_SOM,0.018724427,5.2976745e-18,0.91445994,4.844511e-18
FL_2005_000205_PHL,0.017890926,3.359915e-18,0.86058855,2.8915043e-18
FL_2009_000102_HTI,0.017752357,3.1085667e-18,0.87422323,2.7175811e-18
FL_2001_000252_ECU,0.017502498,2.6977416e-18,0.7374861,1.989547e-18
FL_2010_000041_SOM,0.017252678,2.3364968e-18,0.84615517,1.9770388e-18
FL_2012_000198_PAN,0.017085139,2.1192642e-18,0.9271781,1.9649353e-18
FF_2007_000091_AFG,0.016590228,1.5795145e-18,0.7703649,1.2168025e-18
SL_2002_000428_NPL,0.015699986,9.098981e-19,0.7703446,7.0093507e-19
FL_2011_000042_COL,0.0153322,7.178681e-19,0.7417695,5.3249266e-19
FF_2013_000088_AFG,0.014622486,4.469019e-19,0.8329503,3.7224707e-19
FL_2008_000094_ZAF,0.01382315,2.5472414e-19,1.1326314,2.8850858e-19
FL_2013_000024_MKD,0.013250478,1.6684582e-19,1.1482158,1.91575e-19
FL_2006_000057_SUR,0.012985555,1.3633436e-19,1.1559802,1.5759983e-19
FL_2005_000196_LKA,0.013033483,1.4145065e-19,0.906438,1.2821624e-19
FL_2008_000197_COL,0.013287865,1.716137e-19,0.6141703,1.0540004e-19
FL_1998_000085_IRN,0.012341889,8.200045e-20,1.214582,9.959627e-20
FF_2006_000163_AFG,0.01270721,1.0977466e-19,0.7387527,8.109633e-20
FL_2012_000132_NPL,0.012287969,7.848759e-20,0.7413298,5.818519e-20
FL_2009_000136_BIH,0.011534698,4.1692927e-20,0.9905804,4.1300194e-20
FL_2002_000020_IRN,0.011288,3.3586916e-20,0.9974481,3.3501206e-20
FF_2020_000123_YEM,0.010746218,2.0537925e-20,1.024308,2.1037161e-20
FL_2006_000191_LKA,0.010587322,1.7695427e-20,0.91526806,1.6196059e-20
FL_2010_000176_MRT,0.010433709,1.528929e-20,1.0222971,1.5630198e-20
FL_2012_000191_HTI,0.0104419645,1.5410691e-20,0.95786864,1.4761418e-20
FL_2000_000265_COL,0.010066846,1.06889345e-20,0.8007796,8.559481e-21
FL_2009_000122_IND,0.009774662,7.961911e-21,0.95488447,7.602705e-21
FF_2020_000168_MNG,0.009691477,7.309701e-21,0.9458114,6.913599e-21
FL_2006_000070_IND,0.009482492,5.8779345e-21,0.98779476,5.8061928e-21
FF_2014_000009_TZA,0.008766452,2.6806401e-21,0.8479388,2.2730186e-21
TC_2018_000413_IND,0.008381458,1.7107862e-21,1.1231616,1.9214893e-21
FL_2001_000029_BOL,0.008524734,2.0267872e-21,0.8475766,1.7178574e-21
FL_2012_000089_CUB,0.007923987,9.759721e-22,1.1319994,1.1047999e-21
FL_2008_000180_NIC,0.0076385923,6.7629053e-22,0.9545746,6.4556974e-22
FL_2006_000068_CHN,0.007295817,4.273064e-22,0.69276685,2.960237e-22
TC_2011_000189_PHL,0.0071039908,3.273587e-22,0.8871761,2.904248e-22
FL_2006_000034_ECU,0.0072076935,3.7841044e-22,0.6634305,2.5104904e-22
FL_2001_000117_PER,0.0071602063,3.5420556e-22,0.5291409,1.8742464e-22
FL_2005_000175_SDN,0.006542161,1.4361915e-22,1.1732239,1.6849741e-22
FL_2009_000139_PAK,0.0065750424,1.51003e-22,0.8471519,1.2792247e-22
FL_1997_000022_BOL,0.0053053014,1.766447e-23,0.88054585,1.5554376e-23
FL_2021_000068_SUR,0.0050513633,1.0816481e-23,1.0353024,1.11983294e-23
FL_1999_000071_MOZ,0.0047906786,6.3675207e-24,1.0963557,6.981067e-24
FL_2009_000101_PAN,0.004740277,5.728449e-24,0.8345883,4.7808966e-24
LS_2010_000190_COL,0.0047979224,6.46446e-24,0.6700176,4.331302e-24
FL_2005_000105_HTI,0.0042172796,1.7796065e-24,0.94335043,1.6787926e-24
FL_2010_000249_IND,0.0041296734,1.4426369e-24,0.83583397,1.2058049e-24
FL_2019_000170_RWA,0.0038280934,6.75811e-25,1.0667715,7.2093594e-25
FL_2002_000242_AFG,0.0028479807,3.5105118e-26,0.8371607,2.9388625e-26
FL_2007_000122_VNM,0.002795741,2.917221e-26,0.8741286,2.5500262e-26
FF_2007_000070_CHN,0.002754109,2.5107948e-26,0.53722847,1.3488705e-26
FL_2021_000019_PER,0.002658789,1.7653824e-26,0.6154121,1.0864377e-26
FL_2012_000205_LKA,0.002181843,2.444752e-27,0.90653586,2.2162554e-27
FL_2005_000194_COL,0.0021513663,2.123947e-27,0.72460085,1.5390138e-27
FL_2001_000376_PAK,0.0008826433,2.8698035e-31,0.9059327,2.5998488e-31
FL_2018_000054_BDI,-0.050953932,0.0,1.0532981,0.0
FL_2002_000350_CHN,-0.037591755,0.0,0.66505504,0.0
FL_2000_000302_CHN,-0.15678,0.0,0.8278109,0.0
FF_2010_000204_LCA,-0.120827146,0.0,0.88756704,0.0
FL_2014_000004_COL,-0.026343584,0.0,0.66677153,0.0
FL_2009_000023_ECU,-0.0949454,0.0,0.65935683,0.0
FL_2007_000077_CHN,-0.15416428,0.0,0.7794472,0.0
FL_2000_000476_NPL,-0.0068416856,0.0,0.701802,0.0
FL_2002_000536_MMR,-0.024968155,0.0,0.96353525,0.0
FL_2010_000219_PHL,-0.07684928,0.0,0.9540994,0.0
FL_2011_000037_BDI,-0.07670438,0.0,1.1070511,0.0
FL_2022_000336_VNM,-0.10101224,0.0,0.9131517,0.0
FL_2021_000208_IRQ,-0.015067929,0.0,0.9151072,0.0
FL_2010_000262_ECU,-0.0011866316,0.0,0.6995336,0.0
FL_2011_000051_RWA,-0.008752517,0.0,1.0579984,0.0
FL_1997_000111_ARM,-0.0018372983,0.0,1.1034899,0.0
FL_1991_000011_CHN,-0.12670866,0.0,0.92558706,0.0
FL_2001_000620_DZA,-0.011047451,0.0,0.7663522,0.0
FL_2004_000043_IND,-0.08687193,0.0,0.6733625,0.0
FL_1998_000048_PAK,-0.10975382,0.0,0.7759197,0.0
FL_2003_000051_PER,-0.043982796,0.0,0.555876,0.0
FL_2021_000005_IDN,-0.013152624,0.0,1.1133604,0.0
FL_2005_000184_VNM,-0.22973727,0.0,0.913487,0.0
FL_2010_000179_ETH,-0.042724133,0.0,0.5841634,0.0
FL_2016_000068_NPL,-0.041652672,0.0,0.7300774,0.0
FL_2005_000001_CRI,-0.028761849,0.0,0.70544595,0.0
FL_1999_000031_LKA,-0.038632058,0.0,0.8809681,0.0
OT_2004_000112_COL,-0.047939066,0.0,0.6698969,0.0
FL_2002_000445_VEN,-0.02698737,0.0,1.0984321,0.0
FF_2008_000227_ETH,-0.11204569,0.0,0.84323263,0.0
FL_2001_000375_IRN,-0.017545588,0.0,1.1824139,0.0
FL_2010_000026_DOM,-0.088552356,0.0,0.8601515,0.0
FL_2006_000124_UGA,-0.026402544,0.0,1.0308912,0.0
LS_2011_000104_ECU,-0.015880574,0.0,0.7493611,0.0
FL_2013_000098_NER,-0.018793643,0.0,1.0638182,0.0
FL_2009_000124_VNM,-0.19111696,0.0,0.87487686,0.0
FL_2008_000018_ECU,-0.12626952,0.0,0.76587117,0.0
FL_2012_000009_FJI,-0.08619641,0.0,0.99751765,0.0
FL_1999_000244_VNM,-0.015601475,0.0,0.8210036,0.0
FL_2009_000219_NPL,-0.14366761,0.0,0.65419996,0.0
FF_2021_000189_BIH,-0.11055794,0.0,0.86494565,0.0
FL_2013_000119_MRT,-0.16548353,0.0,0.8919189,0.0
FL_2005_000002_GUY,-0.14181525,0.0,1.0314466,0.0
FF_2009_000204_TUN,-0.039168097,0.0,0.86347544,0.0
FF_2019_000068_VNM,-0.11077482,0.0,0.84999096,0.0
FL_2003_000341_NPL,-0.053651202,0.0,0.7144844,0.0
TC_2016_000132_FJI,-0.0006994568,0.0,1.1146603,0.0
FL_2021_000161_IND,-0.06840105,0.0,1.0400164,0.0
FL_2008_000011_TZA,-0.13091063,0.0,1.0849732,0.0
FL_1990_000004_VNM,-0.16313682,0.0,0.913342,0.0
FF_2008_000141_ETH,-0.017342102,0.0,0.6379465,0.0
FL_2007_000111_GBR,-0.007509548,0.0,0.93220973,0.0
FL_2017_000107_NPL,-0.09111787,0.0,0.66326934,0.0
FL_2013_000019_PER,-0.023684682,0.0,0.6590404,0.0
FL_2015_000042_RWA,-0.058069453,0.0,1.170002,0.0
FL_1997_000143_POL,-0.005015582,0.0,1.0263599,0.0
FL_2002_000788_LKA,-0.07282229,0.0,0.90447164,0.0
FL_2000_000187_ROM,-0.008750684,0.0,0.9674591,0.0
FL_2002_000125_ECU,-0.059427634,0.0,0.75850093,0.0
FL_2015_000153_IRQ,-0.009613372,0.0,0.9319408,0.0
FL_2009_000031_DOM,-0.042331062,0.0,0.9117834,0.0
FL_2010_000042_SRB,-0.0502979,0.0,0.9686804,0.0
FL_2010_000121_DOM,-0.02921012,0.0,0.882486,0.0
FL_2014_000122_PAK,-0.10449651,0.0,0.7173071,0.0
FL_2021_000007_SYR,-0.06571311,0.0,1.0257893,0.0
ST_2010_000085_CHN,-0.060766608,0.0,0.94774914,0.0
FL_2012_000067_RWA,-0.04564567,0.0,0.9018898,0.0
FL_2001_000492_VNM,-0.15986176,0.0,0.91533434,0.0
FL_2002_000077_PER,-0.015409134,0.0,0.568449,0.0
FL_2017_000139_ETH,-0.0813836,0.0,0.5628477,0.0
FL_2020_000210_VNM,-0.13721785,0.0,0.9273032,0.0
FF_2018_000042_ETH,-0.16743875,0.0,0.7719748,0.0
FL_1998_000247_IRN,-0.10135867,0.0,0.90573776,0.0
FL_2000_000484_BTN,-0.005213882,0.0,0.74623233,0.0
FL_2006_000169_SOM,-0.09594588,0.0,0.79268193,0.0
FL_2007_000159_RWA,-0.049806163,0.0,1.0901946,0.0
FL_2016_000011_TZA,-0.10228102,0.0,0.8393205,0.0
FF_2012_000081_ETH,-0.16082732,0.0,0.50853294,0.0
FL_2006_000133_NER,-0.11026867,0.0,1.0226843,0.0
FL_2005_000182_IND,-0.08773597,0.0,1.0415592,0.0
FF_2013_000084_GEO,-0.018101357,0.0,1.0726242,0.0
FL_2001_000019_MOZ,-0.028630203,0.0,1.0429953,0.0
FL_2010_000096_IDN,-0.05232719,0.0,0.98694265,0.0
FL_1997_000530_PER,-0.030351885,0.0,0.59043515,0.0
FL_2003_000571_DOM,-0.11880715,0.0,0.86020947,0.0
FL_1997_000270_ETH,-0.18102752,0.0,0.7433363,0.0
FL_2019_000020_COL,-0.0012992444,0.0,0.6252236,0.0
FL_2008_000230_CUB,-0.04693662,0.0,0.7993234,0.0
FL_2018_000043_TZA,-0.04471063,0.0,0.93509066,0.0
FL_2000_000191_HUN,-0.03723057,0.0,1.1261675,0.0
FL_2022_000201_ZAF,-0.048106976,0.0,1.140637,0.0
FL_2019_000116_ETH,-0.041563537,0.0,0.636504,0.0
FL_2016_000019_HTI,-0.051980913,0.0,1.0186899,0.0
FL_2006_000164_TZA,-0.019319396,0.0,0.87766886,0.0
ST_2012_000077_CHN,-0.038438037,0.0,0.7226183,0.0
FL_2015_000008_BOL,-0.033863053,0.0,0.9180051,0.0
FL_1999_000651_CHN,-0.049839757,0.0,0.7318989,0.0
FL_2022_000158_HTI,-0.02415824,0.0,0.8712783,0.0
FL_2006_000018_IRQ,-0.08043233,0.0,0.91430086,0.0
FL_1998_000221_NPL,-0.08507381,0.0,0.67521924,0.0
FL_2018_000058_COL,-0.052650165,0.0,0.6657234,0.0
FL_1999_000574_VNM,-0.16309425,0.0,0.8944347,0.0
FL_2011_000204_PHL,-0.007654368,0.0,0.7954196,0.0
FL_2014_000152_ETH,-0.07276638,0.0,0.73676634,0.0
FL_2003_000389_BFA,-0.024294244,0.0,0.87687385,0.0
FL_2009_000174_NER,-0.022503871,0.0,0.9088533,0.0
FL_2013_000142_VNM,-0.22223365,0.0,0.96889794,0.0
FL_2005_000064_ETH,-0.10915581,0.0,0.6197414,0.0
FL_2017_000078_NER,-0.17273273,0.0,0.99216354,0.0
FL_1998_000316_VNM,-0.12909916,0.0,0.869557,0.0
FL_2013_000041_GHA,-0.026727278,0.0,1.1800832,0.0
FL_2003_000505_VNM,-0.27282113,0.0,0.8590111,0.0
TC_2012_000025_VUT,-0.04952401,0.0,1.0124974,0.0
FF_2021_000098_MNG,-0.059499323,0.0,0.9363146,0.0
FL_2008_000104_NPL,-0.030377686,0.0,0.73840815,0.0
FL_2016_000045_ETH,-0.15908347,0.0,0.5278052,0.0
FL_2008_000239_NIC,-0.22929588,0.0,0.92611206,0.0
FL_2015_000161_ETH,-0.122067034,0.0,0.7447156,0.0
FL_2006_000106_MRT,-0.18558861,0.0,0.9567009,0.0
FL_1997_000025_MWI,-0.03576079,0.0,1.0887964,0.0
FL_2016_000046_SOM,-0.12068671,0.0,0.86590654,0.0
FL_2019_000119_CMR,-0.0069448426,0.0,1.1894224,0.0
FL_2005_000017_VEN,-0.04856312,0.0,0.7399094,0.0
FL_2015_000011_PER,-0.046378873,0.0,0.54952973,0.0
TC_2016_000111_VNM,-0.15133011,0.0,0.9207941,0.0
FL_2006_000013_MWI,-0.020771934,0.0,1.1472502,0.0
FL_2021_000134_NPL,-0.030178191,0.0,0.74516267,0.0
FL_2007_000025_FJI,-0.051445633,0.0,1.1388888,0.0
FL_2010_000076_COL,-0.030287173,0.0,0.59751916,0.0
FL_2017_000075_CHN,-0.06476272,0.0,0.78603387,0.0
FL_2007_000200_MEX,-0.003995731,0.0,1.3070918,0.0
FL_2009_000144_NER,-0.087858394,0.0,1.0191128,0.0
FL_2008_000099_NIC,-0.08318232,0.0,0.8944963,0.0
FL_2019_000051_LBY,-0.14181916,0.0,0.77084935,0.0
FL_2010_000091_VNM,-0.16038592,0.0,1.1396112,0.0
FL_2022_000135_ZMB,-0.034367897,0.0,0.98366135,0.0
FL_2012_000042_COL,-0.036888793,0.0,0.6168435,0.0
FL_2009_000171_AFG,-0.043350678,0.0,0.8589133,0.0
FF_2012_000115_RUS,-0.1429396,0.0,0.86218345,0.0
FL_2019_000083_NPL,-0.0045695547,0.0,0.70087546,0.0
FL_2004_000021_COL,-0.011656399,0.0,0.6901651,0.0
FL_2003_000204_KEN,-0.06460435,0.0,0.63810176,0.0
FL_1997_000265_SOM,-0.0085476,0.0,0.85957664,0.0
FL_2021_000127_NER,-0.01842573,0.0,1.0057219,0.0
FL_2021_000049_RWA,-0.038073055,0.0,1.0986595,0.0
FF_2020_000055_SOM,-0.10594548,0.0,0.8558862,0.0
FL_2011_000082_NPL,-0.03937862,0.0,0.7433089,0.0
FL_1997_000092_ECU,-0.040247966,0.0,0.6878422,0.0
FF_2017_000101_VNM,-0.14945862,0.0,0.8877327,0.0
FL_2020_000165_NPL,-0.10252435,0.0,0.6002154,0.0
FL_2011_000183_TZA,-0.0926467,0.0,0.8489254,0.0
FL_2011_000109_PAK,-0.1548265,0.0,0.76645535,0.0
FL_1994_000007_VNM,-0.056405433,0.0,0.83934295,0.0
FF_2014_000048_KAZ,-0.036723573,0.0,0.7601579,0.0
FL_2021_000213_STP,-0.025984352,0.0,0.99590546,0.0
FL_2020_000038_EGY,-0.11641163,0.0,1.047782,0.0
FL_2014_000019_BDI,-0.006104097,0.0,1.2851391,0.0
FL_2010_000067_BRA,-0.021553308,0.0,1.0486636,0.0
FL_2005_000070_YEM,-0.014794132,0.0,1.1646006,0.0
FL_2013_000159_VCT,-0.074802175,0.0,1.0444677,0.0
FL_2009_000145_NPL,-0.09910167,0.0,0.64489716,0.0
FL_2020_000126_ETH,-0.13629949,0.0,0.5952762,0.0
FL_2016_000123_DOM,-0.017843079,0.0,0.9477552,0.0
FL_2021_000023_DZA,-0.081066586,0.0,0.73430586,0.0
FL_2006_000127_NPL,-0.07708399,0.0,0.6736525,0.0
FL_2002_000225_ETH,-0.06484151,0.0,0.5280131,0.0
FL_2016_000054_HTI,-0.08340743,0.0,0.9746177,0.0
FL_2021_000066_GUY,-0.0046000965,0.0,0.9759811,0.0
FL_2011_000137_VNM,-0.12398384,0.0,0.9958199,0.0
FL_2001_000549_GIN,-0.014378131,0.0,1.0487802,0.0
FL_2013_000074_HTI,-0.009058759,0.0,1.1045153,0.0
FL_2013_000051_ECU,-0.014750607,0.0,0.80850863,0.0
FL_2003_000482_MEX,-0.06267853,0.0,1.3313544,0.0
TC_2012_000014_IDN,-0.010083897,0.0,0.9596751,0.0
FF_2012_000118_AFG,-0.022532219,0.0,0.8189715,0.0
FL_2006_000155_LKA,-0.06704405,0.0,0.76979613,0.0
FL_2008_000024_PHL,-0.04384774,0.0,0.901487,0.0
FL_2008_000198_BLZ,-0.03844136,0.0,1.0561028,0.0
FL_2002_000026_SEN,-0.11719245,0.0,0.77111673,0.0
FL_1997_000049_TZA,-0.08482274,0.0,0.84210265,0.0
FL_2010_000160_NPL,-0.05506042,0.0,0.67487764,0.0
FL_2022_000356_ETH,-0.023924459,0.0,0.70584893,0.0
FL_2020_000185_PAK,-0.013425142,0.0,0.88112885,0.0
FF_2007_000185_TUN,-0.043224424,0.0,0.9661305,0.0
FL_2014_000045_SLB,-0.03369626,0.0,1.0195653,0.0
FL_2007_000161_UGA,-0.0270336,0.0,0.59205383,0.0
FL_2015_000151_BLZ,-0.14387341,0.0,1.0602429,0.0
FL_2019_000014_MWI,-0.111176446,0.0,1.0461642,0.0
FL_2008_000187_BDI,-0.0482508,0.0,1.155045,0.0
FL_1999_000371_IND,-0.20641059,0.0,1.0804923,0.0
FL_2007_000009_PER,-0.0069612525,0.0,0.5080888,0.0
FL_2012_000075_VEN,-0.00089490414,0.0,0.93329877,0.0
FL_2011_000156_HTI,-0.027786821,0.0,0.9382714,0.0
FL_2015_000123_NER,-0.16566703,0.0,0.98117614,0.0
FL_2011_000161_SOM,-0.19937417,0.0,0.93147093,0.0
FL_2010_000194_VNM,-0.10138768,0.0,0.84473336,0.0
FL_2021_000190_EGY,-0.042742506,0.0,0.9442209,0.0
FL_2005_000100_KGZ,-0.0346241,0.0,1.0362864,0.0
FL_2010_000141_PAK,-0.03626824,0.0,0.70364034,0.0
FF_2020_000204_TUN,-0.026812747,0.0,0.81169283,0.0
FL_2010_000136_YEM,-0.09494817,0.0,1.025799,0.0
FL_2017_000043_HTI,-0.056745857,0.0,0.9098828,0.0
FL_2013_000141_SOM,-0.22179224,0.0,0.790413,0.0
FL_2022_000190_TUN,-0.043541282,0.0,0.83416307,0.0
FL_2005_000168_NPL,-0.101292714,0.0,0.6813061,0.0
FL_2009_000261_PER,-0.010469831,0.0,0.5,0.0
FL_1999_000132_BLR,-0.051352926,0.0,0.94142145,0.0
FF_2004_000060_VNM,-0.09025593,0.0,0.84771144,0.0
FL_2019_000133_SOM,-0.12380731,0.0,0.9262173,0.0
FF_2008_000194_VNM,-0.16913062,0.0,0.9861992,0.0
FL_2007_000088_ECU,-0.03443571,0.0,0.88330114,0.0
FF_2007_000081_NPL,-0.0420678,0.0,0.71442884,0.0
FL_2012_000141_NER,-0.01376294,0.0,1.0015411,0.0
FL_2002_000470_VNM,-0.0870164,0.0,0.8103107,0.0
FL_2015_000037_HTI,-0.025480568,0.0,1.0658321,0.0
FL_2009_000113_CHN,-0.14036363,0.0,0.87226456,0.0
FL_2013_000085_NIC,-0.2046224,0.0,0.8677772,0.0
FF_2014_000060_AFG,-0.021860126,0.0,0.80668736,0.0
FL_2010_000023_ECU,-0.06917973,0.0,0.7265327,0.0
FL_2010_000149_GTM,-0.055380523,0.0,0.8956919,0.0
TC_2012_000044_FJI,-0.09792547,0.0,0.9567539,0.0
FF_2006_000039_YEM,-0.00042763352,0.0,0.97363997,0.0
FL_2006_000044_COL,-0.01986267,0.0,0.6584704,0.0
FL_2011_000122_NER,-0.00517439,0.0,0.9444471,0.0
FL_2006_000009_GUY,-0.0014325837,0.0,1.052592,0.0
FL_2015_000006_MWI,-0.030561795,0.0,1.0330402,0.0
FL_1991_000009_VNM,-0.052052,0.0,0.8788581,0.0
FL_2003_000227_CHN,-0.051922835,0.0,0.73656005,0.0
FL_2006_000190_BDI,-0.0008815229,0.0,1.1094652,0.0
FL_2013_000050_ETH,-0.094507255,0.0,0.64325315,0.0
FL_2002_000540_DZA,-0.1153532,0.0,0.77130187,0.0
FF_2012_000120_GEO,-0.013488712,0.0,1.1913582,0.0
FL_2010_000162_HND,-0.1123316,0.0,0.86878747,0.0
FL_1997_000526_ECU,-0.0053329207,0.0,0.6647407,0.0
FL_2017_000014_PER,-0.049535647,0.0,0.58940184,0.0
FL_1999_000428_VNM,-0.047607936,0.0,0.8624377,0.0
FL_2006_000178_JAM,-0.07085885,0.0,0.98380756,0.0
FL_2008_000182_RWA,-0.09060982,0.0,0.98491585,0.0
FL_2012_000013_ECU,-0.05738043,0.0,0.7100923,0.0
FL_2000_000408_VNM,-0.047012348,0.0,0.8861724,0.0
FL_2013_000052_SOM,-0.042127505,0.0,0.95646226,0.0
FL_2012_000068_DOM,-0.008017287,0.0,0.8218999,0.0
FF_2020_000191_AFG,-0.038560793,0.0,0.8540908,0.0
FL_2008_000031_PER,-0.060267884,0.0,0.6254586,0.0
FL_2022_000312_BGR,-0.019820506,0.0,1.0500455,0.0
FF_2020_000006_IRN,-0.023452256,0.0,1.0097523,0.0
TC_2018_000110_CHN,-0.124436595,0.0,1.0417333,0.0
FF_2018_000041_SOM,-0.063488044,0.0,0.8158279,0.0
FL_2016_000066_PAK,-0.041290224,0.0,0.7748127,0.0
FL_2004_000051_NPL,-0.059275024,0.0,0.6540297,0.0
FL_2011_000005_HND,-0.050356165,0.0,1.0354763,0.0
FL_2003_000359_PAK,-0.021588895,0.0,0.82592463,0.0
FL_2013_000020_BOL,-0.011571525,0.0,0.8128738,0.0
FL_2015_000146_DZA,-0.02794914,0.0,0.65270114,0.0
FL_2020_000125_TZA,-0.09886359,0.0,0.8550269,0.0
FL_2019_000015_PER,-2.9049814e-05,0.0,0.54063576,0.0
FL_2022_000164_ECU,-0.092259735,0.0,0.7289405,0.0
FL_2008_000168_NPL,-0.097113185,0.0,0.6819644,0.0
FF_2008_000072_CHN,-0.024080848,0.0,1.0318207,0.0
FL_2009_000241_COL,-0.040014274,0.0,0.61409456,0.0
FL_2012_000066_COM,-0.016414415,0.0,1.1605301,0.0
FL_2009_000164_SEN,-0.016917164,0.0,1.0352266,0.0
FL_2012_000210_MWI,-0.012663705,0.0,1.0820998,0.0
FL_2019_000167_BDI,-0.03763456,0.0,0.9626349,0.0
FL_2010_000251_CRI,-0.005177349,0.0,0.66729,0.0
FL_2014_000006_PHL,-0.07990736,0.0,0.97016895,0.0
ST_2012_000061_VNM,-0.15216339,0.0,0.93839526,0.0
