Target Event,Latent Top-5,Domain Top-5,Hybrid Top-5,Key Match ID,Key Match ΔR,Physical Interpretation,Overlap @ 5,RMR @ 5,Avg ΔR @ 5
FL_2022_000164_ECU,"FL_2012_000013_ECU, FL_2008_000018_ECU, FL_2010_000262_ECU, FL_2010_000023_ECU, FL_2009_000023_ECU","FL_2001_000252_ECU, FL_2021_000161_IND, FL_2019_000009_ARG, FL_2020_000206_COD, FL_2016_000021_PAK","FL_2008_000018_ECU, FL_2012_000013_ECU, FL_2010_000262_ECU, FL_2010_000023_ECU, FL_2009_000023_ECU",FL_2008_000018_ECU,+1.0,KG successfully promoted regional topological twin.,100%,100%,0.0
FL_2022_000249_CIV,"FL_2012_000172_MLI, FL_2020_000154_CIV, FL_2001_000180_IRN, FL_2019_000131_CIV, FL_2010_000049_AGO","FL_2018_000077_CIV, FF_2006_000069_IDN, FL_2017_000088_SDN, FL_2021_000055_TJK, FL_2007_000130_CIV","FL_2020_000154_CIV, FL_2012_000172_MLI, FL_2001_000180_IRN, FL_2019_000131_CIV, FL_2010_000049_AGO",FL_2020_000154_CIV,+1.0,KG successfully promoted regional topological twin.,100%,40%,0.0
FL_2018_000128_SDN,"FL_2017_000088_SDN, FL_2001_000417_SDN, FL_2010_000139_SDN, FL_2011_000120_SDN, FL_2008_000125_SDN","FL_1998_000251_SDN, FL_2007_000093_SDN, FL_2003_000368_SDN, FL_2008_000125_SDN, FL_2001_000417_SDN","FL_2001_000417_SDN, FL_2010_000139_SDN, FL_2017_000088_SDN, FL_2011_000120_SDN, FL_2008_000125_SDN",FL_2001_000417_SDN,+1.0,KG successfully promoted regional topological twin.,100%,100%,0.0
FL_2018_000065_TJK,"FL_2003_000273_TJK, FL_2009_000095_TJK, FL_2014_000054_TJK, FL_1999_000229_TJK, FL_2012_000051_TJK","FL_2011_000196_IDN, FF_2022_000209_AFG, FL_2009_000095_TJK, FF_2017_000101_VNM, FF_2005_000072_TJK","FL_2009_000095_TJK, FL_2003_000273_TJK, FL_2014_000054_TJK, FL_2012_000051_TJK, FL_1999_000229_TJK",FL_2009_000095_TJK,+1.0,KG successfully promoted regional topological twin.,100%,100%,0.0
FF_2022_000278_MNG,"FL_2009_000140_MNG, FL_2018_000092_MNG, FL_2003_000350_MNG, FL_2021_000007_SYR, FL_2011_000038_KAZ","FL_2009_000140_MNG, FF_2021_000098_MNG, FL_2003_000350_MNG, FL_2021_000135_GIN, FL_2018_000092_MNG","FL_2009_000140_MNG, FL_2018_000092_MNG, FL_2003_000350_MNG, FL_2021_000007_SYR, FL_2011_000038_KAZ",FL_2009_000140_MNG,0.0,Perfect consensus: strong latent-domain regional alignment.,100%,60%,0.0
FL_2018_000140_MLI,"FL_2010_000195_MLI, FL_2013_000104_MLI, FL_2012_000172_MLI, FL_2012_000129_SDN, FF_2007_000100_MLI","FL_2011_000129_MLI, FL_2001_000524_MLI, FL_2019_000100_MLI, FL_2012_000172_MLI, FL_2009_000176_MLI","FL_2010_000195_MLI, FL_2013_000104_MLI, FL_2012_000172_MLI, FL_2012_000129_SDN, FF_2007_000100_MLI",FL_2010_000195_MLI,0.0,Perfect consensus: strong latent-domain regional alignment.,100%,80%,0.0
FL_2019_000153_COD,"FL_2011_000187_COD, FL_2007_000197_COD, FL_2016_000124_COD, FL_2006_000029_NAM, FL_1997_000137_CHL","FL_2007_000197_COD, FL_2006_000047_COD, FL_2021_000135_GIN, FL_2022_000376_COD, FL_2018_000014_ARG","FL_2011_000187_COD, FL_2007_000197_COD, FL_2016_000124_COD, FL_2006_000029_NAM, FL_1997_000137_CHL",FL_2011_000187_COD,0.0,Perfect consensus: strong latent-domain regional alignment.,100%,60%,0.0
FL_2021_000066_GUY,"FL_2008_000246_GUY, FL_2015_000093_GUY, FL_2006_000009_GUY, FL_2005_000002_GUY, FL_2011_000067_PHL","FL_2021_000108_SSD, FL_2013_000030_COL, FL_2019_000051_LBY, FL_2013_000011_ZWE, FL_2006_000192_IDN","FL_2008_000246_GUY, FL_2006_000009_GUY, FL_2015_000093_GUY, FL_2005_000002_GUY, FL_2011_000067_PHL",FL_2008_000246_GUY,0.0,Perfect consensus: strong latent-domain regional alignment.,100%,80%,0.0
FF_2020_000138_TJK,"FL_2004_000055_TJK, FL_2019_000058_TJK, FL_2002_000475_TJK, FL_1999_000229_TJK, FL_2003_000273_TJK","FL_2014_000054_TJK, FL_2004_000055_TJK, FL_2005_000090_TJK, FL_2017_000091_MMR, FL_2011_000133_MEX","FL_2004_000055_TJK, FL_2002_000475_TJK, FL_2019_000058_TJK, FL_1999_000229_TJK, FL_2017_000079_TJK",FL_2004_000055_TJK,0.0,Perfect consensus: strong latent-domain regional alignment.,80%,100%,0.2
FF_2019_000029_IDN,"FF_2009_000069_IDN, FL_2000_000770_IDN, FL_2021_000209_MYS, FL_2006_000023_DZA, FL_2010_000096_IDN","FF_2005_000067_IDN, FF_2009_000196_IDN, FL_2002_000054_IDN, FF_2009_000069_IDN, FF_2006_000069_IDN","FF_2009_000069_IDN, FL_2000_000770_IDN, FL_2021_000209_MYS, FL_2006_000023_DZA, FL_2010_000096_IDN",FF_2009_000069_IDN,0.0,Perfect consensus: strong latent-domain regional alignment.,100%,60%,0.0
FF_2020_000140_IDN,"FF_2009_000196_IDN, FL_2002_000732_IDN, FF_2018_000158_TUN, FL_2010_000014_SLB, FF_2011_000071_GEO","FL_2018_000154_GHA, FF_2004_000060_VNM, FL_2020_000126_ETH, FL_2015_000131_SLE, FL_2002_000054_IDN","FF_2009_000196_IDN, FL_2002_000732_IDN, FF_2018_000158_TUN, FL_2010_000014_SLB, FF_2011_000071_GEO",FF_2009_000196_IDN,0.0,Perfect consensus: strong latent-domain regional alignment.,100%,40%,0.0
FL_2021_000084_TCD,"FF_2020_000156_UKR, FL_2007_000210_PHL, FL_2000_000191_HUN, FL_2008_000094_ZAF, FL_2006_000050_ARG","FL_1999_000265_TCD, FL_2010_000067_BRA, FL_2020_000199_MRT, FL_2020_000192_TCD, FL_2012_000054_HTI","FF_2020_000156_UKR, FL_2000_000191_HUN, FL_2007_000210_PHL, FL_2008_000094_ZAF, FL_2006_000050_ARG",FF_2020_000156_UKR,0.0,Latent-driven match; continuous atmospheric physics dominated.,100%,0%,0.0
FL_2021_000153_UGA,"FL_2019_000067_UGA, FL_2013_000055_UGA, FL_2007_000138_UGA, FL_2022_000275_UGA, FL_2006_000124_UGA","FL_2015_000065_GHA, FL_2009_000172_BFA, FL_2007_000132_BFA, FL_2013_000055_UGA, FL_2003_000389_BFA","FL_2019_000067_UGA, FL_2013_000055_UGA, FL_2007_000138_UGA, FL_2022_000275_UGA, FL_2006_000124_UGA",FL_2019_000067_UGA,0.0,Perfect consensus: strong latent-domain regional alignment.,100%,100%,0.0
FL_2022_000374_TTO,"FL_2000_000191_HUN, FL_2014_000150_SOM, FL_2009_000192_MEX, FL_2018_000194_TTO, FL_2008_000185_SOM","FL_2012_000056_PRY, FL_2018_000194_TTO, FL_2013_000030_COL, FL_2019_000104_THA, FL_2012_000089_CUB","FL_2000_000191_HUN, FL_2014_000150_SOM, FL_2009_000192_MEX, FL_2018_000194_TTO, FL_2008_000185_SOM",FL_2000_000191_HUN,0.0,Latent-driven match; continuous atmospheric physics dominated.,100%,20%,0.0
FL_2018_000034_BLR,"ST_2012_000064_COD, FL_2012_000063_RUS, FL_2013_000028_NAM, FL_2016_000061_RUS, FL_1998_000040_URY","FL_1999_000132_BLR, FL_2010_000160_NPL, FL_1999_000229_TJK, FL_2006_000045_HUN, FL_2006_000127_NPL","ST_2012_000064_COD, FL_2012_000063_RUS, FL_2013_000028_NAM, FL_2016_000061_RUS, FL_1998_000040_URY",ST_2012_000064_COD,0.0,Latent-driven match; continuous atmospheric physics dominated.,100%,0%,0.0
FL_2019_000094_GTM,"FL_2008_000166_GTM, FL_2017_000130_GTM, FL_2000_000299_GTM, FL_2009_000117_GTM, FL_2011_000045_GTM","FL_2021_000078_GTM, FL_2020_000019_MDG, FL_2019_000181_IDN, FL_2019_000034_BOL, FL_2013_000023_ZMB","FL_2008_000166_GTM, FL_2017_000130_GTM, FL_2000_000299_GTM, FL_2009_000117_GTM, FL_2011_000045_GTM",FL_2008_000166_GTM,0.0,Perfect consensus: strong latent-domain regional alignment.,100%,100%,0.0
FL_2019_000084_IND,"FL_2003_000316_IND, FL_2009_000122_IND, FL_2010_000125_IND, FL_1998_000392_IND, FL_2008_000089_IND","FL_2002_000374_IND, FL_2010_000046_MOZ, FL_2006_000070_IND, FL_2005_000104_IND, FL_2009_000217_IND","FL_2003_000316_IND, FL_2009_000122_IND, FL_2010_000125_IND, FL_1998_000392_IND, FL_2008_000089_IND",FL_2003_000316_IND,0.0,Perfect consensus: strong latent-domain regional alignment.,100%,100%,0.0
FL_2020_000206_COD,"FL_2006_000047_COD, FL_1997_000295_COD, FL_2018_000034_BLR, FL_1999_000531_COD, FL_2012_000192_COD","FL_2006_000047_COD, FL_2007_000197_COD, FL_2022_000376_COD, FL_2022_000164_ECU, FL_1997_000295_COD","FL_2006_000047_COD, FL_1997_000295_COD, FL_2018_000034_BLR, FL_1999_000531_COD, FL_2012_000192_COD",FL_2006_000047_COD,0.0,Perfect consensus: strong latent-domain regional alignment.,100%,80%,0.0
FF_2019_000018_AFG,"FL_2010_000021_AFG, FL_2012_000050_AFG, FF_2006_000163_AFG, FL_2020_000050_AFG, FL_1997_000097_AFG","FL_2005_000094_AFG, FL_2004_000059_AFG, FF_2020_000191_AFG, FF_2007_000091_AFG, FF_2006_000163_AFG","FL_2010_000021_AFG, FL_2012_000050_AFG, FF_2006_000163_AFG, FL_2020_000050_AFG, FL_1997_000097_AFG",FL_2010_000021_AFG,0.0,Perfect consensus: strong latent-domain regional alignment.,100%,100%,0.0
FF_2018_000118_LAO,"FF_2016_000093_LAO, FL_2022_000292_LAO, FL_2019_000103_LAO, FL_2013_000101_LAO, FL_2008_000054_THA","FL_2019_000103_LAO, FF_2016_000093_LAO, FL_2008_000054_THA, FL_2000_000583_LAO, FL_2002_000614_LAO","FF_2016_000093_LAO, FL_2019_000103_LAO, FL_2022_000292_LAO, FL_2008_000054_THA, FL_2013_000101_LAO",FF_2016_000093_LAO,0.0,Perfect consensus: strong latent-domain regional alignment.,100%,80%,0.0
FF_2021_000098_MNG,"FF_2020_000168_MNG, FL_2003_000571_DOM, FF_2014_000009_TZA, FL_2010_000067_BRA, FL_2020_000038_EGY","FL_2009_000140_MNG, FF_2020_000168_MNG, FL_2003_000350_MNG, FL_2018_000092_MNG, FF_2012_000107_SLB","FF_2020_000168_MNG, FL_2003_000571_DOM, FF_2014_000009_TZA, FL_2010_000067_BRA, FL_2020_000038_EGY",FF_2020_000168_MNG,0.0,Perfect consensus: strong latent-domain regional alignment.,100%,20%,0.0
FL_2018_000029_RWA,"FL_2019_000170_RWA, FL_2008_000182_RWA, FL_2011_000051_RWA, FL_2021_000049_RWA, FL_2007_000159_RWA","FL_2019_000170_RWA, FL_2008_000182_RWA, FL_2007_000159_RWA, FL_2011_000051_RWA, FL_2013_000076_PRY","FL_2019_000170_RWA, FL_2008_000182_RWA, FL_2011_000051_RWA, FL_2021_000049_RWA, FL_2007_000159_RWA",FL_2019_000170_RWA,0.0,Perfect consensus: strong latent-domain regional alignment.,100%,100%,0.0
FL_2021_000161_IND,"FL_2005_000182_IND, FL_2009_000217_IND, FL_1999_000371_IND, FF_2007_000083_IND, FL_2016_000060_IND","FL_1999_000371_IND, FL_2018_000134_IND, FL_2022_000164_ECU, FL_2002_000374_IND, FL_2005_000182_IND","FL_2005_000182_IND, FL_2009_000217_IND, FL_1999_000371_IND, FF_2007_000083_IND, FL_2016_000060_IND",FL_2005_000182_IND,0.0,Perfect consensus: strong latent-domain regional alignment.,100%,100%,0.0
FL_2019_000022_IRN,"FL_2001_000180_IRN, FL_1998_000085_IRN, FL_1999_000235_IRN, FL_1998_000359_UKR, FF_2008_000202_MAR","FL_2001_000180_IRN, FF_2016_000034_YEM, FL_1998_000085_IRN, FL_1998_000247_IRN, FL_1999_000235_IRN","FL_2001_000180_IRN, FL_1998_000085_IRN, FL_1999_000235_IRN, FL_1998_000359_UKR, FL_2001_000375_IRN",FL_2001_000180_IRN,0.0,Perfect consensus: strong latent-domain regional alignment.,80%,80%,0.2
FL_2022_000316_NER,"FL_2014_000115_NER, FL_2016_000091_NER, FL_2009_000174_NER, FL_2012_000141_NER, FL_2006_000029_NAM","FL_2009_000174_NER, FL_2007_000147_NER, FL_2010_000139_SDN, FL_2013_000098_NER, FL_2011_000122_NER","FL_2014_000115_NER, FL_2016_000091_NER, FL_2009_000174_NER, FL_2012_000141_NER, FL_2006_000029_NAM",FL_2014_000115_NER,0.0,Perfect consensus: strong latent-domain regional alignment.,100%,80%,0.0
FL_2018_000046_RUS,"FL_2010_000208_RUS, FL_2012_000063_RUS, FL_2010_000051_KAZ, FL_2016_000117_ALB, FL_2018_000034_BLR","FL_2017_000052_RUS, FL_2010_000072_RUS, FL_2010_000208_RUS, FL_2018_000360_RUS, FL_2011_000123_RUS","FL_2010_000208_RUS, FL_2012_000063_RUS, FL_2010_000051_KAZ, FL_2016_000117_ALB, FL_2018_000034_BLR",FL_2010_000208_RUS,0.0,Perfect consensus: strong latent-domain regional alignment.,100%,40%,0.0
FL_2020_000175_GEO,"FF_2012_000120_GEO, FL_2021_000152_GEO, FF_2013_000084_GEO, FL_2019_000047_GEO, FL_2015_000071_GEO","FL_2019_000047_GEO, FL_2018_000112_GEO, FL_2005_000065_GEO, FL_2022_000261_GEO, FL_2015_000071_GEO","FF_2012_000120_GEO, FL_2021_000152_GEO, FL_2019_000047_GEO, FF_2013_000084_GEO, FL_2015_000071_GEO",FF_2012_000120_GEO,0.0,Perfect consensus: strong latent-domain regional alignment.,100%,100%,0.0
FL_2019_000156_DJI,"FL_2001_000025_MWI, FL_2006_000013_MWI, FL_2009_000239_BRA, FL_2013_000041_GHA, FL_2012_000210_MWI","FL_2009_000089_BRA, FL_2002_000540_DZA, FL_2018_000092_MNG, FL_2012_000126_PAN, FL_2022_000356_ETH","FL_2001_000025_MWI, FL_2006_000013_MWI, FL_2009_000239_BRA, FL_2013_000041_GHA, FL_2012_000210_MWI",FL_2001_000025_MWI,0.0,Latent-driven match; continuous atmospheric physics dominated.,100%,0%,0.0
FL_2020_000176_SDN,"FL_2017_000088_SDN, FL_2011_000120_SDN, FL_2010_000139_SDN, FL_2001_000417_SDN, FL_2003_000368_SDN","FL_2021_000023_DZA, FL_2022_000277_SDN, FL_2010_000208_RUS, FL_2014_000123_SSD, FL_2016_000054_HTI","FL_2017_000088_SDN, FL_2011_000120_SDN, FL_2010_000139_SDN, FL_2001_000417_SDN, FL_2003_000368_SDN",FL_2017_000088_SDN,0.0,Perfect consensus: strong latent-domain regional alignment.,100%,100%,0.0
FL_2019_000135_GHA,"FL_1999_000315_GHA, FL_2020_000202_GIN, FL_2001_000314_GHA, FL_2011_000106_GHA, FL_2013_000076_PRY","FL_1999_000315_GHA, FL_2002_000373_GHA, FL_2017_000095_GHA, FL_2001_000314_GHA, FL_2013_000041_GHA","FL_1999_000315_GHA, FL_2020_000202_GIN, FL_2001_000314_GHA, FL_2011_000106_GHA, FL_2013_000076_PRY",FL_1999_000315_GHA,0.0,Perfect consensus: strong latent-domain regional alignment.,100%,60%,0.0
FL_2022_000321_CAF,"FL_2009_000087_VUT, FL_2019_000098_CAF, FL_2020_000154_CIV, FL_2012_000106_BGD, FL_2018_000128_SDN","FL_2011_000164_CAF, FL_2013_000074_HTI, FL_1999_000413_CAF, ST_2011_000073_CAF, FL_2005_000105_HTI","FL_2009_000087_VUT, FL_2019_000098_CAF, FL_2020_000154_CIV, FL_2012_000106_BGD, FL_2018_000128_SDN",FL_2009_000087_VUT,0.0,Latent-driven match; continuous atmospheric physics dominated.,100%,20%,0.0
FL_2020_000164_IND,"FF_2007_000083_IND, FL_2019_000084_IND, FL_1999_000213_IND, FL_2005_000104_IND, FL_2018_000134_IND","FL_2021_000147_THA, FL_2006_000070_IND, FL_2002_000374_IND, FL_2005_000104_IND, FF_2012_000102_PHL","FF_2007_000083_IND, FL_2019_000084_IND, FL_1999_000213_IND, FL_2005_000104_IND, FL_2018_000134_IND",FF_2007_000083_IND,0.0,Perfect consensus: strong latent-domain regional alignment.,100%,100%,0.0
FL_2018_000054_BDI,"FL_2021_000039_BDI, FL_2008_000187_BDI, FL_2020_000054_BDI, FL_2009_000075_BDI, FL_2015_000176_BDI","FL_2009_000075_BDI, FL_2008_000187_BDI, FL_2015_000176_BDI, FL_2014_000019_BDI, FL_2006_000190_BDI","FL_2021_000039_BDI, FL_2008_000187_BDI, FL_2020_000054_BDI, FL_2009_000075_BDI, FL_2015_000176_BDI",FL_2021_000039_BDI,0.0,Perfect consensus: strong latent-domain regional alignment.,100%,100%,0.0
FL_2020_000132_UGA,"FL_2021_000153_UGA, FL_2013_000055_UGA, FL_2022_000275_UGA, FL_1997_000301_UGA, FL_2007_000138_UGA","FL_2022_000275_UGA, FL_2008_000175_UGA, FF_2020_000006_IRN, FL_2019_000011_IDN, FL_2021_000161_IND","FL_2021_000153_UGA, FL_2013_000055_UGA, FL_2022_000275_UGA, FL_1997_000301_UGA, FL_2007_000138_UGA",FL_2021_000153_UGA,0.0,Perfect consensus: strong latent-domain regional alignment.,100%,100%,0.0
FL_2019_000103_LAO,"FL_2022_000292_LAO, FL_2000_000583_LAO, FL_2013_000101_LAO, FL_2008_000054_THA, FF_2018_000118_LAO","FL_2002_000614_LAO, FF_2018_000118_LAO, FL_2008_000054_THA, FL_2000_000583_LAO, FF_2016_000093_LAO","FL_2022_000292_LAO, FL_2000_000583_LAO, FL_2013_000101_LAO, FL_2008_000054_THA, FF_2018_000118_LAO",FL_2022_000292_LAO,0.0,Perfect consensus: strong latent-domain regional alignment.,100%,80%,0.0
FL_2020_000199_MRT,"FL_2002_000373_GHA, FL_2001_000390_POL, FL_2022_000336_VNM, FL_2013_000052_SOM, FL_2013_000004_KEN","FL_2019_000108_MRT, FL_2013_000119_MRT, FL_2009_000170_MRT, FF_2012_000196_COG, FL_2022_000286_MRT","FL_2002_000373_GHA, FL_2001_000390_POL, FL_2022_000336_VNM, FL_2013_000052_SOM, FL_2013_000004_KEN",FL_2002_000373_GHA,0.0,Latent-driven match; continuous atmospheric physics dominated.,100%,0%,0.0
FL_2019_000089_SLE,"FL_2005_000139_SLE, FL_2007_000177_SLE, FL_2015_000131_SLE, FF_2022_000309_SLE, FL_2001_000521_TCD","FL_2015_000131_SLE, FL_2020_000126_ETH, FL_2019_000067_UGA, FL_2007_000177_SLE, FF_2022_000309_SLE","FL_2005_000139_SLE, FL_2007_000177_SLE, FL_2015_000131_SLE, FF_2022_000309_SLE, FL_2001_000521_TCD",FL_2005_000139_SLE,0.0,Perfect consensus: strong latent-domain regional alignment.,100%,80%,0.0
FL_2020_000200_BFA,"FL_2009_000172_BFA, FL_1991_000010_PHL, FL_2006_000120_BFA, FL_2001_000332_IND, FL_2001_000314_GHA","FL_2007_000153_GHA, FL_2006_000120_BFA, FL_2003_000389_BFA, FL_2008_000074_BFA, FL_2007_000132_BFA","FL_2009_000172_BFA, FL_1991_000010_PHL, FL_2006_000120_BFA, FL_2001_000332_IND, FL_2001_000314_GHA",FL_2009_000172_BFA,0.0,Perfect consensus: strong latent-domain regional alignment.,100%,40%,0.0
FL_2021_000092_CRI,"FL_2002_000755_CRI, FL_2012_000126_PAN, FL_2015_000079_CRI, FL_2004_000120_CRI, FL_2002_000263_CRI","FL_2018_000165_CRI, FL_2004_000023_CRI, FL_1999_000350_CRI, FL_2008_000191_CRI, FL_2009_000039_CRI","FL_2002_000755_CRI, FL_2012_000126_PAN, FL_2015_000079_CRI, FL_2004_000120_CRI, FL_2002_000263_CRI",FL_2002_000755_CRI,0.0,Perfect consensus: strong latent-domain regional alignment.,100%,80%,0.0
FL_2021_000038_KEN,"FF_2006_000046_KEN, FF_2012_000062_KEN, FL_2011_000115_KEN, FL_2010_000174_KEN, FL_2007_000139_KEN","FL_2008_000217_KEN, FL_2016_000054_HTI, FL_2015_000040_SOM, FL_2015_000169_KEN, FL_2009_000218_KEN","FF_2006_000046_KEN, FF_2012_000062_KEN, FL_2010_000174_KEN, FL_2011_000115_KEN, FL_2007_000139_KEN",FF_2006_000046_KEN,0.0,Perfect consensus: strong latent-domain regional alignment.,100%,100%,0.0
FL_2019_000052_SRB,"FL_2001_000332_IND, FL_2001_000390_POL, FL_2006_000070_IND, FL_1997_000142_CZE, FL_2000_000444_IND","FF_2020_000158_SRB, FL_2007_000217_SRB, FL_2016_000025_SRB, FL_2021_000208_IRQ, FF_2012_000107_SLB","FL_2001_000332_IND, FL_2001_000390_POL, FL_2006_000070_IND, FL_1997_000142_CZE, FL_2000_000444_IND",FL_2001_000332_IND,0.0,Latent-driven match; continuous atmospheric physics dominated.,100%,0%,0.0
FL_2020_000213_LAO,"FL_2000_000583_LAO, FF_2016_000093_LAO, FL_2002_000614_LAO, FL_2001_000236_URY, FL_2006_000086_CHL","FL_2002_000614_LAO, FF_2018_000118_LAO, FL_2000_000583_LAO, FF_2016_000093_LAO, FL_2008_000054_THA","FL_2000_000583_LAO, FL_2002_000614_LAO, FF_2016_000093_LAO, FL_2001_000236_URY, FL_2006_000086_CHL",FL_2000_000583_LAO,0.0,Perfect consensus: strong latent-domain regional alignment.,100%,60%,0.0
FL_2018_000092_MNG,"FL_2003_000350_MNG, FL_2010_000012_EGY, FL_2009_000140_MNG, FF_2022_000278_MNG, FL_2006_000068_CHN","FL_2009_000140_MNG, FF_2021_000098_MNG, FF_2020_000168_MNG, FL_2003_000350_MNG, FL_2018_000144_PRK","FL_2003_000350_MNG, FL_2010_000012_EGY, FL_2009_000140_MNG, FF_2022_000278_MNG, FL_2006_000068_CHN",FL_2003_000350_MNG,0.0,Perfect consensus: strong latent-domain regional alignment.,100%,60%,0.0
FL_2021_000145_BEN,"FL_2012_000174_BEN, FL_2007_000141_NGA, FL_1998_000040_URY, FL_2010_000118_GHA, FL_2009_000127_BEN","FL_2022_000332_BEN, FL_2011_000091_BEN, FL_2007_000141_NGA, FL_2022_000336_VNM, FL_2009_000127_BEN","FL_2012_000174_BEN, FL_2007_000141_NGA, FL_1998_000040_URY, FL_2010_000118_GHA, FL_2009_000127_BEN",FL_2012_000174_BEN,0.0,Perfect consensus: strong latent-domain regional alignment.,100%,40%,0.0
FL_2020_000198_SEN,"FL_2019_000118_SEN, FL_2000_000048_BWA, FL_2019_000031_SYR, FL_2012_000056_PRY, FL_2003_000389_BFA","FL_2012_000169_SEN, FL_2009_000164_SEN, FL_2002_000026_SEN, FL_2007_000130_CIV, FL_2013_000008_MOZ","FL_2019_000118_SEN, FL_2000_000048_BWA, FL_2019_000031_SYR, FL_2012_000056_PRY, FL_2003_000389_BFA",FL_2019_000118_SEN,0.0,Perfect consensus: strong latent-domain regional alignment.,100%,20%,0.0
FL_2018_000028_BWA,"FL_2003_000196_ARG, FL_2009_000120_BWA, FL_2000_000048_BWA, FL_2022_000276_GMB, FL_2020_000172_MMR","FL_2016_000122_SRB, FL_2000_000048_BWA, FL_2009_000120_BWA, FL_2013_000013_BWA, FL_2000_000012_MOZ","FL_2003_000196_ARG, FL_2009_000120_BWA, FL_2000_000048_BWA, FL_2022_000276_GMB, FL_2020_000172_MMR",FL_2003_000196_ARG,0.0,Latent-driven match; continuous atmospheric physics dominated.,100%,40%,0.0
FL_2021_000043_YEM,"FF_2016_000034_YEM, FL_2005_000070_YEM, FF_2019_000054_YEM, FL_1999_000548_YEM, FL_2021_000110_YEM","FL_2021_000110_YEM, FL_2008_000201_YEM, FF_2020_000123_YEM, FL_1999_000548_YEM, FL_2022_000277_SDN","FF_2016_000034_YEM, FL_2005_000070_YEM, FF_2019_000054_YEM, FL_1999_000548_YEM, FL_2021_000110_YEM",FF_2016_000034_YEM,0.0,Perfect consensus: strong latent-domain regional alignment.,100%,100%,0.0
FL_2022_000331_SLV,"FL_2008_000191_SLV, FL_2005_000171_SLV, FL_2019_000136_SLV, FL_2008_000103_SLV, FL_1999_000349_SLV","FL_2008_000103_SLV, FL_2016_000081_GTM, FL_1999_000349_SLV, FL_2020_000128_KEN, FL_2021_000127_NER","FL_2008_000191_SLV, FL_2005_000171_SLV, FL_2008_000103_SLV, FL_2019_000136_SLV, FL_1999_000349_SLV",FL_2008_000191_SLV,0.0,Perfect consensus: strong latent-domain regional alignment.,100%,100%,0.0
FL_2021_000190_EGY,"FL_2016_000114_EGY, FL_2020_000038_EGY, FL_2006_000192_IDN, FL_2006_000018_IRQ, FL_2002_000479_CZE","LS_2015_000135_LKA, FL_2010_000012_EGY, FL_2008_000201_YEM, FL_2002_000054_IDN, FL_2017_000043_HTI","FL_2016_000114_EGY, FL_2020_000038_EGY, FL_2006_000192_IDN, FL_2006_000018_IRQ, FL_2002_000479_CZE",FL_2016_000114_EGY,0.0,Perfect consensus: strong latent-domain regional alignment.,100%,40%,0.0
FL_2020_000125_TZA,"FL_1998_000112_TZA, FF_2014_000009_TZA, FL_2014_000053_TZA, FL_2005_000062_TZA, FL_2006_000164_TZA","FL_1997_000049_TZA, FL_2006_000164_TZA, FL_2005_000062_TZA, FL_2019_000048_TZA, FL_1998_000112_TZA","FL_1998_000112_TZA, FF_2014_000009_TZA, FL_2005_000062_TZA, FL_2006_000164_TZA, FL_2014_000053_TZA",FL_1998_000112_TZA,0.0,Perfect consensus: strong latent-domain regional alignment.,100%,100%,0.0
FL_2019_000015_PER,"FL_2002_000077_PER, FL_2006_000031_PER, FL_2007_000009_PER, FL_2015_000011_PER, FL_2009_000261_PER","FL_1997_000530_PER, FL_2002_000077_PER, FL_2016_000054_HTI, FL_2001_000117_PER, FL_2008_000031_PER","FL_2002_000077_PER, FL_2006_000031_PER, FL_2007_000009_PER, FL_2009_000261_PER, FL_2015_000011_PER",FL_2002_000077_PER,0.0,Perfect consensus: strong latent-domain regional alignment.,100%,100%,0.0
FL_2022_000333_THA,"FL_2009_000237_THA, FL_2005_000209_THA, FL_2011_000135_THA, FL_2014_000045_SLB, FL_2008_000250_THA","FL_2006_000125_THA, FL_2017_000053_THA, FF_2009_000107_THA, FL_2014_000089_IND, FL_2019_000104_THA","FL_2009_000237_THA, FL_2005_000209_THA, FL_2011_000135_THA, FL_2014_000045_SLB, FL_2008_000250_THA",FL_2009_000237_THA,0.0,Perfect consensus: strong latent-domain regional alignment.,100%,80%,0.0
FF_2020_000006_IRN,"FL_2002_000020_IRN, FL_2001_000453_IRN, FL_2001_000375_IRN, FL_1998_000247_IRN, FL_2002_000500_IRN","FL_2022_000002_IRN, FL_2001_000375_IRN, FL_2013_000119_MRT, FL_1999_000235_IRN, FL_2020_000132_UGA","FL_2002_000020_IRN, FL_2001_000453_IRN, FL_2001_000375_IRN, FL_1998_000247_IRN, FL_2002_000500_IRN",FL_2002_000020_IRN,0.0,Perfect consensus: strong latent-domain regional alignment.,100%,100%,0.0
FL_2020_000195_CMR,"FL_2012_000157_CMR, FL_2008_000126_TCD, FL_2007_000149_CMR, FL_2014_000121_CMR, FL_2013_000123_CMR","FL_2013_000123_CMR, FL_2010_000037_HTI, FL_2008_000126_TCD, FL_2015_000027_CHL, FL_2013_000024_MKD","FL_2012_000157_CMR, FL_2008_000126_TCD, FL_2007_000149_CMR, FL_2014_000121_CMR, FL_2013_000123_CMR",FL_2012_000157_CMR,0.0,Perfect consensus: strong latent-domain regional alignment.,100%,80%,0.0
FL_2022_000265_YEM,"FF_2019_000054_YEM, FL_2021_000110_YEM, FL_2010_000240_VEN, FL_2005_000070_YEM, FF_2020_000123_YEM","FL_2005_000070_YEM, FL_2008_000201_YEM, FL_2021_000110_YEM, FF_2016_000034_YEM, FF_2019_000054_YEM","FF_2019_000054_YEM, FL_2021_000110_YEM, FL_2010_000240_VEN, FL_2005_000070_YEM, FF_2020_000123_YEM",FF_2019_000054_YEM,0.0,Perfect consensus: strong latent-domain regional alignment.,100%,80%,0.0
FL_2020_000050_AFG,"FL_2011_000022_AFG, FL_2010_000127_AFG, FL_2005_000048_AFG, FL_2006_000056_AFG, FL_2009_000080_AFG","FL_2013_000023_ZMB, FL_2013_000076_PRY, FL_2021_000038_KEN, FL_2001_000095_HUN, FF_2018_000030_KEN","FL_2011_000022_AFG, FL_2010_000127_AFG, FL_2005_000048_AFG, FL_2006_000056_AFG, FL_2009_000080_AFG",FL_2011_000022_AFG,0.0,Perfect consensus: strong latent-domain regional alignment.,100%,100%,0.0
FF_2020_000191_AFG,"FL_2009_000171_AFG, FF_2007_000091_AFG, FF_2012_000118_AFG, FL_2005_000094_AFG, FL_2009_000080_AFG","FL_2011_000022_AFG, FL_2010_000127_AFG, FL_2020_000164_IND, FF_2019_000018_AFG, FF_2018_000158_TUN","FL_2009_000171_AFG, FF_2007_000091_AFG, FF_2012_000118_AFG, FL_2005_000094_AFG, FL_2009_000080_AFG",FL_2009_000171_AFG,0.0,Perfect consensus: strong latent-domain regional alignment.,100%,100%,0.0
FL_2021_000108_SSD,"FL_2019_000009_ARG, FL_2009_000248_URY, FL_2001_000096_UKR, FL_2001_000095_HUN, FL_2001_000079_ROM","FF_2011_000143_SSD, FL_2019_000062_SSD, FL_2013_000011_ZWE, FF_2014_000009_TZA, FL_2021_000208_IRQ","FL_2019_000009_ARG, FL_2009_000248_URY, FL_2001_000096_UKR, FL_2001_000095_HUN, FL_2001_000079_ROM",FL_2019_000009_ARG,0.0,Latent-driven match; continuous atmospheric physics dominated.,100%,0%,0.0
FL_2022_000286_MRT,"FL_2021_000084_TCD, FL_2012_000056_PRY, FL_2020_000192_TCD, FL_2003_000389_BFA, FF_2020_000156_UKR","FL_2009_000170_MRT, FL_2020_000199_MRT, FL_2013_000119_MRT, FL_2019_000108_MRT, FL_2006_000106_MRT","FL_2021_000084_TCD, FL_2012_000056_PRY, FL_2020_000192_TCD, FL_2003_000389_BFA, FF_2020_000156_UKR",FL_2021_000084_TCD,0.0,Latent-driven match; continuous atmospheric physics dominated.,100%,0%,0.0
FL_2021_000213_STP,"FL_2005_000182_IND, FL_2007_000127_MRT, FL_2009_000044_BIH, FL_1998_000251_SDN, FL_2005_000081_CHN","FL_2009_000226_PRY, FL_1998_000112_TZA, FL_1999_000428_VNM, FL_2009_000031_DOM, FL_2008_000094_ZAF","FL_2005_000182_IND, FL_2007_000127_MRT, FL_2009_000044_BIH, FL_1998_000251_SDN, FL_2005_000081_CHN",FL_2005_000182_IND,0.0,Latent-driven match; continuous atmospheric physics dominated.,100%,0%,0.0
FL_2022_000349_CMR,"FL_2007_000149_CMR, FF_2017_000122_CMR, FL_2014_000121_CMR, FL_2008_000126_TCD, FL_2013_000123_CMR","FL_2014_000121_CMR, FL_2007_000149_CMR, FL_2016_000091_NER, FL_2008_000126_TCD, FL_2013_000123_CMR","FL_2007_000149_CMR, FF_2017_000122_CMR, FL_2014_000121_CMR, FL_2008_000126_TCD, FL_2013_000123_CMR",FL_2007_000149_CMR,0.0,Perfect consensus: strong latent-domain regional alignment.,100%,80%,0.0
FL_2020_000165_NPL,"FL_2010_000160_NPL, FL_2006_000127_NPL, FL_2019_000083_NPL, FL_1998_000221_NPL, FL_2017_000107_NPL","FL_2019_000083_NPL, SL_2002_000428_NPL, FL_2004_000051_NPL, FL_2005_000168_NPL, FL_2008_000104_NPL","FL_2010_000160_NPL, FL_2006_000127_NPL, FL_2019_000083_NPL, FL_1998_000221_NPL, FL_2017_000107_NPL",FL_2010_000160_NPL,0.0,Perfect consensus: strong latent-domain regional alignment.,100%,100%,0.0
FL_2019_000047_GEO,"FF_2012_000079_GEO, FL_2022_000261_GEO, FL_2020_000175_GEO, FL_2015_000071_GEO, FL_2021_000152_GEO","FL_2005_000065_GEO, FL_2020_000175_GEO, FL_2022_000261_GEO, FL_2015_000071_GEO, FL_2018_000112_GEO","FF_2012_000079_GEO, FL_2022_000261_GEO, FL_2020_000175_GEO, FL_2015_000071_GEO, FL_2021_000152_GEO",FF_2012_000079_GEO,0.0,Perfect consensus: strong latent-domain regional alignment.,100%,100%,0.0
FL_2021_000049_RWA,"FL_2019_000170_RWA, FL_2015_000042_RWA, FL_2018_000029_RWA, FL_2008_000182_RWA, FL_2007_000159_RWA","FL_2008_000182_RWA, FL_2007_000159_RWA, FL_2011_000051_RWA, FL_1999_000259_KHM, FL_2007_000011_ZMB","FL_2019_000170_RWA, FL_2015_000042_RWA, FL_2018_000029_RWA, FL_2008_000182_RWA, FL_2007_000159_RWA",FL_2019_000170_RWA,0.0,Perfect consensus: strong latent-domain regional alignment.,100%,100%,0.0
FL_2018_000112_GEO,"FF_2013_000084_GEO, FF_2012_000120_GEO, FL_2021_000152_GEO, FL_2020_000175_GEO, FF_2011_000071_GEO","FL_2005_000065_GEO, FL_2020_000175_GEO, FL_2019_000047_GEO, FL_2015_000071_GEO, FL_2022_000261_GEO","FF_2013_000084_GEO, FF_2012_000120_GEO, FL_2021_000152_GEO, FL_2020_000175_GEO, FF_2011_000071_GEO",FF_2013_000084_GEO,0.0,Perfect consensus: strong latent-domain regional alignment.,100%,100%,0.0
FL_2019_000100_MLI,"FL_2000_000255_ARG, FL_2015_000110_ARG, FL_2016_000137_ARG, FL_2009_000248_URY, FL_2007_000022_ARG","FL_2018_000140_MLI, FL_2011_000129_MLI, FL_2009_000176_MLI, FL_2001_000524_MLI, FL_2012_000172_MLI","FL_2000_000255_ARG, FL_2015_000110_ARG, FL_2016_000137_ARG, FL_2009_000248_URY, FL_2007_000022_ARG",FL_2000_000255_ARG,0.0,Latent-driven match; continuous atmospheric physics dominated.,100%,0%,0.0
FL_2021_000050_AFG,"FL_2007_000054_AFG, FL_1997_000097_AFG, FL_2005_000094_AFG, FF_2007_000091_AFG, FF_2006_000163_AFG","FL_2012_000200_BFA, FL_2014_000004_COL, FL_2011_000002_BRA, FF_2013_000088_AFG, FL_2010_000127_AFG","FL_2007_000054_AFG, FL_1997_000097_AFG, FL_2005_000094_AFG, FF_2006_000163_AFG, FF_2007_000091_AFG",FL_2007_000054_AFG,0.0,Perfect consensus: strong latent-domain regional alignment.,100%,100%,0.0
FL_2022_000290_SEN,"FL_2011_000108_SEN, FL_2011_000091_BEN, FL_2016_000089_SEN, FL_2007_000131_SEN, FL_2020_000154_CIV","FL_2007_000131_SEN, FL_2016_000089_SEN, FL_2002_000026_SEN, FL_2009_000164_SEN, FL_2016_000102_SEN","FL_2011_000108_SEN, FL_2016_000089_SEN, FL_2007_000131_SEN, FL_2011_000091_BEN, FL_2020_000154_CIV",FL_2011_000108_SEN,0.0,Perfect consensus: strong latent-domain regional alignment.,100%,60%,0.0
FL_2019_000138_KEN,"FL_2013_000004_KEN, FF_2012_000062_KEN, FL_2007_000221_KEN, FL_2002_000265_KEN, FL_2009_000218_KEN","FF_2018_000030_KEN, FL_2007_000076_KEN, FF_2006_000046_KEN, FL_2007_000221_KEN, FL_2010_000174_KEN","FL_2013_000004_KEN, FF_2012_000062_KEN, FL_2007_000221_KEN, FL_2002_000265_KEN, FL_2009_000218_KEN",FL_2013_000004_KEN,0.0,Perfect consensus: strong latent-domain regional alignment.,100%,100%,0.0
FL_2022_000261_GEO,"FL_2020_000175_GEO, FL_2019_000047_GEO, FF_2013_000084_GEO, FF_2012_000120_GEO, FF_2012_000079_GEO","FL_2019_000047_GEO, FL_2005_000065_GEO, FL_2020_000175_GEO, FL_2021_000152_GEO, FL_2015_000071_GEO","FL_2020_000175_GEO, FL_2019_000047_GEO, FF_2013_000084_GEO, FF_2012_000120_GEO, FF_2012_000079_GEO",FL_2020_000175_GEO,0.0,Perfect consensus: strong latent-domain regional alignment.,100%,100%,0.0
FL_2019_000181_IDN,"FL_2016_000114_EGY, FL_2009_000140_MNG, FL_2011_000196_IDN, FL_2006_000018_IRQ, FL_2021_000190_EGY","FL_2016_000011_TZA, FL_2021_000023_DZA, FL_2020_000176_SDN, FL_2019_000094_GTM, FL_2022_000254_PAK","FL_2016_000114_EGY, FL_2009_000140_MNG, FL_2011_000196_IDN, FL_2006_000018_IRQ, FL_2021_000190_EGY",FL_2016_000114_EGY,0.0,Latent-driven match; continuous atmospheric physics dominated.,100%,20%,0.0
FL_2022_000356_ETH,"FL_2007_000161_UGA, FF_2008_000141_ETH, FL_2007_000145_ETH, FL_2006_000112_ETH, FL_2010_000179_ETH","FF_2012_000081_ETH, FL_2003_000204_KEN, FL_1997_000270_ETH, FL_2014_000152_ETH, FL_2011_000124_ETH","FL_2007_000161_UGA, FF_2008_000141_ETH, FL_2007_000145_ETH, FL_2006_000112_ETH, FL_2010_000179_ETH",FL_2007_000161_UGA,0.0,Latent-driven match; continuous atmospheric physics dominated.,100%,80%,0.0
FL_2020_000185_PAK,"FF_2013_000090_PAK, FL_2003_000359_PAK, FL_2014_000122_PAK, FL_2009_000139_PAK, FL_2011_000109_PAK","FL_2010_000240_VEN, FL_2013_000081_PRK, FF_2009_000159_PAK, FL_2015_000017_PAK, FL_2003_000359_PAK","FF_2013_000090_PAK, FL_2003_000359_PAK, FL_2014_000122_PAK, FL_2009_000139_PAK, FL_2011_000109_PAK",FF_2013_000090_PAK,0.0,Perfect consensus: strong latent-domain regional alignment.,100%,100%,0.0
FL_2021_000126_MYS,"FL_2001_000227_RUS, FL_2007_000194_GTM, FL_2014_000014_SYC, FL_2009_000170_MRT, FL_2019_000131_CIV","FF_2011_000088_NGA, FL_2007_000222_MYS, FL_2021_000061_MYS, FL_2022_000379_MYS, FL_2006_000189_MYS","FL_2001_000227_RUS, FL_2007_000194_GTM, FL_2014_000014_SYC, FL_2009_000170_MRT, FL_2019_000131_CIV",FL_2001_000227_RUS,0.0,Latent-driven match; continuous atmospheric physics dominated.,100%,0%,0.0
FL_2020_000193_SSD,"FL_2000_000806_FJI, FL_2021_000145_BEN, FL_2019_000100_MLI, FL_2014_000123_SSD, FL_2012_000172_MLI","FL_2019_000062_SSD, FL_2014_000123_SSD, FF_2011_000143_SSD, FL_2013_000108_SSD, FL_1999_000428_VNM","FL_2000_000806_FJI, FL_2021_000145_BEN, FL_2014_000123_SSD, FL_2019_000100_MLI, FL_2012_000172_MLI",FL_2000_000806_FJI,0.0,Latent-driven match; continuous atmospheric physics dominated.,100%,20%,0.0
FL_2019_000116_ETH,"FL_2011_000124_ETH, FL_2006_000112_ETH, FL_2007_000145_ETH, FL_2022_000356_ETH, FL_2010_000179_ETH","FL_2007_000145_ETH, FL_1997_000270_ETH, FL_2003_000204_KEN, FL_2013_000050_ETH, FL_2005_000064_ETH","FL_2011_000124_ETH, FL_2006_000112_ETH, FL_2007_000145_ETH, FL_2022_000356_ETH, FL_2010_000179_ETH",FL_2011_000124_ETH,0.0,Perfect consensus: strong latent-domain regional alignment.,100%,100%,0.0
FL_2022_000201_ZAF,"FL_2022_000382_ZAF, FL_2014_000038_ZAF, FL_2011_000021_MYS, FL_2009_000123_BGD, FL_2008_000094_ZAF","FL_2009_000133_ZAF, FL_2008_000094_ZAF, FL_2013_000098_NER, FL_2005_000184_VNM, FL_2022_000382_ZAF","FL_2022_000382_ZAF, FL_2014_000038_ZAF, FL_2011_000021_MYS, FL_2008_000094_ZAF, FL_2009_000123_BGD",FL_2022_000382_ZAF,0.0,Perfect consensus: strong latent-domain regional alignment.,100%,60%,0.0
FL_2021_000152_GEO,"FF_2011_000071_GEO, FF_2013_000084_GEO, FL_2018_000112_GEO, FF_2012_000120_GEO, FL_2020_000175_GEO","FL_2005_000065_GEO, FL_2015_000071_GEO, FL_2019_000047_GEO, FL_2022_000287_TCD, FL_2022_000261_GEO","FF_2011_000071_GEO, FL_2018_000112_GEO, FF_2012_000120_GEO, FF_2013_000084_GEO, FL_2020_000175_GEO",FF_2011_000071_GEO,0.0,Perfect consensus: strong latent-domain regional alignment.,100%,100%,0.0
FL_2019_000014_MWI,"FL_2015_000006_MWI, FL_1997_000025_MWI, FL_2012_000210_MWI, FL_2006_000013_MWI, FL_2001_000019_MOZ","FL_1997_000025_MWI, FL_2012_000210_MWI, FL_2006_000013_MWI, FL_2002_000808_MWI, FL_2001_000025_MWI","FL_2015_000006_MWI, FL_1997_000025_MWI, FL_2012_000210_MWI, FL_2006_000013_MWI, FL_2001_000019_MOZ",FL_2015_000006_MWI,0.0,Perfect consensus: strong latent-domain regional alignment.,100%,80%,0.0
FL_2022_000135_ZMB,"FL_2013_000023_ZMB, FL_2013_000024_MKD, FL_2012_000075_VEN, FF_2012_000101_GAB, FL_2000_000735_VEN","FL_1998_000053_ZMB, FF_2020_000240_ZMB, FL_2013_000023_ZMB, FL_2016_000044_CHN, FF_2011_000143_SSD","FL_2013_000023_ZMB, FL_2013_000024_MKD, FL_2012_000075_VEN, FF_2012_000101_GAB, FL_2000_000735_VEN",FL_2013_000023_ZMB,0.0,Perfect consensus: strong latent-domain regional alignment.,100%,20%,0.0
FL_2021_000001_MYS,"FL_1998_000255_TUR, FL_2007_000222_MYS, FL_2000_000476_NPL, FF_2009_000204_TUN, FL_2004_000059_AFG","FL_2007_000222_MYS, FL_2013_000023_ZMB, FL_2013_000076_PRY, FL_2010_000161_MYS, FL_2022_000379_MYS","FL_1998_000255_TUR, FL_2007_000222_MYS, FL_2000_000476_NPL, FF_2009_000204_TUN, FL_2004_000059_AFG",FL_1998_000255_TUR,0.0,Latent-driven match; continuous atmospheric physics dominated.,100%,20%,0.0
FL_2019_000048_TZA,"FL_2005_000062_TZA, FL_2014_000053_TZA, FL_1998_000112_TZA, FL_1997_000049_TZA, FF_2014_000009_TZA","FL_2021_000204_BRA, FL_2017_000002_MYS, FL_2006_000058_TJK, FL_2020_000125_TZA, FL_1997_000049_TZA","FL_2005_000062_TZA, FL_2014_000053_TZA, FL_1998_000112_TZA, FL_1997_000049_TZA, FF_2014_000009_TZA",FL_2005_000062_TZA,0.0,Perfect consensus: strong latent-domain regional alignment.,100%,100%,0.0
FL_2022_000190_TUN,"FF_2009_000204_TUN, FL_2003_000585_MKD, FF_2020_000204_TUN, FL_1999_000349_SLV, FL_2010_000149_GTM","FF_2007_000185_TUN, FF_2018_000158_TUN, FL_2021_000123_CAF, FF_2009_000204_TUN, FL_2010_000176_MRT","FF_2009_000204_TUN, FL_2003_000585_MKD, FF_2020_000204_TUN, FL_1999_000349_SLV, FL_2010_000149_GTM",FF_2009_000204_TUN,0.0,Perfect consensus: strong latent-domain regional alignment.,100%,40%,0.0
FL_2019_000064_SDN,"FL_2017_000088_SDN, FL_2010_000139_SDN, FL_2011_000120_SDN, FL_2001_000417_SDN, FL_1998_000251_SDN","FL_2005_000129_SDN, FL_2003_000368_SDN, FL_2005_000175_SDN, FL_2008_000125_SDN, FL_2008_000207_SDN","FL_2017_000088_SDN, FL_2010_000139_SDN, FL_2001_000417_SDN, FL_1998_000251_SDN, FL_2011_000120_SDN",FL_2017_000088_SDN,0.0,Perfect consensus: strong latent-domain regional alignment.,100%,100%,0.0
FL_2019_000062_SSD,"FL_2012_000172_MLI, FL_2020_000193_SSD, FL_2010_000195_MLI, FL_2021_000145_BEN, FL_2011_000129_MLI","FL_2014_000123_SSD, FL_2021_000108_SSD, FF_2018_000118_LAO, FL_2020_000193_SSD, FF_2011_000143_SSD","FL_2012_000172_MLI, FL_2020_000193_SSD, FL_2010_000195_MLI, FL_2021_000145_BEN, FL_2011_000129_MLI",FL_2012_000172_MLI,0.0,Latent-driven match; continuous atmospheric physics dominated.,100%,20%,0.0
FL_2021_000095_MMR,"FL_2011_000107_MMR, FL_2017_000091_MMR, FL_1997_000177_MMR, FL_2020_000172_MMR, FL_2019_000081_MMR","FL_2005_000160_MMR, FL_2014_000154_IDN, FL_2017_000137_SSD, FL_2016_000058_MMR, FL_2010_000076_COL","FL_2011_000107_MMR, FL_1997_000177_MMR, FL_2017_000091_MMR, FL_2020_000172_MMR, FL_2019_000081_MMR",FL_2011_000107_MMR,0.0,Perfect consensus: strong latent-domain regional alignment.,100%,100%,0.0
FL_2019_000145_TZA,"FL_2014_000053_TZA, FL_1998_000112_TZA, FL_2006_000065_TZA, FL_2005_000062_TZA, FL_2006_000164_TZA","FL_2016_000130_VCT, FL_2021_000108_SSD, FL_1998_000112_TZA, FL_2005_000062_TZA, FL_2015_000088_IRN","FL_2014_000053_TZA, FL_1998_000112_TZA, FL_2006_000065_TZA, FL_2005_000062_TZA, FL_2006_000164_TZA",FL_2014_000053_TZA,0.0,Perfect consensus: strong latent-domain regional alignment.,100%,100%,0.0
FL_2019_000136_SLV,"FL_2005_000103_SLV, FL_2008_000103_SLV, FL_2022_000331_SLV, FL_2008_000191_SLV, FL_2010_000089_AZE","FL_2005_000103_SLV, FL_2010_000240_VEN, FL_2007_000153_GHA, FL_2007_000132_BFA, FL_2017_000002_MYS","FL_2005_000103_SLV, FL_2008_000103_SLV, FL_2022_000331_SLV, FL_2008_000191_SLV, FL_2010_000089_AZE",FL_2005_000103_SLV,0.0,Perfect consensus: strong latent-domain regional alignment.,100%,80%,0.0
FL_2020_000011_MOZ,"FL_2017_000012_MOZ, FL_1997_000026_MOZ, FL_2013_000008_MOZ, FL_2013_000104_MLI, FL_2001_000082_ZWE","FL_2003_000020_MOZ, FL_1997_000026_MOZ, FL_2017_000083_GIN, FL_1999_000071_MOZ, FF_2007_000049_TJK","FL_2017_000012_MOZ, FL_1997_000026_MOZ, FL_2013_000008_MOZ, FL_2013_000104_MLI, FL_2001_000082_ZWE",FL_2017_000012_MOZ,0.0,Perfect consensus: strong latent-domain regional alignment.,100%,60%,0.0
FL_2019_000160_COG,"FL_2012_000153_IDN, FL_2011_000038_KAZ, FL_2009_000242_IRQ, FL_2006_000130_KHM, FL_2010_000259_AUS","FL_2007_000206_COG, FL_2006_000172_COG, FL_2023_000001_COG, FF_2012_000196_COG, FF_2021_000198_COG","FL_2012_000153_IDN, FL_2011_000038_KAZ, FL_2009_000242_IRQ, FL_2006_000130_KHM, FL_2010_000259_AUS",FL_2012_000153_IDN,0.0,Latent-driven match; continuous atmospheric physics dominated.,100%,0%,0.0
FL_2019_000167_BDI,"FL_2011_000037_BDI, FL_2006_000190_BDI, FL_2014_000019_BDI, LS_2010_000040_UGA, FL_2015_000176_BDI","FL_2006_000190_BDI, FL_2008_000187_BDI, FL_2015_000065_GHA, FL_2009_000075_BDI, FL_2017_000095_GHA","FL_2011_000037_BDI, FL_2006_000190_BDI, FL_2014_000019_BDI, LS_2010_000040_UGA, FL_2015_000176_BDI",FL_2011_000037_BDI,0.0,Perfect consensus: strong latent-domain regional alignment.,100%,80%,0.0
FL_2022_000276_GMB,"FL_1998_000329_BEN, FL_2007_000151_TCD, FL_2003_000196_ARG, FL_2012_000200_BFA, FL_2007_000153_GHA","FF_2007_000113_GMB, FL_1999_000286_GMB, FL_2009_000177_GMB, FL_2012_000175_GMB, FL_2014_000073_RUS","FL_1998_000329_BEN, FL_2007_000151_TCD, FL_2003_000196_ARG, FL_2012_000200_BFA, FL_2007_000153_GHA",FL_1998_000329_BEN,0.0,Latent-driven match; continuous atmospheric physics dominated.,100%,0%,0.0
FF_2020_000168_MNG,"FF_2021_000098_MNG, FL_2002_000540_DZA, FF_2012_000115_RUS, FL_2000_000083_ZWE, FL_2005_000111_ROM","FL_2003_000350_MNG, FF_2021_000098_MNG, FF_2012_000107_SLB, FF_2011_000071_GEO, FL_2018_000092_MNG","FF_2021_000098_MNG, FL_2002_000540_DZA, FF_2012_000115_RUS, FL_2000_000083_ZWE, FL_2005_000111_ROM",FF_2021_000098_MNG,0.0,Perfect consensus: strong latent-domain regional alignment.,100%,20%,0.0
FL_2022_000336_VNM,"FL_1999_000574_VNM, FL_2005_000184_VNM, FL_2003_000505_VNM, FL_2013_000142_VNM, FL_1999_000428_VNM","FL_1998_000316_VNM, FL_2013_000142_VNM, FL_2000_000408_VNM, FL_1991_000009_VNM, FL_2017_000088_SDN","FL_1999_000574_VNM, FL_2005_000184_VNM, FL_2003_000505_VNM, FL_2013_000142_VNM, FL_1999_000428_VNM",FL_1999_000574_VNM,0.0,Perfect consensus: strong latent-domain regional alignment.,100%,100%,0.0
FL_2021_000208_IRQ,"FL_2003_000585_MKD, FL_2013_000159_VCT, FL_2018_000414_IRQ, FL_2010_000096_IDN, FL_1991_000011_CHN","FL_2019_000052_SRB, FF_2011_000049_IRQ, FL_2021_000061_MYS, FL_2021_000108_SSD, FL_2018_000414_IRQ","FL_2003_000585_MKD, FL_2018_000414_IRQ, FL_2013_000159_VCT, FL_2010_000096_IDN, FL_1991_000011_CHN",FL_2003_000585_MKD,0.0,Latent-driven match; continuous atmospheric physics dominated.,100%,20%,0.0
FL_2023_000001_COG,"FF_2013_000100_RUS, FL_2022_000249_CIV, FL_2007_000130_CIV, FL_2014_000073_RUS, FF_2012_000196_COG","FL_2006_000172_COG, FL_2007_000206_COG, FL_2019_000160_COG, FF_2021_000198_COG, FF_2012_000196_COG","FF_2013_000100_RUS, FL_2022_000249_CIV, FL_2007_000130_CIV, FL_2014_000073_RUS, FF_2012_000196_COG",FF_2013_000100_RUS,0.0,Latent-driven match; continuous atmospheric physics dominated.,100%,20%,0.0
FL_2021_000007_SYR,"FL_2010_000031_PRT, FL_2010_000072_RUS, FL_2009_000140_MNG, FL_2011_000038_KAZ, FL_2003_000350_MNG","FL_2014_000014_SYC, FL_2014_000168_MYS, FL_2013_000142_VNM, FL_2018_000144_PRK, FL_2017_000083_GIN","FL_2010_000031_PRT, FL_2010_000072_RUS, FL_2009_000140_MNG, FL_2011_000038_KAZ, FL_2003_000350_MNG",FL_2010_000031_PRT,0.0,Latent-driven match; continuous atmospheric physics dominated.,100%,0%,0.0
FF_2020_000156_UKR,"FL_2021_000084_TCD, FL_2006_000050_ARG, FL_2007_000127_MRT, FL_2008_000155_CHL, FL_2001_000390_POL","FL_2006_000085_UKR, FL_1998_000359_UKR, FL_2006_000030_SRB, FL_2019_000011_IDN, FL_2002_000607_ALB","FL_2021_000084_TCD, FL_2006_000050_ARG, FL_2007_000127_MRT, FL_2008_000155_CHL, FL_2001_000390_POL",FL_2021_000084_TCD,0.0,Latent-driven match; continuous atmospheric physics dominated.,100%,0%,0.0
LS_2022_000283_LKA,"LS_2015_000135_LKA, FL_1999_000161_LKA, FL_2014_000070_LKA, FF_2009_000160_LKA, FL_2017_000057_LKA","FF_2007_000008_LKA, FL_2017_000057_LKA, FL_2014_000162_LKA, FL_1999_000031_LKA, FL_2014_000070_LKA","LS_2015_000135_LKA, FL_1999_000161_LKA, FL_2014_000070_LKA, FL_2017_000057_LKA, FF_2009_000160_LKA",LS_2015_000135_LKA,0.0,Perfect consensus: strong latent-domain regional alignment.,100%,100%,0.0
FL_2021_000019_PER,"FL_2006_000031_PER, FL_2007_000009_PER, FL_2015_000011_PER, FL_2002_000077_PER, FL_2009_000261_PER","FL_2013_000076_PRY, FL_2001_000117_PER, FL_2022_000254_PAK, FL_2013_000023_ZMB, FF_2021_000198_COG","FL_2006_000031_PER, FL_2007_000009_PER, FL_2002_000077_PER, FL_2015_000011_PER, FL_2009_000261_PER",FL_2006_000031_PER,0.0,Perfect consensus: strong latent-domain regional alignment.,100%,100%,0.0
FL_2018_000154_GHA,"FL_2001_000314_GHA, FL_2017_000095_GHA, FL_2022_000305_GIN, FL_2011_000106_GHA, FL_2015_000105_GIN","FL_2001_000314_GHA, FL_2009_000132_GHA, FL_1999_000315_GHA, FL_2013_000041_GHA, FL_2019_000135_GHA","FL_2001_000314_GHA, FL_2017_000095_GHA, FL_2022_000305_GIN, FL_2011_000106_GHA, FL_2015_000105_GIN",FL_2001_000314_GHA,0.0,Perfect consensus: strong latent-domain regional alignment.,100%,60%,0.0
FL_2018_000004_COD,"FL_2006_000047_COD, FL_1998_000213_KGZ, FL_2020_000052_COD, FL_2007_000197_COD, FL_2005_000100_KGZ","FL_2011_000187_COD, FL_2007_000197_COD, ST_2012_000064_COD, FL_1997_000295_COD, FL_2011_000133_MEX","FL_2006_000047_COD, FL_1998_000213_KGZ, FL_2007_000197_COD, FL_2020_000052_COD, FL_2005_000100_KGZ",FL_2006_000047_COD,0.0,Perfect consensus: strong latent-domain regional alignment.,100%,60%,0.0
FF_2021_000090_SDN,"FL_2010_000139_SDN, FL_2001_000417_SDN, FL_2017_000088_SDN, FL_2011_000120_SDN, FL_2020_000176_SDN","FL_2007_000093_SDN, FL_2003_000368_SDN, FL_1998_000251_SDN, FL_2001_000417_SDN, FL_2014_000098_SDN","FL_2010_000139_SDN, FL_2001_000417_SDN, FL_2017_000088_SDN, FL_2011_000120_SDN, FL_2020_000176_SDN",FL_2010_000139_SDN,0.0,Perfect consensus: strong latent-domain regional alignment.,100%,100%,0.0
FF_2020_000204_TUN,"FF_2018_000158_TUN, FF_2007_000185_TUN, FL_1998_000048_PAK, FF_2009_000204_TUN, FL_1992_000008_PAK","FF_2009_000204_TUN, FF_2018_000158_TUN, FL_2013_000098_NER, FF_2007_000185_TUN, FL_2020_000196_NGA","FF_2018_000158_TUN, FF_2007_000185_TUN, FL_1998_000048_PAK, FF_2009_000204_TUN, FL_1992_000008_PAK",FF_2018_000158_TUN,0.0,Perfect consensus: strong latent-domain regional alignment.,100%,60%,0.0
FF_2020_000158_SRB,"FF_2014_000059_SRB, FL_2009_000226_PRY, FL_2001_000332_IND, FL_2010_000259_AUS, FL_2010_000046_MOZ","FL_2019_000052_SRB, FL_2016_000025_SRB, FL_2021_000061_MYS, FL_2007_000217_SRB, FL_2021_000208_IRQ","FF_2014_000059_SRB, FL_2009_000226_PRY, FL_2001_000332_IND, FL_2010_000259_AUS, FL_2010_000046_MOZ",FF_2014_000059_SRB,0.0,Perfect consensus: strong latent-domain regional alignment.,100%,20%,0.0
FL_2020_000202_GIN,"FL_2009_000178_GIN, FL_2011_000131_GIN, FL_2001_000549_GIN, FL_2015_000105_GIN, FL_2022_000305_GIN","FL_2010_000046_MOZ, FL_2018_000043_TZA, FL_2021_000173_IDN, FL_2019_000084_IND, FL_2021_000135_GIN","FL_2009_000178_GIN, FL_2011_000131_GIN, FL_2001_000549_GIN, FL_2015_000105_GIN, FL_2022_000305_GIN",FL_2009_000178_GIN,0.0,Perfect consensus: strong latent-domain regional alignment.,100%,100%,0.0
FL_2019_000009_ARG,"FL_2009_000248_URY, FL_2015_000110_ARG, FL_2016_000137_ARG, FL_2021_000108_SSD, FL_2020_000176_SDN","FL_2007_000044_ARG, FL_2007_000022_ARG, FL_2003_000196_ARG, FL_2018_000014_ARG, FL_1998_000080_ARG","FL_2009_000248_URY, FL_2015_000110_ARG, FL_2016_000137_ARG, FL_2021_000108_SSD, FL_2020_000176_SDN",FL_2009_000248_URY,0.0,Latent-driven match; continuous atmospheric physics dominated.,100%,40%,0.0
FL_2019_000079_BGD,"FL_2002_000402_BGD, FL_2004_000044_BGD, FL_2000_000617_BGD, FL_2015_000009_ALB, FL_2006_000131_BGD","FF_2007_000080_BGD, FF_2009_000107_THA, FL_2000_000617_BGD, FL_2018_000105_BGD, FL_2002_000402_BGD","FL_2002_000402_BGD, FL_2000_000617_BGD, FL_2004_000044_BGD, FL_2015_000009_ALB, FL_2006_000131_BGD",FL_2002_000402_BGD,0.0,Perfect consensus: strong latent-domain regional alignment.,100%,80%,0.0
FL_2018_000360_RUS,"FF_2013_000100_RUS, FL_2001_000227_RUS, FL_2017_000052_RUS, FL_2014_000014_SYC, FL_2007_000130_CIV","FL_2011_000123_RUS, FL_2017_000052_RUS, FL_2002_000470_VNM, FL_2012_000063_RUS, FL_2006_000155_LKA","FF_2013_000100_RUS, FL_2001_000227_RUS, FL_2017_000052_RUS, FL_2014_000014_SYC, FL_2011_000123_RUS",FF_2013_000100_RUS,0.0,Perfect consensus: strong latent-domain regional alignment.,80%,80%,0.2
FL_2019_000163_UGA,"FL_2021_000153_UGA, FL_2022_000275_UGA, FL_2013_000055_UGA, FL_2019_000067_UGA, FL_2007_000138_UGA","FL_2007_000138_UGA, FL_2015_000092_BRA, FL_2007_000161_UGA, FL_2005_000062_TZA, FL_2015_000161_ETH","FL_2021_000153_UGA, FL_2022_000275_UGA, FL_2013_000055_UGA, FL_2007_000138_UGA, FL_2019_000067_UGA",FL_2021_000153_UGA,0.0,Perfect consensus: strong latent-domain regional alignment.,100%,100%,0.0
FL_2022_000328_HND,"FL_1999_000324_HND, FL_2008_000191_HND, FL_2018_000164_HND, FL_2017_000160_HND, FL_2003_000481_HND","FL_2003_000481_HND, FL_2012_000183_COL, FL_2008_000191_HND, FL_2019_000119_CMR, FL_1999_000324_HND","FL_1999_000324_HND, FL_2008_000191_HND, FL_2018_000164_HND, FL_2017_000160_HND, FL_2003_000481_HND",FL_1999_000324_HND,0.0,Perfect consensus: strong latent-domain regional alignment.,100%,100%,0.0
FL_2019_000033_PRY,"FL_2009_000226_PRY, FL_2007_000125_PHL, FL_2001_000407_IDN, FL_2016_000084_PHL, FL_2016_000009_IDN","FL_2014_000030_PRY, FL_2002_000296_PRY, FL_1999_000428_VNM, FL_2012_000056_PRY, FL_2008_000035_PRY","FL_2009_000226_PRY, FL_2007_000125_PHL, FL_2001_000407_IDN, FL_2016_000084_PHL, FL_2016_000009_IDN",FL_2009_000226_PRY,0.0,Perfect consensus: strong latent-domain regional alignment.,100%,20%,0.0
FL_2019_000051_LBY,"FL_2011_000109_PAK, FL_2013_000119_MRT, FL_2002_000540_DZA, FL_2002_000026_SEN, FL_2022_000190_TUN","FL_2014_000089_IND, FL_2022_000376_COD, FL_2021_000066_GUY, FL_2020_000195_CMR, FL_2013_000017_PNG","FL_2011_000109_PAK, FL_2013_000119_MRT, FL_2002_000540_DZA, FL_2002_000026_SEN, FL_2022_000190_TUN",FL_2011_000109_PAK,0.0,Latent-driven match; continuous atmospheric physics dominated.,100%,0%,0.0
FL_2020_000019_MDG,"FL_2005_000038_MDG, FL_2012_000140_MMR, ST_2022_000138_MDG, FL_2014_000107_MMR, FL_2000_000617_BGD","FL_2003_000037_MDG, FL_2013_000023_ZMB, ST_2022_000138_MDG, FL_2019_000094_GTM, FL_2021_000078_GTM","FL_2005_000038_MDG, FL_2012_000140_MMR, ST_2022_000138_MDG, FL_2014_000107_MMR, FL_2000_000617_BGD",FL_2005_000038_MDG,0.0,Perfect consensus: strong latent-domain regional alignment.,100%,40%,0.0
FL_2021_000135_GIN,"FL_2017_000083_GIN, FL_2010_000121_DOM, FL_2006_000145_GIN, FL_2010_000149_GTM, FL_2009_000147_NIC","FL_2009_000178_GIN, FL_2019_000153_COD, FF_2012_000107_SLB, FL_2016_000021_PAK, FL_2001_000549_GIN","FL_2017_000083_GIN, FL_2010_000121_DOM, FL_2006_000145_GIN, FL_2010_000149_GTM, FL_2009_000147_NIC",FL_2017_000083_GIN,0.0,Perfect consensus: strong latent-domain regional alignment.,100%,40%,0.0
FL_2022_000254_PAK,"FF_2009_000159_PAK, FF_2012_000148_PAK, FL_2019_000087_PAK, FL_2001_000376_PAK, FL_2009_000139_PAK","FL_2003_000359_PAK, FL_2001_000376_PAK, FL_2005_000108_PAK, FL_2021_000019_PER, FL_2015_000017_PAK","FF_2009_000159_PAK, FF_2012_000148_PAK, FL_2019_000087_PAK, FL_2001_000376_PAK, FL_2009_000139_PAK",FF_2009_000159_PAK,0.0,Perfect consensus: strong latent-domain regional alignment.,100%,100%,0.0
FF_2022_000209_AFG,"FL_1997_000097_AFG, FL_2009_000080_AFG, FL_2021_000050_AFG, FL_2007_000054_AFG, FF_2006_000163_AFG","FL_2018_000065_TJK, FL_2011_000196_IDN, FL_2004_000059_AFG, FF_2006_000163_AFG, FL_2020_000054_BDI","FL_1997_000097_AFG, FL_2009_000080_AFG, FL_2021_000050_AFG, FL_2007_000054_AFG, FF_2006_000163_AFG",FL_1997_000097_AFG,0.0,Perfect consensus: strong latent-domain regional alignment.,100%,100%,0.0
FL_2020_000190_NER,"FL_2019_000101_NER, FL_2001_000314_GHA, FL_1999_000315_GHA, FL_2013_000076_PRY, FL_2007_000141_NGA","FL_2014_000115_NER, FL_2009_000174_NER, FL_2011_000122_NER, FL_2006_000133_NER, FL_2007_000147_NER","FL_2019_000101_NER, FL_2001_000314_GHA, FL_1999_000315_GHA, FL_2013_000076_PRY, FL_2007_000141_NGA",FL_2019_000101_NER,0.0,Perfect consensus: strong latent-domain regional alignment.,100%,20%,0.0
FF_2020_000123_YEM,"FF_2006_000039_YEM, FF_2016_000034_YEM, FL_1999_000548_YEM, FL_2005_000100_KGZ, FL_2021_000043_YEM","FL_2021_000043_YEM, FL_2008_000201_YEM, FF_2019_000054_YEM, FF_2016_000034_YEM, FF_2008_000063_PHL","FF_2006_000039_YEM, FF_2016_000034_YEM, FL_1999_000548_YEM, FL_2005_000100_KGZ, FL_2021_000043_YEM",FF_2006_000039_YEM,0.0,Perfect consensus: strong latent-domain regional alignment.,100%,80%,0.0
FL_2019_000030_IRQ,"FL_2009_000203_USA, FL_2001_000571_PRK, FL_2012_000071_NPL, FF_2008_000178_DZA, FL_1998_000255_TUR","FL_2006_000018_IRQ, FL_2015_000153_IRQ, FF_2011_000049_IRQ, FL_2009_000242_IRQ, FL_2018_000414_IRQ","FL_2009_000203_USA, FL_2001_000571_PRK, FL_2012_000071_NPL, FF_2008_000178_DZA, FL_1998_000255_TUR",FL_2009_000203_USA,0.0,Latent-driven match; continuous atmospheric physics dominated.,100%,0%,0.0
FL_2021_000068_SUR,"FL_2006_000057_SUR, FL_2008_000239_NIC, FF_2022_000209_AFG, FF_2021_000189_BIH, FL_2012_000089_CUB","FL_2008_000095_SUR, FL_2004_000055_TJK, FL_2006_000057_SUR, FL_1998_000392_IND, FL_2012_000141_NER","FL_2006_000057_SUR, FL_2008_000239_NIC, FF_2022_000209_AFG, FF_2021_000189_BIH, FL_2012_000089_CUB",FL_2006_000057_SUR,0.0,Perfect consensus: strong latent-domain regional alignment.,100%,20%,0.0
FL_2022_000292_LAO,"FF_2016_000093_LAO, FL_2019_000103_LAO, FF_2018_000118_LAO, FL_2013_000101_LAO, FL_2002_000641_THA","FL_2002_000614_LAO, FL_2008_000054_THA, FL_2000_000583_LAO, FF_2016_000093_LAO, FL_2018_000165_CRI","FF_2016_000093_LAO, FL_2019_000103_LAO, FF_2018_000118_LAO, FL_2013_000101_LAO, FL_2008_000054_THA",FF_2016_000093_LAO,0.0,Perfect consensus: strong latent-domain regional alignment.,80%,80%,0.2
FL_2018_000120_NGA,"FL_2007_000123_NGA, FL_2017_000126_NGA, FL_2009_000183_NGA, FL_2003_000455_NGA, FL_2019_000093_NGA","FL_2012_000138_NGA, FL_2009_000183_NGA, FL_2013_000116_NGA, FL_2015_000155_NGA, FL_2003_000455_NGA","FL_2007_000123_NGA, FL_2017_000126_NGA, FL_2009_000183_NGA, FL_2003_000455_NGA, FL_2019_000093_NGA",FL_2007_000123_NGA,0.0,Perfect consensus: strong latent-domain regional alignment.,100%,100%,0.0
FL_2019_000067_UGA,"FL_2022_000275_UGA, FL_2021_000153_UGA, FL_2013_000055_UGA, FL_2007_000138_UGA, FL_1997_000301_UGA","FL_2015_000079_CRI, FL_2019_000089_SLE, FL_2016_000091_NER, FL_2002_000478_PRK, FL_2010_000003_KEN","FL_2022_000275_UGA, FL_2021_000153_UGA, FL_2013_000055_UGA, FL_2007_000138_UGA, FL_1997_000301_UGA",FL_2022_000275_UGA,0.0,Perfect consensus: strong latent-domain regional alignment.,100%,100%,0.0
FL_2018_000134_IND,"FF_2007_000083_IND, FL_2005_000104_IND, FL_2022_000213_IND, FL_1997_000337_IND, FF_2014_000059_SRB","FL_2010_000125_IND, FL_2011_000084_IND, FL_2021_000161_IND, FL_2008_000089_IND, FL_2002_000374_IND","FF_2007_000083_IND, FL_2005_000104_IND, FL_2022_000213_IND, FL_1997_000337_IND, FF_2014_000059_SRB",FF_2007_000083_IND,0.0,Perfect consensus: strong latent-domain regional alignment.,100%,80%,0.0
FL_2022_000362_LCA,"FF_2022_000209_AFG, FL_2008_000032_KAZ, FF_2006_000163_AFG, FL_2016_000130_VCT, FF_2007_000080_BGD","FF_2010_000204_LCA, FF_2008_000141_ETH, FF_2014_000009_TZA, FF_2011_000143_SSD, FF_2013_000088_AFG","FF_2022_000209_AFG, FL_2008_000032_KAZ, FF_2006_000163_AFG, FL_2016_000130_VCT, FF_2007_000080_BGD",FF_2022_000209_AFG,0.0,Latent-driven match; continuous atmospheric physics dominated.,100%,0%,0.0
FF_2018_000030_KEN,"FF_2006_000046_KEN, FL_2007_000221_KEN, FL_2013_000004_KEN, FL_2010_000003_KEN, FL_2004_000020_KEN","FF_2006_000046_KEN, FL_2019_000138_KEN, FL_2007_000076_KEN, FL_2007_000139_KEN, FL_2011_000115_KEN","FF_2006_000046_KEN, FL_2007_000221_KEN, FL_2013_000004_KEN, FL_2010_000003_KEN, FL_2007_000076_KEN",FF_2006_000046_KEN,0.0,Perfect consensus: strong latent-domain regional alignment.,80%,100%,0.2
FL_2020_000172_MMR,"FL_2017_000091_MMR, FL_2012_000140_MMR, FL_1997_000177_MMR, FL_2019_000081_MMR, FL_2013_000087_MMR","FL_2005_000160_MMR, FL_1997_000177_MMR, FL_2019_000081_MMR, FL_2010_000115_MMR, FL_2014_000107_MMR","FL_2017_000091_MMR, FL_1997_000177_MMR, FL_2019_000081_MMR, FL_2012_000140_MMR, FL_2013_000087_MMR",FL_2017_000091_MMR,0.0,Perfect consensus: strong latent-domain regional alignment.,100%,100%,0.0
FL_2020_000210_VNM,"FF_2017_000101_VNM, FL_2009_000124_VNM, FL_1999_000244_VNM, FL_1990_000004_VNM, FL_1994_000007_VNM","FF_2004_000060_VNM, FL_1998_000316_VNM, FL_2019_000047_GEO, FL_2015_000169_KEN, FL_2015_000071_GEO","FF_2017_000101_VNM, FL_1999_000244_VNM, FL_1990_000004_VNM, FL_2009_000124_VNM, FL_1994_000007_VNM",FF_2017_000101_VNM,0.0,Perfect consensus: strong latent-domain regional alignment.,100%,100%,0.0
FL_2018_000144_PRK,"FL_2002_000478_PRK, FL_2007_000126_PRK, FL_2019_000083_NPL, FL_2016_000068_NPL, FL_2021_000023_DZA","FL_2006_000158_PRK, FL_2015_000113_PRK, FL_1998_000272_PRK, FL_2012_000123_PRK, FL_2018_000092_MNG","FL_2002_000478_PRK, FL_2007_000126_PRK, FL_2019_000083_NPL, FL_2021_000023_DZA, FL_2016_000068_NPL",FL_2002_000478_PRK,0.0,Perfect consensus: strong latent-domain regional alignment.,100%,40%,0.0
FL_2018_000194_TTO,"FL_2022_000374_TTO, FL_2000_000255_ARG, FL_2015_000024_ARG, FL_2006_000030_SRB, FL_2007_000022_ARG","FL_2009_000032_SLB, FL_2013_000038_KEN, FL_2022_000374_TTO, FL_2013_000098_NER, FF_2020_000204_TUN","FL_2022_000374_TTO, FL_2000_000255_ARG, FL_2015_000024_ARG, FL_2006_000030_SRB, FL_2007_000022_ARG",FL_2022_000374_TTO,0.0,Perfect consensus: strong latent-domain regional alignment.,100%,20%,0.0
FL_2021_000123_CAF,"FL_2017_000134_CAF, ST_2011_000073_CAF, FL_2019_000098_CAF, FF_2022_000309_SLE, FL_2018_000128_SDN","FL_2011_000164_CAF, FL_2000_000038_PHL, FL_2005_000196_LKA, ST_2011_000073_CAF, FL_2015_000053_CAF","FL_2017_000134_CAF, ST_2011_000073_CAF, FL_2019_000098_CAF, FF_2022_000309_SLE, FL_2018_000128_SDN",FL_2017_000134_CAF,0.0,Perfect consensus: strong latent-domain regional alignment.,100%,60%,0.0
FL_2021_000057_LKA,"FF_2009_000246_LKA, FF_2009_000160_LKA, FL_2014_000070_LKA, FL_2006_000155_LKA, FL_2008_000079_LKA","FL_2010_000092_LKA, LS_2015_000135_LKA, FL_2014_000070_LKA, FL_2018_000060_LKA, FL_1999_000031_LKA","FF_2009_000246_LKA, FF_2009_000160_LKA, FL_2014_000070_LKA, FL_2006_000155_LKA, FL_2019_000171_LKA",FF_2009_000246_LKA,0.0,Perfect consensus: strong latent-domain regional alignment.,80%,100%,0.2
FL_2020_000126_ETH,"FL_2015_000161_ETH, FF_2012_000081_ETH, FL_1997_000270_ETH, FF_2018_000042_ETH, FL_2013_000050_ETH","FL_1997_000270_ETH, FL_2007_000145_ETH, FL_2005_000064_ETH, FL_2002_000225_ETH, FL_2019_000089_SLE","FL_2015_000161_ETH, FF_2012_000081_ETH, FL_1997_000270_ETH, FF_2018_000042_ETH, FL_2013_000050_ETH",FL_2015_000161_ETH,0.0,Perfect consensus: strong latent-domain regional alignment.,100%,100%,0.0
FF_2021_000198_COG,"FL_1998_000179_RUS, FL_2006_000172_COG, FL_2010_000242_AGO, FL_2019_000052_SRB, FF_2012_000196_COG","FL_2007_000206_COG, FL_2006_000172_COG, FL_2013_000023_ZMB, FL_2019_000160_COG, FF_2012_000196_COG","FL_1998_000179_RUS, FL_2006_000172_COG, FL_2010_000242_AGO, FL_2019_000052_SRB, FF_2012_000196_COG",FL_1998_000179_RUS,0.0,Latent-driven match; continuous atmospheric physics dominated.,100%,40%,0.0
FL_2021_000023_DZA,"FL_2002_000540_DZA, FF_2008_000178_DZA, FF_2006_000163_AFG, FF_2007_000082_PAK, FL_2015_000146_DZA","FL_2020_000176_SDN, FL_2019_000181_IDN, FL_2006_000023_DZA, FL_2007_000051_TUN, FL_2015_000146_DZA","FL_2002_000540_DZA, FF_2008_000178_DZA, FF_2006_000163_AFG, FL_2015_000146_DZA, FF_2007_000082_PAK",FL_2002_000540_DZA,0.0,Perfect consensus: strong latent-domain regional alignment.,100%,60%,0.0
FL_2018_000014_ARG,"FL_2006_000030_SRB, FL_2007_000022_ARG, FL_2016_000137_ARG, FL_2007_000220_SRB, FL_1999_000240_SRB","FL_2006_000050_ARG, FL_2007_000044_ARG, FL_2019_000009_ARG, FL_2022_000158_HTI, FL_2003_000080_ARG","FL_2006_000030_SRB, FL_2007_000022_ARG, FL_2016_000137_ARG, FL_2007_000220_SRB, FL_1999_000240_SRB",FL_2006_000030_SRB,0.0,Latent-driven match; continuous atmospheric physics dominated.,100%,40%,0.0
FL_2021_000096_PAN,"FL_2012_000198_PAN, FL_2009_000240_PAN, FL_2007_000086_PAN, FL_2009_000101_PAN, FL_2004_000115_PAN","FL_2010_000119_PAN, FL_2009_000240_PAN, FL_2013_000123_CMR, FL_2003_000578_COL, FL_2012_000210_MWI","FL_2012_000198_PAN, FL_2009_000240_PAN, FL_2007_000086_PAN, FL_2009_000101_PAN, FL_2004_000115_PAN",FL_2012_000198_PAN,0.0,Perfect consensus: strong latent-domain regional alignment.,100%,100%,0.0
FL_2021_000110_YEM,"FL_2013_000103_YEM, FF_2019_000054_YEM, FF_2016_000034_YEM, FL_2021_000043_YEM, FL_2005_000070_YEM","FL_2008_000201_YEM, FL_2021_000043_YEM, FL_2022_000265_YEM, FL_2005_000070_YEM, FF_2019_000054_YEM","FL_2013_000103_YEM, FF_2019_000054_YEM, FL_2021_000043_YEM, FF_2016_000034_YEM, FL_2005_000070_YEM",FL_2013_000103_YEM,0.0,Perfect consensus: strong latent-domain regional alignment.,100%,100%,0.0
FF_2020_000153_BIH,"FL_2009_000044_BIH, FF_2010_000094_HUN, FL_2002_000479_CZE, FL_2016_000071_LBR, FL_1997_000166_ROM","FL_2005_000110_BIH, FF_2021_000189_BIH, FL_2009_000136_BIH, FF_2017_000122_CMR, FL_2022_000378_BIH","FL_2009_000044_BIH, FF_2010_000094_HUN, FL_2002_000479_CZE, FL_2016_000071_LBR, FL_1997_000166_ROM",FL_2009_000044_BIH,0.0,Perfect consensus: strong latent-domain regional alignment.,100%,20%,0.0
FF_2018_000042_ETH,"FL_2020_000126_ETH, FL_1997_000270_ETH, FF_2012_000081_ETH, FL_2005_000064_ETH, FL_2015_000161_ETH","FL_2002_000225_ETH, FL_2014_000152_ETH, FL_2005_000064_ETH, FF_2012_000081_ETH, FF_2008_000227_ETH","FL_2020_000126_ETH, FL_1997_000270_ETH, FF_2012_000081_ETH, FL_2005_000064_ETH, FL_2015_000161_ETH",FL_2020_000126_ETH,0.0,Perfect consensus: strong latent-domain regional alignment.,100%,100%,0.0
FL_2022_000378_BIH,"FL_2005_000063_SRB, FL_2005_000048_AFG, FL_2001_000620_DZA, FL_2010_000127_AFG, FL_2011_000022_AFG","FL_2009_000136_BIH, FL_2005_000208_BIH, FF_2010_000094_HUN, FL_2009_000044_BIH, FF_2020_000153_BIH","FL_2005_000063_SRB, FL_2005_000048_AFG, FL_2001_000620_DZA, FL_2010_000127_AFG, FL_2011_000022_AFG",FL_2005_000063_SRB,0.0,Latent-driven match; continuous atmospheric physics dominated.,100%,0%,0.0
FL_2019_000170_RWA,"FL_2007_000159_RWA, FL_2021_000049_RWA, FL_2015_000042_RWA, FL_2018_000029_RWA, FL_2008_000182_RWA","FL_2018_000029_RWA, FL_2019_000034_BOL, FL_2007_000159_RWA, FL_2011_000051_RWA, FL_2008_000182_RWA","FL_2007_000159_RWA, FL_2018_000029_RWA, FL_2021_000049_RWA, FL_2015_000042_RWA, FL_2008_000182_RWA",FL_2007_000159_RWA,0.0,Perfect consensus: strong latent-domain regional alignment.,100%,100%,0.0
FL_2019_000120_PHL,"FF_2008_000233_PHL, FL_2011_000067_PHL, FL_2010_000107_PHL, FL_2007_000003_PHL, FL_2000_000038_PHL","FL_2011_000204_PHL, FL_2014_000006_PHL, FL_2007_000003_PHL, FL_2010_000107_PHL, FL_2015_000081_PHL","FF_2008_000233_PHL, FL_2011_000067_PHL, FL_2010_000107_PHL, FL_2007_000003_PHL, FL_2000_000038_PHL",FF_2008_000233_PHL,0.0,Perfect consensus: strong latent-domain regional alignment.,100%,100%,0.0
ST_2022_000138_MDG,"FL_2005_000038_MDG, FL_2003_000037_MDG, ST_2015_000041_PRY, FL_2000_000617_BGD, FL_2002_000402_BGD","FL_2003_000037_MDG, FL_2005_000038_MDG, FL_2020_000019_MDG, FL_2007_000076_KEN, FL_2006_000145_GIN","FL_2005_000038_MDG, FL_2003_000037_MDG, ST_2015_000041_PRY, FL_2000_000617_BGD, FL_2002_000402_BGD",FL_2005_000038_MDG,0.0,Perfect consensus: strong latent-domain regional alignment.,100%,40%,0.0
FL_2020_000196_NGA,"FL_2007_000123_NGA, FL_2017_000126_NGA, FL_2013_000116_NGA, FL_2018_000120_NGA, FL_2005_000150_NGA","FL_2022_000271_NGA, FL_2018_000120_NGA, FL_2003_000455_NGA, FL_2005_000150_NGA, FF_2020_000204_TUN","FL_2007_000123_NGA, FL_2017_000126_NGA, FL_2013_000116_NGA, FL_2018_000120_NGA, FL_2005_000150_NGA",FL_2007_000123_NGA,0.0,Perfect consensus: strong latent-domain regional alignment.,100%,100%,0.0
FL_2019_000098_CAF,"FL_2022_000321_CAF, ST_2011_000073_CAF, FL_2007_000174_CAF, FL_2008_000086_MEX, FL_2018_000128_SDN","FL_2022_000271_NGA, FL_2007_000174_CAF, FL_2015_000053_CAF, FL_2004_000116_CAF, FL_2017_000149_TGO","FL_2022_000321_CAF, ST_2011_000073_CAF, FL_2007_000174_CAF, FL_2008_000086_MEX, FL_2018_000128_SDN",FL_2022_000321_CAF,0.0,Perfect consensus: strong latent-domain regional alignment.,100%,60%,0.0
FL_2021_000055_TJK,"FF_2011_000066_TJK, FL_2019_000058_TJK, FL_2004_000055_TJK, FF_2007_000049_TJK, FL_2018_000065_TJK","FL_2017_000079_TJK, FL_2010_000067_BRA, FL_2011_000096_PRK, FL_2010_000012_EGY, FL_1998_000111_TJK","FF_2011_000066_TJK, FL_2019_000058_TJK, FL_2004_000055_TJK, FF_2007_000049_TJK, FL_2018_000065_TJK",FF_2011_000066_TJK,0.0,Perfect consensus: strong latent-domain regional alignment.,100%,100%,0.0
FL_2022_000271_NGA,"FL_2007_000123_NGA, FL_2019_000093_NGA, FL_2020_000196_NGA, FL_2012_000138_NGA, FL_2013_000116_NGA","FL_2019_000098_CAF, FL_2009_000183_NGA, FL_2007_000123_NGA, FL_2005_000150_NGA, FL_2003_000455_NGA","FL_2007_000123_NGA, FL_2019_000093_NGA, FL_2020_000196_NGA, FL_2012_000138_NGA, FL_2013_000116_NGA",FL_2007_000123_NGA,0.0,Perfect consensus: strong latent-domain regional alignment.,100%,100%,0.0
FL_2021_000039_BDI,"FL_2020_000054_BDI, FL_2018_000054_BDI, FL_2009_000075_BDI, LS_2010_000040_UGA, FL_2019_000167_BDI","FL_2014_000019_BDI, LS_2010_000040_UGA, FL_2009_000075_BDI, FL_2018_000054_BDI, FL_2018_000124_MMR","FL_2020_000054_BDI, FL_2018_000054_BDI, FL_2009_000075_BDI, LS_2010_000040_UGA, FL_2019_000167_BDI",FL_2020_000054_BDI,0.0,Perfect consensus: strong latent-domain regional alignment.,100%,80%,0.0
FL_2019_000034_BOL,"FL_2003_000012_BOL, FL_2009_000045_BOL, FL_2011_000020_BOL, FL_1997_000022_BOL, FL_2010_000008_BOL","FL_2007_000012_BOL, FL_2018_000015_BOL, FL_2019_000170_RWA, FL_2013_000023_ZMB, FL_2000_000130_BOL","FL_2003_000012_BOL, FL_2009_000045_BOL, FL_2011_000020_BOL, FL_1997_000022_BOL, FL_2010_000008_BOL",FL_2003_000012_BOL,0.0,Perfect consensus: strong latent-domain regional alignment.,100%,100%,0.0
FL_2022_000379_MYS,"FL_2002_000402_BGD, FL_2018_000419_PRY, FF_2006_000049_IDN, FL_2008_000094_ZAF, FL_2019_000133_SOM","FL_2021_000001_MYS, FL_2010_000161_MYS, FL_2022_000365_PAN, FL_2019_000162_MYS, FL_2009_000247_MYS","FL_2002_000402_BGD, FL_2018_000419_PRY, FF_2006_000049_IDN, FL_2008_000094_ZAF, FL_2019_000133_SOM",FL_2002_000402_BGD,0.0,Latent-driven match; continuous atmospheric physics dominated.,100%,0%,0.0
FL_2020_000052_COD,"FL_2002_000376_RUS, FL_2006_000047_COD, FL_2012_000037_PSE, FL_2006_000062_THA, FL_2020_000161_BGD","FL_2010_000062_COD, FL_2006_000047_COD, FL_2010_000151_COD, FL_1997_000295_COD, FL_1999_000531_COD","FL_2002_000376_RUS, FL_2006_000047_COD, FL_2012_000037_PSE, FL_2006_000062_THA, FL_2020_000161_BGD",FL_2002_000376_RUS,0.0,Latent-driven match; continuous atmospheric physics dominated.,100%,20%,0.0
FL_2021_000134_NPL,"FL_2000_000476_NPL, FL_2003_000341_NPL, FL_2008_000104_NPL, FL_2019_000083_NPL, FL_2006_000127_NPL","FL_2009_000145_NPL, FL_2004_000051_NPL, FL_2006_000127_NPL, FL_2016_000068_NPL, FL_2009_000219_NPL","FL_2000_000476_NPL, FL_2003_000341_NPL, FL_2008_000104_NPL, FL_2019_000083_NPL, FL_2006_000127_NPL",FL_2000_000476_NPL,0.0,Perfect consensus: strong latent-domain regional alignment.,100%,100%,0.0
FL_2021_000127_NER,"FL_2012_000141_NER, FL_2017_000078_NER, FL_2009_000174_NER, FL_2022_000316_NER, FL_2022_000254_PAK","FL_2006_000133_NER, FL_2022_000316_NER, FL_2007_000147_NER, FL_2009_000174_NER, FL_2017_000078_NER","FL_2012_000141_NER, FL_2009_000174_NER, FL_2017_000078_NER, FL_2022_000316_NER, FL_2022_000254_PAK",FL_2012_000141_NER,0.0,Perfect consensus: strong latent-domain regional alignment.,100%,80%,0.0
FL_2019_000104_THA,"FL_2002_000641_THA, FL_2005_000153_THA, FL_2010_000152_THA, FF_2009_000107_THA, FL_2001_000450_THA","FL_2006_000125_THA, FL_2013_000083_THA, FL_2007_000199_THA, FL_2010_000152_THA, FL_2015_000064_IND","FL_2002_000641_THA, FL_2005_000153_THA, FL_2010_000152_THA, FF_2009_000107_THA, FL_2001_000450_THA",FL_2002_000641_THA,0.0,Perfect consensus: strong latent-domain regional alignment.,100%,100%,0.0
FL_2021_000173_IDN,"FL_2000_000258_IDN, FL_2014_000154_IDN, FL_2012_000153_IDN, FL_1997_000207_SYC, FL_2013_000070_IND","FF_2009_000069_IDN, LS_2016_000051_IDN, FL_2002_000054_IDN, FF_2006_000069_IDN, FF_2005_000067_IDN","FL_2000_000258_IDN, FL_2014_000154_IDN, FL_2012_000153_IDN, FL_1997_000207_SYC, FL_2013_000070_IND",FL_2000_000258_IDN,0.0,Perfect consensus: strong latent-domain regional alignment.,100%,60%,0.0
FL_2019_000133_SOM,"FL_2013_000052_SOM, FL_2013_000141_SOM, FL_2015_000040_SOM, FL_2021_000051_SOM, FL_2015_000145_SOM","FL_2008_000185_SOM, FF_2020_000221_SOM, FL_1997_000265_SOM, FL_2008_000091_SOM, FL_2012_000173_SOM","FL_2013_000052_SOM, FL_2015_000040_SOM, FL_2013_000141_SOM, FL_2021_000051_SOM, FL_2015_000145_SOM",FL_2013_000052_SOM,0.0,Perfect consensus: strong latent-domain regional alignment.,100%,100%,0.0
FL_2019_000119_CMR,"FL_2013_000123_CMR, FF_2017_000122_CMR, FL_2007_000149_CMR, FL_2012_000157_CMR, FL_2020_000195_CMR","FL_2007_000149_CMR, FL_2014_000121_CMR, FL_2013_000123_CMR, FL_2004_000055_TJK, FL_2012_000183_COL","FL_2013_000123_CMR, FF_2017_000122_CMR, FL_2007_000149_CMR, FL_2012_000157_CMR, FL_2020_000195_CMR",FL_2013_000123_CMR,0.0,Perfect consensus: strong latent-domain regional alignment.,100%,100%,0.0
FL_2019_000162_MYS,"FL_2022_000265_YEM, FL_2016_000075_BGD, FL_2021_000147_THA, FL_2003_000220_NAM, FL_2003_000389_BFA","FL_2010_000161_MYS, FL_2011_000021_MYS, FL_2021_000061_MYS, FL_2006_000189_MYS, FL_2006_000062_THA","FL_2022_000265_YEM, FL_2016_000075_BGD, FL_2021_000147_THA, FL_2003_000220_NAM, FL_2003_000389_BFA",FL_2022_000265_YEM,0.0,Latent-driven match; continuous atmospheric physics dominated.,100%,0%,0.0
FL_2018_000043_TZA,"FL_2014_000053_TZA, FL_2008_000011_TZA, FL_2020_000125_TZA, FL_1997_000049_TZA, FL_2006_000164_TZA","FL_2020_000202_GIN, FL_2010_000046_MOZ, FL_2015_000169_KEN, FL_2003_000624_HTI, FL_2014_000053_TZA","FL_2014_000053_TZA, FL_2008_000011_TZA, FL_2020_000125_TZA, FL_1997_000049_TZA, FL_2006_000164_TZA",FL_2014_000053_TZA,0.0,Perfect consensus: strong latent-domain regional alignment.,100%,100%,0.0
FL_2022_000277_SDN,"FL_2012_000129_SDN, FL_2013_000104_MLI, FL_2014_000098_SDN, FL_1998_000251_SDN, FL_2010_000195_MLI","FL_2005_000129_SDN, FL_2020_000176_SDN, FL_2008_000125_SDN, FL_2016_000072_SDN, FL_2003_000368_SDN","FL_2012_000129_SDN, FL_2013_000104_MLI, FL_2014_000098_SDN, FL_1998_000251_SDN, FL_2010_000195_MLI",FL_2012_000129_SDN,0.0,Perfect consensus: strong latent-domain regional alignment.,100%,60%,0.0
FL_2018_000058_COL,"FL_2014_000163_COL, FL_2005_000194_COL, FL_2006_000044_COL, FL_2008_000076_COL, FL_2013_000030_COL","FL_2015_000056_COL, FL_2013_000030_COL, FL_2015_000064_IND, FL_2004_000021_COL, FL_2018_000092_MNG","FL_2014_000163_COL, FL_2005_000194_COL, FL_2006_000044_COL, FL_2008_000076_COL, FL_2013_000030_COL",FL_2014_000163_COL,0.0,Perfect consensus: strong latent-domain regional alignment.,100%,100%,0.0
FL_2018_000105_BGD,"FF_2020_000123_YEM, FL_2022_000217_BGD, FL_2000_000083_ZWE, FL_2004_000044_BGD, FF_2006_000039_YEM","FL_2002_000536_MMR, FL_2002_000402_BGD, FL_2005_000176_BGD, FL_2011_000093_BGD, FL_2006_000131_BGD","FF_2020_000123_YEM, FL_2022_000217_BGD, FL_2000_000083_ZWE, FL_2004_000044_BGD, FF_2006_000039_YEM",FF_2020_000123_YEM,0.0,Latent-driven match; continuous atmospheric physics dominated.,100%,40%,0.0
FL_2020_000237_LKA,"FL_2010_000196_LKA, FL_2014_000162_LKA, FL_2016_000050_LKA, FL_2017_000057_LKA, FL_2018_000060_LKA","FL_1999_000031_LKA, FL_2008_000079_LKA, FL_2018_000092_MNG, FL_2019_000167_BDI, FL_2021_000039_BDI","FL_2010_000196_LKA, FL_2014_000162_LKA, FL_2016_000050_LKA, FL_2017_000057_LKA, FL_2018_000060_LKA",FL_2010_000196_LKA,0.0,Perfect consensus: strong latent-domain regional alignment.,100%,100%,0.0
FL_2022_000382_ZAF,"FL_2014_000038_ZAF, FL_2022_000201_ZAF, FL_2015_000042_RWA, FL_2021_000049_RWA, FL_2007_000159_RWA","FL_2009_000133_ZAF, FL_2014_000038_ZAF, FL_2008_000094_ZAF, FL_2022_000201_ZAF, FL_2011_000129_MLI","FL_2014_000038_ZAF, FL_2022_000201_ZAF, FL_2015_000042_RWA, FL_2021_000049_RWA, FL_2007_000159_RWA",FL_2014_000038_ZAF,0.0,Perfect consensus: strong latent-domain regional alignment.,100%,40%,0.0
FL_2021_000051_SOM,"FL_2013_000052_SOM, FL_2011_000161_SOM, FL_2008_000180_NIC, FL_2016_000046_SOM, FL_1998_000179_RUS","FF_2020_000221_SOM, FL_2011_000135_THA, FL_2008_000185_SOM, FL_2012_000173_SOM, FL_2019_000133_SOM","FL_2013_000052_SOM, FL_2011_000161_SOM, FL_2008_000180_NIC, FL_2016_000046_SOM, FL_1998_000179_RUS",FL_2013_000052_SOM,0.0,Perfect consensus: strong latent-domain regional alignment.,100%,60%,0.0
FL_2018_000414_IRQ,"FL_2010_000019_MEX, FL_2021_000208_IRQ, FL_2010_000042_SRB, FF_2013_000029_SRB, FL_2012_000037_PSE","FL_2006_000018_IRQ, FL_2015_000153_IRQ, FF_2011_000049_IRQ, FL_2009_000242_IRQ, FL_2016_000081_GTM","FL_2010_000019_MEX, FL_2021_000208_IRQ, FL_2010_000042_SRB, FF_2013_000029_SRB, FL_2012_000037_PSE",FL_2010_000019_MEX,0.0,Latent-driven match; continuous atmospheric physics dominated.,100%,20%,0.0
FL_2020_000029_TZA,"FL_2020_000125_TZA, FL_2014_000053_TZA, FF_2014_000009_TZA, FL_2019_000048_TZA, FL_1998_000112_TZA","FL_2006_000164_TZA, FL_2005_000062_TZA, FL_1998_000112_TZA, FL_2006_000065_TZA, FL_2016_000011_TZA","FL_2020_000125_TZA, FL_2014_000053_TZA, FF_2014_000009_TZA, FL_1998_000112_TZA, FL_2019_000048_TZA",FL_2020_000125_TZA,0.0,Perfect consensus: strong latent-domain regional alignment.,100%,100%,0.0
FL_2022_000305_GIN,"FL_2020_000202_GIN, FL_2001_000549_GIN, FL_2011_000131_GIN, FL_2009_000178_GIN, FL_2015_000105_GIN","FL_2009_000178_GIN, FF_2011_000071_GEO, FL_2006_000145_GIN, FL_2001_000549_GIN, FL_2003_000293_TLS","FL_2020_000202_GIN, FL_2001_000549_GIN, FL_2009_000178_GIN, FL_2011_000131_GIN, FL_2015_000105_GIN",FL_2020_000202_GIN,0.0,Perfect consensus: strong latent-domain regional alignment.,100%,100%,0.0
FL_2021_000204_BRA,"FL_2013_000157_BRA, FL_2009_000239_BRA, FL_2008_000234_BRA, FL_2011_000002_BRA, FL_2003_000028_BRA","FL_2019_000048_TZA, FL_2017_000002_MYS, FL_2015_000080_MMR, FL_2018_000077_CIV, LS_2022_000224_GTM","FL_2013_000157_BRA, FL_2009_000239_BRA, FL_2008_000234_BRA, FL_2011_000002_BRA, FL_2003_000028_BRA",FL_2013_000157_BRA,0.0,Perfect consensus: strong latent-domain regional alignment.,100%,100%,0.0
FL_2018_000419_PRY,"FL_2002_000322_CHL, FL_2005_000103_SLV, FL_2012_000039_CHL, FL_2008_000069_CHL, FL_2009_000165_CHL","FL_2008_000035_PRY, FL_2009_000226_PRY, FL_2019_000009_ARG, FL_2002_000296_PRY, FL_2021_000161_IND","FL_2002_000322_CHL, FL_2005_000103_SLV, FL_2012_000039_CHL, FL_2008_000069_CHL, FL_2009_000165_CHL",FL_2002_000322_CHL,0.0,Latent-driven match; continuous atmospheric physics dominated.,100%,0%,0.0
FF_2018_000041_SOM,"FL_2016_000046_SOM, FL_2011_000161_SOM, FL_2012_000173_SOM, FF_2009_000229_SOM, FL_2013_000052_SOM","FF_2020_000221_SOM, FF_2020_000055_SOM, FL_2015_000145_SOM, FL_2008_000091_SOM, FL_2010_000041_SOM","FL_2016_000046_SOM, FL_2011_000161_SOM, FL_2012_000173_SOM, FF_2009_000229_SOM, FL_2013_000052_SOM",FL_2016_000046_SOM,0.0,Perfect consensus: strong latent-domain regional alignment.,100%,100%,0.0
FL_2021_000061_MYS,"FL_2011_000108_SEN, FL_2003_000220_NAM, FL_2012_000200_BFA, FL_2022_000276_GMB, FL_1997_000299_PRY","FL_2016_000025_SRB, FF_2020_000158_SRB, FL_2021_000208_IRQ, FL_2011_000021_MYS, FL_2019_000162_MYS","FL_2011_000108_SEN, FL_2003_000220_NAM, FL_2012_000200_BFA, FL_2022_000276_GMB, FL_1997_000299_PRY",FL_2011_000108_SEN,0.0,Latent-driven match; continuous atmospheric physics dominated.,100%,0%,0.0
FF_2019_000054_YEM,"FL_2022_000265_YEM, FL_2021_000110_YEM, FL_2005_000070_YEM, FL_1999_000548_YEM, FL_2021_000043_YEM","FL_2008_000201_YEM, ST_2010_000085_CHN, FL_2005_000070_YEM, FL_2022_000265_YEM, FL_2012_000106_BGD","FL_2022_000265_YEM, FL_2021_000110_YEM, FL_2005_000070_YEM, FL_1999_000548_YEM, FL_2021_000043_YEM",FL_2022_000265_YEM,0.0,Perfect consensus: strong latent-domain regional alignment.,100%,100%,0.0
FL_2019_000020_COL,"FL_2009_000241_COL, FL_2012_000042_COL, FL_2003_000578_COL, FL_2013_000030_COL, FL_2006_000044_COL","FL_2012_000141_NER, FL_2018_000004_COD, FL_2011_000161_SOM, FL_2014_000004_COL, FL_2011_000045_GTM","FL_2009_000241_COL, FL_2012_000042_COL, FL_2003_000578_COL, FL_2013_000030_COL, FL_2006_000044_COL",FL_2009_000241_COL,0.0,Perfect consensus: strong latent-domain regional alignment.,100%,100%,0.0
FL_2020_000054_BDI,"FL_2021_000039_BDI, LS_2010_000040_UGA, FL_2009_000075_BDI, FL_2018_000054_BDI, FL_2015_000176_BDI","FL_2014_000019_BDI, LS_2010_000040_UGA, FF_2022_000209_AFG, FL_2018_000054_BDI, FL_2021_000039_BDI","FL_2021_000039_BDI, LS_2010_000040_UGA, FL_2009_000075_BDI, FL_2018_000054_BDI, FL_2015_000176_BDI",FL_2021_000039_BDI,0.0,Perfect consensus: strong latent-domain regional alignment.,100%,80%,0.0
FL_2022_000332_BEN,"FL_2021_000145_BEN, FL_2007_000141_NGA, FL_1998_000329_BEN, FL_2007_000165_BEN, FL_2008_000102_CIV","FL_2021_000145_BEN, FL_2007_000141_NGA, FL_2007_000003_PHL, FL_2010_000118_GHA, FL_1997_000199_BEN","FL_2021_000145_BEN, FL_2007_000141_NGA, FL_1998_000329_BEN, FL_2007_000165_BEN, FL_2008_000102_CIV",FL_2021_000145_BEN,0.0,Perfect consensus: strong latent-domain regional alignment.,100%,60%,0.0
FL_2020_000154_CIV,"FL_2012_000172_MLI, FL_2013_000125_BFA, FL_2019_000131_CIV, FL_1998_000329_BEN, FL_2016_000089_SEN","FL_2019_000131_CIV, FL_1999_000053_PHL, FL_2015_000131_SLE, ST_2010_000085_CHN, FL_2022_000249_CIV","FL_2012_000172_MLI, FL_2019_000131_CIV, FL_2013_000125_BFA, FL_1998_000329_BEN, FL_2016_000089_SEN",FL_2012_000172_MLI,0.0,Latent-driven match; continuous atmospheric physics dominated.,100%,20%,0.0
FL_2019_000083_NPL,"SL_2002_000428_NPL, FL_2003_000341_NPL, FL_2008_000104_NPL, FL_2006_000127_NPL, FL_2021_000134_NPL","FL_2020_000165_NPL, FL_2004_000051_NPL, FL_2010_000160_NPL, SL_2002_000428_NPL, FL_2006_000127_NPL","SL_2002_000428_NPL, FL_2003_000341_NPL, FL_2006_000127_NPL, FL_2008_000104_NPL, FL_2021_000134_NPL",SL_2002_000428_NPL,0.0,Perfect consensus: strong latent-domain regional alignment.,100%,100%,0.0
FF_2022_000309_SLE,"FL_2019_000089_SLE, FL_2005_000139_SLE, FL_2022_000321_CAF, FL_2007_000177_SLE, ST_2011_000073_CAF","FL_2007_000177_SLE, FL_2015_000131_SLE, FL_2015_000065_GHA, FL_2011_000107_MMR, FL_2011_000204_PHL","FL_2019_000089_SLE, FL_2005_000139_SLE, FL_2022_000321_CAF, FL_2007_000177_SLE, ST_2011_000073_CAF",FL_2019_000089_SLE,0.0,Perfect consensus: strong latent-domain regional alignment.,100%,60%,0.0
FL_2020_000212_KHM,"FL_2006_000130_KHM, FL_2000_000438_KHM, FL_1999_000259_KHM, FL_2001_000485_KHM, FL_2008_000246_GUY","FL_2001_000485_KHM, FL_2000_000438_KHM, FL_2006_000130_KHM, FL_2002_000522_KHM, FL_1999_000259_KHM","FL_2006_000130_KHM, FL_2000_000438_KHM, FL_1999_000259_KHM, FL_2001_000485_KHM, FL_2002_000522_KHM",FL_2006_000130_KHM,0.0,Perfect consensus: strong latent-domain regional alignment.,80%,100%,0.2
FL_2020_000038_EGY,"FL_2001_000620_DZA, FL_2011_000109_PAK, FL_1998_000247_IRN, FL_2014_000122_PAK, FF_2014_000048_KAZ","FL_2011_000183_TZA, FL_1993_000013_PHL, FL_2010_000012_EGY, FL_2016_000114_EGY, FL_2012_000083_HND","FL_2001_000620_DZA, FL_2011_000109_PAK, FL_1998_000247_IRN, FL_2014_000122_PAK, FF_2014_000048_KAZ",FL_2001_000620_DZA,0.0,Latent-driven match; continuous atmospheric physics dominated.,100%,0%,0.0
FF_2020_000055_SOM,"FL_2011_000161_SOM, FL_2016_000046_SOM, FL_2007_000111_GBR, FL_2013_000052_SOM, FL_2010_000162_HND","FF_2018_000041_SOM, FF_2020_000221_SOM, FL_2015_000145_SOM, FL_2014_000150_SOM, FL_2008_000091_SOM","FL_2011_000161_SOM, FL_2016_000046_SOM, FL_2013_000052_SOM, FL_2007_000111_GBR, FL_2010_000162_HND",FL_2011_000161_SOM,0.0,Perfect consensus: strong latent-domain regional alignment.,100%,60%,0.0
FL_2019_000131_CIV,"FL_2009_000170_MRT, FL_2007_000130_CIV, FL_2022_000249_CIV, FL_2017_000052_RUS, FL_2001_000227_RUS","FL_2020_000154_CIV, FL_2018_000077_CIV, FL_2009_000241_COL, FL_2009_000187_CIV, FL_2012_000056_PRY","FL_2009_000170_MRT, FL_2007_000130_CIV, FL_2022_000249_CIV, FL_2017_000052_RUS, FL_2018_000077_CIV",FL_2009_000170_MRT,0.0,Latent-driven match; continuous atmospheric physics dominated.,80%,60%,0.4
FL_2019_000081_MMR,"FL_2016_000058_MMR, FL_1997_000177_MMR, FL_2013_000087_MMR, FL_2015_000080_MMR, FL_2018_000124_MMR","FL_2005_000160_MMR, FL_2010_000115_MMR, FL_2020_000172_MMR, FL_1997_000177_MMR, FL_2017_000091_MMR","FL_2016_000058_MMR, FL_1997_000177_MMR, FL_2013_000087_MMR, FL_2015_000080_MMR, FL_2017_000091_MMR",FL_2016_000058_MMR,0.0,Perfect consensus: strong latent-domain regional alignment.,80%,100%,0.2
FL_2019_000171_LKA,"FL_2021_000057_LKA, FF_2009_000160_LKA, FL_2006_000155_LKA, FL_2014_000070_LKA, FL_2007_000228_LKA","FL_1999_000031_LKA, LS_2015_000135_LKA, FL_2007_000052_LKA, FL_2018_000060_LKA, FL_2000_000741_LKA","FL_2021_000057_LKA, FF_2009_000160_LKA, FL_2006_000155_LKA, FL_2014_000070_LKA, FL_2007_000228_LKA",FL_2021_000057_LKA,0.0,Perfect consensus: strong latent-domain regional alignment.,100%,100%,0.0
FL_2020_000242_COL,"LS_2010_000190_COL, FL_2010_000076_COL, FL_2014_000163_COL, FL_2009_000241_COL, FL_2005_000194_COL","FL_2016_000091_NER, FL_2012_000042_COL, FL_2022_000290_SEN, FL_2017_000149_TGO, FL_2006_000192_IDN","LS_2010_000190_COL, FL_2010_000076_COL, FL_2014_000163_COL, FL_2009_000241_COL, FL_2005_000194_COL",LS_2010_000190_COL,0.0,Perfect consensus: strong latent-domain regional alignment.,100%,100%,0.0
LS_2022_000224_GTM,"FL_2011_000045_GTM, FL_2021_000078_GTM, FL_2016_000081_GTM, FL_2019_000094_GTM, FL_2017_000130_GTM","FL_2010_000102_CRI, FL_2009_000117_GTM, FL_2021_000204_BRA, ST_2012_000061_VNM, FL_2017_000002_MYS","FL_2011_000045_GTM, FL_2021_000078_GTM, FL_2016_000081_GTM, FL_2019_000094_GTM, FL_2017_000130_GTM",FL_2011_000045_GTM,0.0,Perfect consensus: strong latent-domain regional alignment.,100%,100%,0.0
FL_2020_000192_TCD,"FL_2001_000521_TCD, FL_2022_000287_TCD, FL_1998_000251_SDN, FL_2016_000060_IND, FL_2009_000186_TCD","FL_1999_000265_TCD, FL_2001_000521_TCD, FL_2009_000186_TCD, FL_2012_000151_TCD, FL_2007_000151_TCD","FL_2001_000521_TCD, FL_2022_000287_TCD, FL_1998_000251_SDN, FL_2016_000060_IND, FL_2009_000186_TCD",FL_2001_000521_TCD,0.0,Perfect consensus: strong latent-domain regional alignment.,100%,60%,0.0
FL_2022_000312_BGR,"FL_2004_000100_PAN, FL_2008_000011_TZA, FL_2007_000086_PAN, FF_2014_000009_TZA, FL_2004_000115_PAN","FL_2006_000045_HUN, FL_2005_000098_BGR, SL_2002_000428_NPL, FL_2005_000168_NPL, FL_2008_000168_NPL","FL_2004_000100_PAN, FL_2008_000011_TZA, FL_2007_000086_PAN, FF_2014_000009_TZA, FL_2004_000115_PAN",FL_2004_000100_PAN,0.0,Latent-driven match; continuous atmospheric physics dominated.,100%,0%,0.0
FL_2021_000078_GTM,"FL_2012_000098_GTM, FL_2011_000045_GTM, LS_2022_000224_GTM, FL_2016_000081_GTM, FL_1999_000235_IRN","FL_2008_000166_GTM, FL_2019_000094_GTM, FL_2013_000023_ZMB, FL_2007_000194_GTM, FL_2009_000117_GTM","FL_2012_000098_GTM, FL_2011_000045_GTM, LS_2022_000224_GTM, FL_2016_000081_GTM, FL_1999_000235_IRN",FL_2012_000098_GTM,0.0,Perfect consensus: strong latent-domain regional alignment.,100%,80%,0.0
FL_2018_000124_MMR,"FL_1997_000177_MMR, FL_2019_000081_MMR, FL_2013_000087_MMR, FL_2020_000172_MMR, FL_2016_000058_MMR","FL_2013_000087_MMR, FL_2016_000050_LKA, FL_2021_000097_BGD, FL_2021_000039_BDI, FL_2014_000053_TZA","FL_1997_000177_MMR, FL_2013_000087_MMR, FL_2019_000081_MMR, FL_2020_000172_MMR, FL_2016_000058_MMR",FL_1997_000177_MMR,0.0,Perfect consensus: strong latent-domain regional alignment.,100%,100%,0.0
FL_2019_000093_NGA,"FL_2007_000123_NGA, FL_2017_000126_NGA, FL_2022_000271_NGA, FL_2018_000120_NGA, FL_2012_000138_NGA","FL_2005_000150_NGA, FL_2007_000123_NGA, FL_1998_000392_IND, FL_2003_000455_NGA, FL_2005_000153_THA","FL_2007_000123_NGA, FL_2017_000126_NGA, FL_2022_000271_NGA, FL_2018_000120_NGA, FL_2012_000138_NGA",FL_2007_000123_NGA,0.0,Perfect consensus: strong latent-domain regional alignment.,100%,100%,0.0
FL_2019_000101_NER,"FL_2009_000174_NER, FL_2011_000122_NER, FL_2007_000147_NER, FL_2006_000133_NER, FL_2017_000078_NER","FL_2014_000115_NER, FL_2011_000122_NER, FL_2015_000123_NER, FL_2016_000091_NER, FL_2009_000174_NER","FL_2009_000174_NER, FL_2011_000122_NER, FL_2007_000147_NER, FL_2006_000133_NER, FL_2017_000078_NER",FL_2009_000174_NER,0.0,Perfect consensus: strong latent-domain regional alignment.,100%,100%,0.0
FL_2018_000077_CIV,"FL_2007_000130_CIV, FL_2009_000187_CIV, FL_2019_000131_CIV, FL_2020_000154_CIV, FL_2013_000076_PRY","FL_2007_000130_CIV, FL_2009_000187_CIV, FL_2017_000002_MYS, FL_2022_000249_CIV, FL_1992_000008_PAK","FL_2007_000130_CIV, FL_2009_000187_CIV, FL_2019_000131_CIV, FL_2020_000154_CIV, FL_2013_000076_PRY",FL_2007_000130_CIV,0.0,Perfect consensus: strong latent-domain regional alignment.,100%,80%,0.0
FL_2019_000032_BOL,"FL_2014_000008_BOL, FL_2009_000045_BOL, FL_2003_000012_BOL, FL_1997_000022_BOL, FL_2011_000020_BOL","FL_2003_000621_BOL, FL_2009_000045_BOL, FL_2010_000008_BOL, FL_2011_000020_BOL, FL_2002_000110_BOL","FL_2014_000008_BOL, FL_2009_000045_BOL, FL_2003_000012_BOL, FL_1997_000022_BOL, FL_2011_000020_BOL",FL_2014_000008_BOL,0.0,Perfect consensus: strong latent-domain regional alignment.,100%,100%,0.0
FL_2020_000161_BGD,"FL_1998_000203_BGD, FL_2012_000106_BGD, FL_2007_000129_PAK, FL_1997_000164_BGD, FL_2008_000096_BGD","FL_2000_000617_BGD, FF_2007_000080_BGD, FL_1997_000164_BGD, FL_2006_000131_BGD, FL_2021_000134_NPL","FL_1998_000203_BGD, FL_2012_000106_BGD, FL_2007_000129_PAK, FL_1997_000164_BGD, FL_2008_000096_BGD",FL_1998_000203_BGD,0.0,Perfect consensus: strong latent-domain regional alignment.,100%,80%,0.0
FF_2020_000221_SOM,"FL_2008_000185_SOM, FL_2014_000150_SOM, FF_2009_000229_SOM, FL_2013_000052_SOM, FL_2008_000201_YEM","FL_1997_000265_SOM, FL_2019_000133_SOM, FL_2008_000185_SOM, FL_2012_000173_SOM, FL_2015_000145_SOM","FL_2008_000185_SOM, FL_2014_000150_SOM, FF_2009_000229_SOM, FL_2013_000052_SOM, FL_2008_000201_YEM",FL_2008_000185_SOM,0.0,Perfect consensus: strong latent-domain regional alignment.,100%,80%,0.0
FL_2022_000287_TCD,"FL_2022_000249_CIV, FL_2009_000170_MRT, FL_2018_000140_MLI, FF_2013_000100_RUS, FL_2009_000247_MYS","FL_2021_000152_GEO, FL_2012_000141_NER, FL_1999_000265_TCD, FL_2011_000181_VEN, FL_2020_000192_TCD","FL_2022_000249_CIV, FL_2009_000170_MRT, FL_2018_000140_MLI, FF_2013_000100_RUS, FL_2009_000247_MYS",FL_2022_000249_CIV,0.0,Latent-driven match; continuous atmospheric physics dominated.,100%,0%,0.0
FL_2019_000058_TJK,"FF_2011_000066_TJK, FF_2007_000049_TJK, FL_2017_000079_TJK, FL_2004_000055_TJK, FL_2018_000065_TJK","FF_2011_000066_TJK, FL_2005_000090_TJK, FL_2009_000095_TJK, FL_2015_000123_NER, FL_2017_000079_TJK","FF_2011_000066_TJK, FF_2007_000049_TJK, FL_2017_000079_TJK, FL_2018_000065_TJK, FL_2004_000055_TJK",FF_2011_000066_TJK,0.0,Perfect consensus: strong latent-domain regional alignment.,100%,100%,0.0
FL_2021_000097_BGD,"FF_2020_000156_UKR, FL_2008_000094_ZAF, FL_2021_000084_TCD, FL_2008_000155_CHL, FL_2006_000050_ARG","FL_2000_000617_BGD, FF_2007_000080_BGD, FL_2018_000124_MMR, FL_2011_000093_BGD, FL_2008_000096_BGD","FF_2020_000156_UKR, FL_2008_000094_ZAF, FL_2021_000084_TCD, FL_2008_000155_CHL, FL_2006_000050_ARG",FF_2020_000156_UKR,0.0,Latent-driven match; continuous atmospheric physics dominated.,100%,0%,0.0
FL_2021_000147_THA,"FL_2006_000062_THA, FL_2010_000152_THA, FF_2009_000107_THA, FL_2011_000135_THA, FL_2001_000450_THA","FL_2015_000081_PHL, FL_2020_000164_IND, FL_2005_000153_THA, FF_2012_000102_PHL, FL_2008_000250_THA","FL_2006_000062_THA, FL_2010_000152_THA, FF_2009_000107_THA, FL_2011_000135_THA, FL_2001_000450_THA",FL_2006_000062_THA,0.0,Perfect consensus: strong latent-domain regional alignment.,100%,100%,0.0
FF_2021_000189_BIH,"FL_2005_000063_SRB, FL_2011_000061_DOM, FL_2002_000367_SRB, FL_2010_000026_DOM, FL_2004_000028_DOM","FL_2005_000110_BIH, FF_2020_000153_BIH, FF_2018_000158_TUN, FL_2009_000044_BIH, FL_2022_000378_BIH","FL_2005_000063_SRB, FL_2011_000061_DOM, FL_2002_000367_SRB, FL_2010_000026_DOM, FL_2004_000028_DOM",FL_2005_000063_SRB,0.0,Latent-driven match; continuous atmospheric physics dominated.,100%,0%,0.0
FL_2022_000213_IND,"FL_2016_000060_IND, FL_2017_000064_IND, FF_2007_000083_IND, FL_1997_000337_IND, FL_2019_000084_IND","FL_2005_000182_IND, FL_2002_000374_IND, FL_1999_000371_IND, FL_2006_000070_IND, FL_2008_000089_IND","FL_2016_000060_IND, FL_2017_000064_IND, FF_2007_000083_IND, FL_1997_000337_IND, FL_2019_000084_IND",FL_2016_000060_IND,0.0,Perfect consensus: strong latent-domain regional alignment.,100%,100%,0.0
FF_2019_000068_VNM,"FF_2017_000101_VNM, FL_1994_000007_VNM, FL_1999_000244_VNM, FL_1990_000004_VNM, FL_2009_000124_VNM","FL_1999_000574_VNM, FL_2014_000030_PRY, FL_2020_000195_CMR, FL_2013_000024_MKD, FL_1999_000428_VNM","FF_2017_000101_VNM, FL_1994_000007_VNM, FL_1999_000244_VNM, FL_1990_000004_VNM, FL_2009_000124_VNM",FF_2017_000101_VNM,0.0,Perfect consensus: strong latent-domain regional alignment.,100%,100%,0.0
FL_2022_000217_BGD,"FL_2007_000129_PAK, FL_2012_000106_BGD, FL_1998_000203_BGD, FL_1997_000164_BGD, FL_2015_000068_BGD","FL_2002_000536_MMR, FL_2007_000129_PAK, FF_2007_000080_BGD, FL_2002_000402_BGD, FL_2000_000617_BGD","FL_2007_000129_PAK, FL_2012_000106_BGD, FL_1998_000203_BGD, FL_1997_000164_BGD, FL_2015_000068_BGD",FL_2007_000129_PAK,0.0,Latent-driven match; continuous atmospheric physics dominated.,100%,80%,0.0
FL_2018_000164_HND,"FL_2012_000083_HND, FL_1999_000324_HND, FL_2022_000328_HND, FL_2008_000191_HND, FL_2003_000481_HND","FL_2008_000191_HND, FL_2003_000481_HND, FL_1999_000324_HND, FL_2022_000328_HND, FL_2017_000160_HND","FL_2012_000083_HND, FL_1999_000324_HND, FL_2022_000328_HND, FL_2008_000191_HND, FL_2003_000481_HND",FL_2012_000083_HND,0.0,Perfect consensus: strong latent-domain regional alignment.,100%,100%,0.0
FL_2022_000348_CRI,"FL_2021_000092_CRI, FL_2004_000120_CRI, FL_2012_000126_PAN, FL_2002_000755_CRI, FL_2008_000232_CRI","FL_2018_000165_CRI, FL_2004_000120_CRI, FL_2002_000755_CRI, FL_1999_000350_CRI, FL_2002_000263_CRI","FL_2021_000092_CRI, FL_2004_000120_CRI, FL_2002_000755_CRI, FL_2012_000126_PAN, FL_2009_000039_CRI",FL_2021_000092_CRI,0.0,Perfect consensus: strong latent-domain regional alignment.,80%,80%,0.2
FL_2020_000128_KEN,"FL_2015_000169_KEN, FF_2012_000062_KEN, FL_2004_000020_KEN, FL_2002_000265_KEN, FL_2009_000218_KEN","FL_2007_000076_KEN, FF_2021_000032_TLS, FF_2012_000062_KEN, FL_2002_000265_KEN, FL_2014_000154_IDN","FL_2015_000169_KEN, FF_2012_000062_KEN, FL_2004_000020_KEN, FL_2002_000265_KEN, FL_2007_000076_KEN",FL_2015_000169_KEN,0.0,Perfect consensus: strong latent-domain regional alignment.,80%,100%,0.8
FL_2021_000005_IDN,"FL_2013_000006_IDN, FL_1999_000349_SLV, FF_2019_000029_IDN, FL_2011_000007_ZAF, FL_2002_000732_IDN","FL_2002_000054_IDN, FF_2006_000069_IDN, FL_2021_000173_IDN, FL_2006_000192_IDN, FF_2009_000069_IDN","FL_2013_000006_IDN, FL_1999_000349_SLV, FF_2019_000029_IDN, FL_2011_000007_ZAF, FL_2002_000732_IDN",FL_2013_000006_IDN,0.0,Perfect consensus: strong latent-domain regional alignment.,100%,60%,0.0
FL_2018_000165_CRI,"FL_2008_000191_CRI, FL_2005_000166_CRI, FL_1999_000350_CRI, FL_2007_000176_CRI, FL_2022_000348_CRI","FL_2008_000232_CRI, FL_2007_000176_CRI, FL_2009_000039_CRI, FL_2022_000348_CRI, FL_2002_000263_CRI","FL_2008_000191_CRI, FL_2005_000166_CRI, FL_1999_000350_CRI, FL_2007_000176_CRI, FL_2022_000348_CRI",FL_2008_000191_CRI,0.0,Perfect consensus: strong latent-domain regional alignment.,100%,100%,0.0
FL_2018_000425_LKA,"FF_2009_000160_LKA, FL_2020_000237_LKA, FL_2021_000057_LKA, FL_2016_000050_LKA, FL_2014_000162_LKA","FL_2007_000228_LKA, FL_2014_000162_LKA, FL_2016_000050_LKA, FL_2011_000176_LKA, FL_2018_000060_LKA","FF_2009_000160_LKA, FL_2020_000237_LKA, FL_2021_000057_LKA, FL_2016_000050_LKA, FL_2014_000162_LKA",FF_2009_000160_LKA,0.0,Perfect consensus: strong latent-domain regional alignment.,100%,100%,0.0
FF_2020_000240_ZMB,"FL_2009_000242_IRQ, FF_2012_000101_GAB, FL_2013_000023_ZMB, FL_2018_000029_RWA, FL_2015_000153_IRQ","FL_2022_000135_ZMB, FL_1998_000053_ZMB, FL_2013_000023_ZMB, FL_2020_000237_LKA, FF_2007_000091_AFG","FL_2009_000242_IRQ, FF_2012_000101_GAB, FL_2013_000023_ZMB, FL_2018_000029_RWA, FL_2015_000153_IRQ",FL_2009_000242_IRQ,0.0,Latent-driven match; continuous atmospheric physics dominated.,100%,20%,0.0
FF_2018_000158_TUN,"FF_2020_000204_TUN, FF_2007_000185_TUN, FF_2009_000204_TUN, FL_2019_000011_IDN, FL_2005_000194_COL","FF_2007_000185_TUN, FF_2009_000204_TUN, FL_2022_000190_TUN, FL_1999_000428_VNM, FL_2011_000022_AFG","FF_2020_000204_TUN, FF_2007_000185_TUN, FF_2009_000204_TUN, FL_2019_000011_IDN, FL_2005_000194_COL",FF_2020_000204_TUN,0.0,Perfect consensus: strong latent-domain regional alignment.,100%,60%,0.0
FL_2021_000209_MYS,"FF_2006_000049_IDN, FL_2011_000021_MYS, FF_2019_000029_IDN, FL_2007_000025_FJI, FL_2006_000131_BGD","FL_2010_000161_MYS, FL_2007_000222_MYS, FL_2006_000189_MYS, FL_2021_000001_MYS, FF_2008_000227_ETH","FF_2006_000049_IDN, FL_2011_000021_MYS, FF_2019_000029_IDN, FL_2007_000025_FJI, FL_2006_000131_BGD",FF_2006_000049_IDN,0.0,Latent-driven match; continuous atmospheric physics dominated.,100%,20%,0.0
FL_2021_000129_VEN,"FL_2011_000181_VEN, FL_2015_000085_VEN, FL_2010_000240_VEN, FL_1999_000547_VEN, FL_2002_000445_VEN","FL_2000_000735_VEN, FL_2002_000445_VEN, FL_2012_000075_VEN, FL_1999_000547_VEN, FL_2010_000240_VEN","FL_2011_000181_VEN, FL_2015_000085_VEN, FL_2010_000240_VEN, FL_1999_000547_VEN, FL_2002_000445_VEN",FL_2011_000181_VEN,0.0,Perfect consensus: strong latent-domain regional alignment.,100%,100%,0.0
FL_2022_000002_IRN,"FL_2001_000453_IRN, FL_2002_000500_IRN, FL_2001_000375_IRN, FL_2002_000020_IRN, FL_2015_000088_IRN","FL_2001_000375_IRN, FL_1999_000235_IRN, FL_1998_000085_IRN, FF_2020_000006_IRN, FL_2001_000453_IRN","FL_2001_000453_IRN, FL_2001_000375_IRN, FL_2002_000500_IRN, FL_2002_000020_IRN, FL_2015_000088_IRN",FL_2001_000453_IRN,0.0,Perfect consensus: strong latent-domain regional alignment.,100%,100%,0.0
FL_2021_000091_PHL,"FF_2008_000233_PHL, FL_2011_000067_PHL, FL_2000_000038_PHL, FF_2008_000082_PHL, FL_2015_000081_PHL","FF_2009_000201_PHL, FL_2015_000081_PHL, FL_2005_000205_PHL, FL_2006_000085_UKR, FL_1995_000012_PHL","FF_2008_000233_PHL, FL_2011_000067_PHL, FL_2000_000038_PHL, FL_2015_000081_PHL, FF_2008_000082_PHL",FF_2008_000233_PHL,0.0,Perfect consensus: strong latent-domain regional alignment.,100%,100%,0.0
FL_2022_000365_PAN,"FL_2004_000115_PAN, FL_2004_000100_PAN, FL_2010_000119_PAN, FL_2009_000101_PAN, FL_2011_000180_PAN","FL_2022_000379_MYS, FL_2016_000081_GTM, FL_2009_000101_PAN, FL_2013_000101_LAO, FL_2011_000118_GTM","FL_2004_000115_PAN, FL_2004_000100_PAN, FL_2010_000119_PAN, FL_2009_000101_PAN, FL_2009_000240_PAN",FL_2004_000115_PAN,0.0,Perfect consensus: strong latent-domain regional alignment.,80%,100%,0.2
FL_2022_000275_UGA,"FL_2013_000055_UGA, FL_2021_000153_UGA, FL_2008_000175_UGA, FL_1997_000301_UGA, FL_2007_000138_UGA","FL_2020_000132_UGA, FL_2008_000175_UGA, FL_2019_000171_LKA, FL_2013_000055_UGA, FL_2022_000249_CIV","FL_2013_000055_UGA, FL_2021_000153_UGA, FL_2008_000175_UGA, FL_1997_000301_UGA, FL_2007_000138_UGA",FL_2013_000055_UGA,0.0,Perfect consensus: strong latent-domain regional alignment.,100%,100%,0.0
FL_2019_000087_PAK,"FF_2009_000159_PAK, FF_2012_000148_PAK, FL_2022_000254_PAK, FL_2001_000376_PAK, FL_2005_000108_PAK","FL_2009_000139_PAK, FF_2008_000123_PAK, FF_2012_000148_PAK, FL_2001_000376_PAK, FL_2022_000254_PAK","FF_2009_000159_PAK, FF_2012_000148_PAK, FL_2022_000254_PAK, FL_2001_000376_PAK, FL_2005_000108_PAK",FF_2009_000159_PAK,0.0,Perfect consensus: strong latent-domain regional alignment.,100%,100%,0.0
FL_2022_000207_VEN,"FL_2012_000075_VEN, FL_2015_000085_VEN, FL_1999_000547_VEN, FL_2000_000735_VEN, FL_2002_000445_VEN","FL_2002_000445_VEN, FL_2000_000735_VEN, FL_1999_000547_VEN, FL_2012_000075_VEN, FL_1997_000049_TZA","FL_2012_000075_VEN, FL_2015_000085_VEN, FL_1999_000547_VEN, FL_2000_000735_VEN, FL_2002_000445_VEN",FL_2012_000075_VEN,0.0,Perfect consensus: strong latent-domain regional alignment.,100%,100%,0.0
FF_2021_000032_TLS,"FL_2007_000107_TLS, FL_2011_000180_PAN, FL_2012_000068_DOM, FF_2006_000022_TLS, FL_2004_000115_PAN","FL_2020_000128_KEN, FL_2015_000064_IND, FL_2003_000647_TLS, FL_2016_000019_HTI, FF_2006_000022_TLS","FL_2007_000107_TLS, FL_2011_000180_PAN, FL_2012_000068_DOM, FF_2006_000022_TLS, FL_2004_000115_PAN",FL_2007_000107_TLS,0.0,Perfect consensus: strong latent-domain regional alignment.,100%,40%,0.0
FL_2019_000118_SEN,"FL_2011_000108_SEN, FL_2020_000198_SEN, FL_2015_000105_GIN, FL_2013_000076_PRY, FL_2007_000141_NGA","FL_2009_000164_SEN, FL_2012_000169_SEN, FL_2002_000026_SEN, FL_2012_000050_AFG, FL_2020_000195_CMR","FL_2011_000108_SEN, FL_2020_000198_SEN, FL_2015_000105_GIN, FL_2013_000076_PRY, FL_2007_000141_NGA",FL_2011_000108_SEN,0.0,Perfect consensus: strong latent-domain regional alignment.,100%,40%,0.0
FL_2018_000015_BOL,"FL_1997_000022_BOL, FL_2001_000029_BOL, FL_2007_000012_BOL, FL_2003_000621_BOL, FL_2002_000110_BOL","FL_2007_000012_BOL, FL_2010_000008_BOL, FL_2003_000621_BOL, FL_2014_000008_BOL, FL_2001_000029_BOL","FL_1997_000022_BOL, FL_2001_000029_BOL, FL_2007_000012_BOL, FL_2003_000621_BOL, FL_2002_000110_BOL",FL_1997_000022_BOL,0.0,Perfect consensus: strong latent-domain regional alignment.,100%,100%,0.0
FL_2019_000011_IDN,"FL_2001_000407_IDN, FL_2012_000153_IDN, FL_1997_000522_MDA, FF_2012_000102_PHL, FL_2009_000242_IRQ","FL_2020_000132_UGA, FF_2020_000006_IRN, FL_2020_000050_AFG, FL_2013_000045_AFG, FL_1995_000012_PHL","FL_2001_000407_IDN, FL_2012_000153_IDN, FL_1997_000522_MDA, FF_2012_000102_PHL, FL_2009_000242_IRQ",FL_2001_000407_IDN,0.0,Perfect consensus: strong latent-domain regional alignment.,100%,40%,0.0
FL_2022_000376_COD,"FL_2015_000164_COD, FL_1999_000531_COD, FL_2022_000265_YEM, FL_2012_000192_COD, FL_2002_000054_IDN","FL_1997_000295_COD, FL_2006_000047_COD, FL_2007_000197_COD, FL_1999_000531_COD, FL_2010_000151_COD","FL_2015_000164_COD, FL_1999_000531_COD, FL_2022_000265_YEM, FL_2012_000192_COD, FL_2002_000054_IDN",FL_2015_000164_COD,0.0,Perfect consensus: strong latent-domain regional alignment.,100%,60%,0.0
FL_2019_000031_SYR,"FL_2000_000048_BWA, FL_2009_000190_TUR, FL_2020_000198_SEN, FL_2012_000056_PRY, FL_2007_000210_PHL","FL_2013_000095_PHL, FL_2009_000234_PHL, FL_2017_000010_PHL, FL_2019_000022_IRN, ST_2012_000077_CHN","FL_2000_000048_BWA, FL_2009_000190_TUR, FL_2020_000198_SEN, FL_2012_000056_PRY, FL_2007_000210_PHL",FL_2000_000048_BWA,0.0,Latent-driven match; continuous atmospheric physics dominated.,100%,0%,0.0
FF_2022_000274_IRN,"FL_2019_000022_IRN, FL_2001_000180_IRN, FL_1999_000235_IRN, FL_2015_000088_IRN, FL_2001_000375_IRN","FL_2010_000036_CYP, FF_2015_000115_MKD, FL_2022_000002_IRN, FL_2002_000020_IRN, FL_2018_000092_MNG","FL_2019_000022_IRN, FL_2001_000180_IRN, FL_1999_000235_IRN, FL_2015_000088_IRN, FL_2001_000375_IRN",FL_2019_000022_IRN,0.0,Perfect consensus: strong latent-domain regional alignment.,100%,100%,0.0
FL_2018_000060_LKA,"FL_2008_000051_LKA, FL_2003_000229_LKA, FL_1999_000161_LKA, FL_2017_000057_LKA, LS_2015_000135_LKA","FL_1999_000031_LKA, FL_1999_000161_LKA, FL_2014_000070_LKA, FL_2006_000155_LKA, FF_2008_000199_LKA","FL_2008_000051_LKA, FL_1999_000161_LKA, FL_2003_000229_LKA, FL_2017_000057_LKA, LS_2015_000135_LKA",FL_2008_000051_LKA,0.0,Perfect consensus: strong latent-domain regional alignment.,100%,100%,0.0
FL_2022_000158_HTI,"FL_2014_000155_HTI, FL_2012_000191_HTI, FL_2012_000054_HTI, FL_2016_000054_HTI, FL_2011_000156_HTI","FL_2005_000105_HTI, FL_2013_000074_HTI, FL_2015_000037_HTI, FL_2018_000014_ARG, FL_2011_000063_HTI","FL_2014_000155_HTI, FL_2012_000191_HTI, FL_2012_000054_HTI, FL_2016_000054_HTI, FL_2011_000156_HTI",FL_2014_000155_HTI,0.0,Perfect consensus: strong latent-domain regional alignment.,100%,100%,0.0
FL_2019_000108_MRT,"FL_2022_000265_YEM, FF_2019_000054_YEM, FL_2007_000127_MRT, FL_2022_000287_TCD, FL_2015_000085_VEN","FL_2020_000199_MRT, FL_2009_000170_MRT, FL_2013_000119_MRT, FL_2007_000127_MRT, FL_2022_000286_MRT","FL_2022_000265_YEM, FL_2007_000127_MRT, FF_2019_000054_YEM, FL_2022_000287_TCD, FL_2015_000085_VEN",FL_2022_000265_YEM,0.0,Latent-driven match; continuous atmospheric physics dominated.,100%,20%,0.0
