event_id,intersection_count
FL_2018_000015_BOL,17
FL_2022_000348_CRI,15
FL_2019_000116_ETH,15
FL_2021_000092_CRI,14
FL_2021_000134_NPL,14
FL_2019_000083_NPL,14
FL_2019_000032_BOL,14
FL_2019_000034_BOL,13
FL_2020_000165_NPL,13
FL_2018_000425_LKA,12
FL_2019_000133_SOM,12
FL_2021_000038_KEN,12
FF_2021_000090_SDN,12
FL_2022_000356_ETH,12
FL_2019_000087_PAK,12
FL_2018_000128_SDN,11
FL_2021_000039_BDI,11
FL_2018_000120_NGA,11
FF_2018_000030_KEN,11
FL_2022_000254_PAK,11
FL_2019_000120_PHL,11
FL_2018_000065_TJK,11
FL_2019_000138_KEN,11
FL_2018_000060_LKA,11
FL_2018_000165_CRI,11
FL_2018_000054_BDI,11
FF_2019_000054_YEM,10
FL_2022_000271_NGA,10
FL_2020_000054_BDI,10
FL_2020_000126_ETH,10
FL_2019_000104_THA,10
FL_2019_000081_MMR,10
FL_2020_000172_MMR,10
FL_2019_000064_SDN,10
FL_2020_000125_TZA,9
LS_2022_000283_LKA,9
FL_2019_000015_PER,9
FL_2019_000171_LKA,9
FL_2022_000158_HTI,9
FL_2020_000212_KHM,9
FL_2022_000316_NER,9
FL_2021_000129_VEN,9
FL_2019_000119_CMR,9
FL_2020_000196_NGA,9
FL_2019_000058_TJK,9
FL_2019_000079_BGD,8
FL_2018_000154_GHA,8
FL_2019_000167_BDI,8
FL_2021_000152_GEO,8
FL_2022_000265_YEM,8
FL_2022_000164_ECU,8
FL_2022_000349_CMR,8
FL_2019_000048_TZA,8
FF_2018_000118_LAO,8
FL_2021_000161_IND,8
FL_2019_000103_LAO,8
FL_2019_000135_GHA,8
FL_2020_000210_VNM,8
LS_2022_000224_GTM,8
FF_2020_000221_SOM,8
FL_2019_000101_NER,8
FL_2018_000124_MMR,8
FL_2020_000029_TZA,8
FL_2021_000147_THA,8
FF_2018_000041_SOM,8
FL_2019_000098_CAF,8
FF_2018_000042_ETH,8
FL_2021_000078_GTM,7
FL_2022_000002_IRN,7
FL_2021_000091_PHL,7
FL_2020_000128_KEN,7
FL_2019_000093_NGA,7
FL_2018_000164_HND,7
FL_2020_000175_GEO,7
FL_2018_000046_RUS,7
FF_2020_000138_TJK,7
FL_2018_000029_RWA,7
FL_2018_000140_MLI,7
FL_2022_000261_GEO,7
FL_2021_000043_YEM,7
FL_2022_000333_THA,7
FL_2019_000014_MWI,7
FL_2021_000019_PER,7
FL_2022_000336_VNM,7
FL_2018_000360_RUS,7
FL_2022_000292_LAO,7
FL_2020_000161_BGD,7
FL_2021_000057_LKA,7
FF_2020_000123_YEM,7
FL_2018_000112_GEO,7
FF_2020_000191_AFG,7
FL_2019_000062_SSD,6
FL_2021_000049_RWA,6
FL_2020_000185_PAK,6
FL_2021_000145_BEN,6
FL_2019_000047_GEO,6
FL_2018_000144_PRK,6
FL_2018_000058_COL,6
FL_2022_000275_UGA,6
FL_2022_000207_VEN,6
FL_2021_000095_MMR,6
FL_2018_000004_COD,6
FL_2019_000094_GTM,6
FL_2020_000132_UGA,6
FL_2020_000164_IND,6
FL_2018_000014_ARG,6
FL_2021_000055_TJK,6
FL_2022_000277_SDN,6
FL_2022_000305_GIN,6
FL_2020_000190_NER,6
FF_2022_000209_AFG,6
FL_2022_000376_COD,6
FL_2021_000123_CAF,5
FL_2019_000131_CIV,5
FL_2022_000213_IND,5
FF_2018_000158_TUN,5
FL_2022_000365_PAN,5
FL_2022_000217_BGD,5
FL_2021_000204_BRA,5
FL_2022_000332_BEN,5
FL_2021_000005_IDN,5
FL_2021_000110_YEM,5
FL_2018_000134_IND,5
FL_2020_000206_COD,5
FL_2020_000213_LAO,5
FL_2020_000011_MOZ,5
FL_2019_000145_TZA,5
FL_2020_000195_CMR,5
FL_2019_000009_ARG,5
FL_2019_000089_SLE,5
FF_2022_000309_SLE,5
FL_2019_000030_IRQ,5
FL_2022_000328_HND,5
FL_2021_000051_SOM,5
FF_2020_000153_BIH,5
FL_2020_000052_COD,5
FL_2019_000170_RWA,5
FL_2021_000050_AFG,5
FL_2020_000200_BFA,5
FL_2019_000084_IND,5
FF_2019_000018_AFG,4
FL_2020_000050_AFG,4
FF_2020_000006_IRN,4
FL_2018_000092_MNG,4
FL_2019_000022_IRN,4
FL_2022_000190_TUN,4
FL_2020_000193_SSD,4
FL_2022_000201_ZAF,4
FL_2019_000136_SLV,4
FF_2019_000029_IDN,4
FF_2022_000278_MNG,4
FL_2022_000321_CAF,4
FL_2022_000286_MRT,4
FF_2021_000032_TLS,4
FF_2020_000204_TUN,4
FL_2021_000173_IDN,4
FL_2021_000127_NER,4
FL_2019_000033_PRY,4
FL_2020_000019_MDG,4
FL_2019_000067_UGA,4
FL_2021_000023_DZA,4
FL_2021_000096_PAN,4
ST_2022_000138_MDG,4
FL_2018_000419_PRY,4
FL_2019_000020_COL,4
FF_2020_000055_SOM,4
FF_2020_000240_ZMB,4
FL_2020_000192_TCD,4
FL_2018_000077_CIV,4
FL_2021_000066_GUY,3
FL_2021_000209_MYS,3
FL_2019_000108_MRT,3
FL_2022_000287_TCD,3
FL_2020_000242_COL,3
FL_2020_000038_EGY,3
FF_2019_000068_VNM,3
FF_2021_000189_BIH,3
FL_2019_000118_SEN,3
FL_2019_000163_UGA,3
FL_2021_000068_SUR,3
FL_2021_000135_GIN,3
FL_2018_000105_BGD,3
FL_2022_000382_ZAF,3
FL_2022_000378_BIH,3
FL_2018_000414_IRQ,3
FL_2022_000331_SLV,3
FL_2018_000028_BWA,3
FL_2022_000290_SEN,3
FL_2020_000198_SEN,3
FL_2021_000153_UGA,3
FL_2020_000176_SDN,3
FL_2019_000153_COD,3
FF_2020_000140_IDN,3
FL_2020_000202_GIN,3
FL_2021_000208_IRQ,3
FL_2022_000135_ZMB,3
FF_2020_000158_SRB,2
FF_2021_000098_MNG,2
FL_2019_000052_SRB,2
FL_2022_000374_TTO,2
FL_2021_000084_TCD,2
FL_2018_000194_TTO,2
FL_2021_000097_BGD,2
FL_2021_000061_MYS,2
FL_2019_000031_SYR,2
FF_2022_000274_IRN,2
FF_2021_000198_COG,2
FL_2018_000043_TZA,2
FL_2020_000237_LKA,2
FF_2020_000168_MNG,2
FL_2022_000276_GMB,2
FL_2021_000007_SYR,2
FL_2021_000108_SSD,2
FL_2021_000001_MYS,2
FF_2020_000156_UKR,2
FL_2019_000156_DJI,1
FL_2018_000034_BLR,1
FL_2019_000051_LBY,1
FL_2019_000160_COG,1
FL_2021_000126_MYS,1
FL_2023_000001_COG,1
FL_2021_000190_EGY,1
FL_2019_000100_MLI,1
FL_2019_000181_IDN,1
FL_2020_000199_MRT,1
FL_2022_000312_BGR,1
FL_2019_000162_MYS,1
FL_2022_000249_CIV,1
FL_2022_000362_LCA,1
FL_2019_000011_IDN,1
FL_2020_000154_CIV,1
FL_2021_000213_STP,0
FL_2022_000379_MYS,0
