Pangu_Event,Is_Top_Match_Itself,1st_Match_ERA5,1st_Sim_Score,2nd_Match_ERA5,2nd_Sim_Score,3rd_Match_ERA5,3rd_Sim_Score
FL_2019_000052_SRB,True,FL_2019_000052_SRB,0.8214408,FL_2001_000332_IND,0.6122283,FL_2001_000390_POL,0.58783436
FF_2022_000278_MNG,True,FF_2022_000278_MNG,0.7925327,FL_2009_000140_MNG,0.7559658,FL_2018_000092_MNG,0.6964035
FL_2019_000153_COD,False,TC_2012_000020_MDG,0.6867237,FL_2011_000187_COD,0.6760883,FL_2007_000197_COD,0.6433581
FL_2021_000066_GUY,True,FL_2021_000066_GUY,0.8074134,FL_2008_000246_GUY,0.8025475,FL_2015_000093_GUY,0.7429591
FF_2020_000138_TJK,True,FF_2020_000138_TJK,0.84639686,FL_2004_000055_TJK,0.7613059,FL_2019_000058_TJK,0.7099695
FL_2018_000140_MLI,False,FL_2010_000195_MLI,0.77206063,FL_2013_000104_MLI,0.76413894,FL_2012_000172_MLI,0.7271445
FL_2021_000092_CRI,False,FL_2002_000755_CRI,0.8566852,FL_2021_000092_CRI,0.8389321,FL_2015_000079_CRI,0.8140256
TC_2018_000413_IND,True,TC_2018_000413_IND,0.7524359,FL_2009_000034_MAR,0.570464,FL_2002_000479_CZE,0.49953622
FL_2021_000038_KEN,False,FF_2006_000046_KEN,0.8041873,FL_2021_000038_KEN,0.7892859,FF_2012_000062_KEN,0.7889821
FF_2020_000158_SRB,True,FF_2020_000158_SRB,0.831751,FF_2014_000059_SRB,0.6447578,FL_2009_000226_PRY,0.64357185
FF_2019_000029_IDN,True,FF_2019_000029_IDN,0.5537061,FF_2009_000069_IDN,0.5494749,FL_2000_000770_IDN,0.5214968
FF_2020_000140_IDN,False,FF_2009_000196_IDN,0.5330221,FF_2020_000140_IDN,0.46201366,FF_2018_000158_TUN,0.45295647
FL_2021_000084_TCD,False,FF_2020_000156_UKR,0.7290119,FL_2021_000084_TCD,0.6893791,FL_2007_000210_PHL,0.5334585
FL_2021_000153_UGA,True,FL_2021_000153_UGA,0.77701414,FL_2019_000067_UGA,0.7489357,FL_2013_000055_UGA,0.72070485
FL_2022_000374_TTO,True,FL_2022_000374_TTO,0.75591236,FL_2000_000191_HUN,0.5000866,FL_2014_000150_SOM,0.49214917
FL_2018_000034_BLR,True,FL_2018_000034_BLR,0.86636186,ST_2012_000064_COD,0.5364733,FL_2012_000063_RUS,0.5270714
FL_2019_000094_GTM,True,FL_2019_000094_GTM,0.8800988,FL_2017_000130_GTM,0.824267,FL_2008_000166_GTM,0.82365024
FL_2019_000084_IND,True,FL_2019_000084_IND,0.8135015,FL_2003_000316_IND,0.70985603,FL_2009_000122_IND,0.684261
FL_2020_000206_COD,False,FL_2006_000047_COD,0.6228604,FL_1997_000295_COD,0.5539436,FL_2018_000034_BLR,0.5129447
FF_2019_000018_AFG,True,FF_2019_000018_AFG,0.8738431,FL_2010_000021_AFG,0.8199906,FL_2012_000050_AFG,0.68755496
FF_2018_000118_LAO,True,FF_2018_000118_LAO,0.80976474,FF_2016_000093_LAO,0.7439729,FL_2022_000292_LAO,0.65935796
FF_2021_000098_MNG,True,FF_2021_000098_MNG,0.8353889,FL_2003_000571_DOM,0.5821036,FF_2020_000168_MNG,0.5819773
FL_2018_000029_RWA,False,FL_2019_000170_RWA,0.7887813,FL_2008_000182_RWA,0.78076535,FL_2018_000029_RWA,0.77041495
FL_2021_000161_IND,True,FL_2021_000161_IND,0.8062492,FL_2005_000182_IND,0.6209614,FL_2009_000217_IND,0.61754894
TC_2018_000113_PHL,True,TC_2018_000113_PHL,0.9007836,FL_2013_000095_PHL,0.8454414,FL_2016_000084_PHL,0.7845429
FL_2019_000022_IRN,True,FL_2019_000022_IRN,0.82653487,FL_2001_000180_IRN,0.72511303,FL_1998_000085_IRN,0.6418929
FL_2022_000316_NER,True,FL_2022_000316_NER,0.86139935,FL_2014_000115_NER,0.6687542,FL_2016_000091_NER,0.65046734
FL_2018_000046_RUS,True,FL_2018_000046_RUS,0.8083425,FL_2010_000208_RUS,0.6682383,FL_2012_000063_RUS,0.6367934
FL_2020_000175_GEO,True,FL_2020_000175_GEO,0.8880974,FF_2012_000120_GEO,0.8270676,FL_2021_000152_GEO,0.7980811
FL_2019_000156_DJI,True,FL_2019_000156_DJI,0.90335435,FL_2006_000013_MWI,0.55431926,FL_2001_000025_MWI,0.55355203
FL_2020_000176_SDN,False,FL_2017_000088_SDN,0.9063134,FL_2020_000176_SDN,0.9017945,FL_2011_000120_SDN,0.88257724
FL_2019_000135_GHA,True,FL_2019_000135_GHA,0.7190531,FL_1999_000315_GHA,0.69772696,FL_2011_000106_GHA,0.650127
FL_2022_000321_CAF,True,FL_2022_000321_CAF,0.75857425,FL_2009_000087_VUT,0.59356105,FL_2020_000154_CIV,0.57177454
FL_2020_000164_IND,True,FL_2020_000164_IND,0.79895437,FF_2007_000083_IND,0.6095978,FL_2019_000084_IND,0.60698867
FL_2018_000054_BDI,False,FL_2021_000039_BDI,0.832378,FL_2018_000054_BDI,0.79548544,FL_2008_000187_BDI,0.7750394
FL_2020_000132_UGA,False,FL_2021_000153_UGA,0.7101857,FL_2013_000055_UGA,0.66895926,FL_2020_000132_UGA,0.66193664
FL_2019_000103_LAO,True,FL_2019_000103_LAO,0.8381336,FL_2022_000292_LAO,0.7873289,FL_2000_000583_LAO,0.7516188
FL_2020_000199_MRT,True,FL_2020_000199_MRT,0.7132542,FL_2002_000373_GHA,0.52900696,FL_2001_000390_POL,0.50848633
FL_2019_000089_SLE,False,FL_2005_000139_SLE,0.7520321,FL_2019_000089_SLE,0.6644505,FL_2007_000177_SLE,0.6341271
FL_2020_000200_BFA,False,FL_2009_000172_BFA,0.68525016,FL_2020_000200_BFA,0.6833224,FL_1991_000010_PHL,0.5917216
FF_2021_000090_SDN,False,FL_2010_000139_SDN,0.86746335,FL_2001_000417_SDN,0.8500607,FL_2017_000088_SDN,0.8484735
FF_2020_000204_TUN,True,FF_2020_000204_TUN,0.87750524,FF_2018_000158_TUN,0.6485496,FF_2007_000185_TUN,0.6038457
FL_2020_000213_LAO,True,FL_2020_000213_LAO,0.8430884,FL_2000_000583_LAO,0.5734834,FL_2002_000614_LAO,0.53502595
FL_2018_000092_MNG,True,FL_2018_000092_MNG,0.86650777,FL_2003_000350_MNG,0.7224716,FL_2010_000012_EGY,0.6048387
FL_2020_000198_SEN,False,FL_2019_000118_SEN,0.7436861,FL_2020_000198_SEN,0.67611676,FL_2000_000048_BWA,0.6330844
TC_2018_000167_SLV,True,TC_2018_000167_SLV,0.88926697,FL_2008_000191_SLV,0.6851499,FL_2008_000103_SLV,0.64899427
FL_2021_000145_BEN,False,FL_2012_000174_BEN,0.71845514,FL_1998_000040_URY,0.7118224,FL_2007_000141_NGA,0.70922256
FL_2021_000190_EGY,True,FL_2021_000190_EGY,0.8684574,FL_2016_000114_EGY,0.68464845,FL_2020_000038_EGY,0.5917953
FL_2018_000028_BWA,True,FL_2018_000028_BWA,0.72560084,FL_2003_000196_ARG,0.5858513,FL_2009_000120_BWA,0.56274116
FL_2021_000043_YEM,True,FL_2021_000043_YEM,0.8553704,FF_2016_000034_YEM,0.7912906,FL_2005_000070_YEM,0.7786729
FL_2022_000331_SLV,False,FL_2008_000191_SLV,0.74496245,FL_2022_000331_SLV,0.73442996,FL_2005_000171_SLV,0.6520846
FL_2020_000125_TZA,False,FL_1998_000112_TZA,0.7884305,FF_2014_000009_TZA,0.78565985,FL_2014_000053_TZA,0.75456655
FL_2019_000015_PER,False,FL_2002_000077_PER,0.9028195,FL_2006_000031_PER,0.9021749,FL_2007_000009_PER,0.8970004
FL_2022_000164_ECU,True,FL_2022_000164_ECU,0.8803544,FL_2012_000013_ECU,0.8263193,FL_2008_000018_ECU,0.8199661
FL_2022_000333_THA,True,FL_2022_000333_THA,0.71370393,FL_2009_000237_THA,0.6609208,FL_2005_000209_THA,0.552536
FF_2020_000006_IRN,True,FF_2020_000006_IRN,0.84854573,FL_2002_000020_IRN,0.6943639,FL_2001_000453_IRN,0.6408715
FL_2020_000195_CMR,False,FL_2012_000157_CMR,0.7235307,FL_2020_000195_CMR,0.68682516,FL_2008_000126_TCD,0.62337506
FL_2022_000265_YEM,True,FL_2022_000265_YEM,0.90131295,FF_2019_000054_YEM,0.73993194,FL_2021_000110_YEM,0.61824787
FL_2020_000050_AFG,False,FL_2011_000022_AFG,0.74590087,FL_2010_000127_AFG,0.70820916,FL_2005_000048_AFG,0.70526564
FF_2020_000191_AFG,True,FF_2020_000191_AFG,0.9303238,FL_2009_000171_AFG,0.8673314,FF_2007_000091_AFG,0.816533
FL_2021_000108_SSD,True,FL_2021_000108_SSD,0.77228916,FL_2019_000009_ARG,0.6984502,FL_2009_000248_URY,0.66037625
FL_2022_000286_MRT,True,FL_2022_000286_MRT,0.74851763,FL_2021_000084_TCD,0.62825316,FL_2012_000056_PRY,0.6015256
FL_2021_000213_STP,False,FL_2005_000182_IND,0.48012936,FL_2007_000127_MRT,0.46242744,FL_2009_000044_BIH,0.44556636
FL_2022_000349_CMR,True,FL_2022_000349_CMR,0.71651757,FL_2007_000149_CMR,0.67281324,FF_2017_000122_CMR,0.6694162
FL_2020_000165_NPL,True,FL_2020_000165_NPL,0.86080116,FL_2010_000160_NPL,0.8277565,FL_2006_000127_NPL,0.8137851
FL_2019_000047_GEO,True,FL_2019_000047_GEO,0.81289804,FF_2012_000079_GEO,0.7983772,FL_2022_000261_GEO,0.76186204
FL_2021_000049_RWA,False,FL_2019_000170_RWA,0.84479177,FL_2021_000049_RWA,0.83526254,FL_2015_000042_RWA,0.8299852
FL_2018_000112_GEO,True,FL_2018_000112_GEO,0.9170893,FF_2013_000084_GEO,0.845847,FF_2012_000120_GEO,0.77933943
FL_2019_000100_MLI,False,FL_2000_000255_ARG,0.74999315,FL_2015_000110_ARG,0.7262938,FL_2016_000137_ARG,0.66863656
FL_2021_000050_AFG,False,FL_2007_000054_AFG,0.85847795,FL_2021_000050_AFG,0.8454381,FL_1997_000097_AFG,0.7865368
FL_2022_000290_SEN,True,FL_2022_000290_SEN,0.726991,FL_2011_000091_BEN,0.6237768,FL_2011_000108_SEN,0.6151973
FL_2019_000138_KEN,False,FF_2012_000062_KEN,0.8140157,FL_2019_000138_KEN,0.81333137,FL_2013_000004_KEN,0.80120736
FL_2022_000261_GEO,True,FL_2022_000261_GEO,0.91068083,FL_2020_000175_GEO,0.78204554,FL_2019_000047_GEO,0.7409016
FL_2019_000181_IDN,False,FL_2016_000114_EGY,0.5457554,FL_2009_000140_MNG,0.5371951,FL_2006_000018_IRQ,0.52778065
FL_2022_000356_ETH,False,FL_2007_000161_UGA,0.9005552,FF_2008_000141_ETH,0.87199175,FL_2010_000179_ETH,0.8673102
FL_2020_000185_PAK,True,FL_2020_000185_PAK,0.8395509,FF_2013_000090_PAK,0.7250074,FL_2014_000122_PAK,0.71761286
FL_2021_000126_MYS,False,FL_2001_000227_RUS,0.54162794,FL_2014_000014_SYC,0.5077438,FL_2007_000194_GTM,0.5064217
FL_2020_000193_SSD,True,FL_2020_000193_SSD,0.6193252,FL_2000_000806_FJI,0.5992072,FL_2021_000145_BEN,0.5952397
FL_2019_000116_ETH,True,FL_2019_000116_ETH,0.85283065,FL_2011_000124_ETH,0.84477496,FL_2006_000112_ETH,0.8247621
FL_2022_000201_ZAF,True,FL_2022_000201_ZAF,0.7897031,FL_2022_000382_ZAF,0.52320963,FL_2014_000038_ZAF,0.5179498
FL_2021_000152_GEO,True,FL_2021_000152_GEO,0.8913685,FF_2011_000071_GEO,0.78087115,FF_2013_000084_GEO,0.75968397
FL_2019_000014_MWI,True,FL_2019_000014_MWI,0.87670255,FL_2015_000006_MWI,0.8024483,FL_1997_000025_MWI,0.6934477
FL_2022_000135_ZMB,True,FL_2022_000135_ZMB,0.59460723,FL_2013_000023_ZMB,0.5197513,FL_2012_000075_VEN,0.40552676
FL_2021_000001_MYS,False,FL_1998_000255_TUR,0.5357867,FL_2007_000222_MYS,0.50988805,FL_2000_000476_NPL,0.45480776
FL_2019_000048_TZA,False,FL_2014_000053_TZA,0.81816876,FL_2005_000062_TZA,0.8141521,FL_2019_000048_TZA,0.79165
FL_2022_000190_TUN,True,FL_2022_000190_TUN,0.88335526,FF_2009_000204_TUN,0.66400784,FL_2003_000585_MKD,0.51841724
FL_2019_000064_SDN,False,FL_2017_000088_SDN,0.7988737,FL_2010_000139_SDN,0.7824509,FL_2019_000064_SDN,0.7791494
FL_2019_000062_SSD,False,FL_2012_000172_MLI,0.67176735,FL_2020_000193_SSD,0.62682235,FL_2010_000195_MLI,0.61557925
FL_2021_000095_MMR,True,FL_2021_000095_MMR,0.90231395,FL_2011_000107_MMR,0.84949523,FL_2017_000091_MMR,0.79806083
FL_2019_000145_TZA,False,FL_2014_000053_TZA,0.7933222,FL_2019_000145_TZA,0.7778498,FL_1998_000112_TZA,0.76774776
FL_2019_000136_SLV,True,FL_2019_000136_SLV,0.90028656,FL_2005_000103_SLV,0.7373836,TC_2018_000167_SLV,0.6917822
FL_2020_000011_MOZ,False,FL_2017_000012_MOZ,0.92163146,FL_2020_000011_MOZ,0.91719455,FL_1997_000026_MOZ,0.76738566
FL_2019_000160_COG,False,FL_2012_000153_IDN,0.60752547,FL_2011_000038_KAZ,0.57813907,FL_2009_000242_IRQ,0.53068566
FL_2019_000167_BDI,False,FL_2011_000037_BDI,0.8934556,FL_2006_000190_BDI,0.88038015,FL_2014_000019_BDI,0.8580549
FL_2022_000276_GMB,True,FL_2022_000276_GMB,0.76012844,FL_1998_000329_BEN,0.60926175,FL_2007_000151_TCD,0.5753666
FF_2020_000168_MNG,True,FF_2020_000168_MNG,0.7389842,FF_2021_000098_MNG,0.67522144,FL_2002_000540_DZA,0.5908593
FL_2022_000336_VNM,True,FL_2022_000336_VNM,0.8238498,FL_1999_000574_VNM,0.753628,FL_2003_000505_VNM,0.7446843
FL_2021_000208_IRQ,True,FL_2021_000208_IRQ,0.8405617,FL_2003_000585_MKD,0.5379877,FL_2018_000414_IRQ,0.5221648
FL_2023_000001_COG,False,FF_2013_000100_RUS,0.5813296,FL_2022_000249_CIV,0.5648173,FL_2023_000001_COG,0.560976
FL_2021_000007_SYR,True,FL_2021_000007_SYR,0.91696954,FL_2010_000031_PRT,0.60996854,FL_2010_000072_RUS,0.57311153
FF_2020_000156_UKR,True,FF_2020_000156_UKR,0.8924485,FL_2021_000084_TCD,0.58509004,FL_2006_000050_ARG,0.5704521
LS_2022_000283_LKA,False,LS_2015_000135_LKA,0.8309236,FL_1999_000161_LKA,0.81029344,FL_2014_000070_LKA,0.7734201
FL_2021_000019_PER,True,FL_2021_000019_PER,0.9108286,FL_2007_000009_PER,0.89428425,FL_2006_000031_PER,0.89260143
FL_2018_000154_GHA,True,FL_2018_000154_GHA,0.76721954,FL_2001_000314_GHA,0.6741747,FL_2017_000095_GHA,0.6241992
FL_2018_000004_COD,True,FL_2018_000004_COD,0.6622553,FL_2006_000047_COD,0.55130905,FL_1998_000213_KGZ,0.5224073
FL_2019_000079_BGD,False,FL_2002_000402_BGD,0.6099597,FL_2004_000044_BGD,0.5938521,FL_2000_000617_BGD,0.5895854
FL_2019_000009_ARG,True,FL_2019_000009_ARG,0.9191429,FL_2009_000248_URY,0.7839047,FL_2015_000110_ARG,0.7540529
FL_2020_000202_GIN,True,FL_2020_000202_GIN,0.89477336,FL_2009_000178_GIN,0.79551387,FL_2011_000131_GIN,0.7725637
FL_2019_000051_LBY,True,FL_2019_000051_LBY,0.8844654,FL_2011_000109_PAK,0.56550646,FL_2013_000119_MRT,0.54932165
FL_2021_000068_SUR,True,FL_2021_000068_SUR,0.64702106,FL_2008_000239_NIC,0.4668308,FL_2006_000057_SUR,0.46151528
FL_2018_000360_RUS,True,FL_2018_000360_RUS,0.9134046,FF_2013_000100_RUS,0.7572273,FL_2017_000052_RUS,0.70255625
FL_2019_000163_UGA,False,FL_2021_000153_UGA,0.73785734,FL_2019_000163_UGA,0.7339238,FL_2022_000275_UGA,0.7192937
FL_2018_000065_TJK,True,FL_2018_000065_TJK,0.86030316,FL_2003_000273_TJK,0.79875106,FL_2014_000054_TJK,0.79322517
FL_2022_000328_HND,True,FL_2022_000328_HND,0.89371836,FL_1999_000324_HND,0.8168957,FL_2008_000191_HND,0.7694833
FL_2019_000033_PRY,False,FL_2009_000226_PRY,0.63355625,FL_2019_000033_PRY,0.6177155,FL_2007_000125_PHL,0.61366415
FL_2018_000014_ARG,True,FL_2018_000014_ARG,0.82669324,FL_2007_000022_ARG,0.7186278,FL_2006_000030_SRB,0.7140305
FL_2020_000019_MDG,True,FL_2020_000019_MDG,0.74780846,FL_2005_000038_MDG,0.57525706,FL_2012_000140_MMR,0.5645385
FL_2021_000135_GIN,False,FL_2017_000083_GIN,0.6248009,FL_2010_000121_DOM,0.6040199,FL_2021_000135_GIN,0.59283435
FL_2022_000254_PAK,True,FL_2022_000254_PAK,0.89656824,FF_2009_000159_PAK,0.8281696,FF_2012_000148_PAK,0.77170384
FF_2022_000209_AFG,True,FF_2022_000209_AFG,0.8565451,FL_2009_000080_AFG,0.69730127,FL_1997_000097_AFG,0.6894279
FL_2020_000190_NER,True,FL_2020_000190_NER,0.7906511,FL_2019_000101_NER,0.7184816,FL_2001_000314_GHA,0.619462
FF_2020_000123_YEM,True,FF_2020_000123_YEM,0.907875,FF_2006_000039_YEM,0.6895219,FF_2016_000034_YEM,0.620382
FL_2019_000030_IRQ,True,FL_2019_000030_IRQ,0.61205703,FL_2012_000071_NPL,0.5324597,FL_2001_000571_PRK,0.52409124
FL_2022_000292_LAO,True,FL_2022_000292_LAO,0.8367311,FF_2016_000093_LAO,0.70861566,FL_2019_000103_LAO,0.6975725
FL_2018_000120_NGA,True,FL_2018_000120_NGA,0.79146236,FL_2017_000126_NGA,0.7279018,FL_2007_000123_NGA,0.72152686
FL_2018_000134_IND,True,FL_2018_000134_IND,0.7326615,FF_2007_000083_IND,0.70228577,FL_2005_000104_IND,0.6413947
FL_2019_000067_UGA,False,FL_2022_000275_UGA,0.7956206,FL_2021_000153_UGA,0.7703382,FL_2019_000067_UGA,0.76340795
FL_2022_000362_LCA,False,FF_2022_000209_AFG,0.56187785,FL_2008_000032_KAZ,0.5295818,FF_2006_000163_AFG,0.49873596
FL_2022_000249_CIV,True,FL_2022_000249_CIV,0.68867946,FL_2020_000154_CIV,0.5897348,FL_2012_000172_MLI,0.58265966
FF_2018_000030_KEN,True,FF_2018_000030_KEN,0.82090944,FF_2006_000046_KEN,0.8192011,FL_2007_000221_KEN,0.7927547
FL_2020_000172_MMR,True,FL_2020_000172_MMR,0.92591417,FL_2017_000091_MMR,0.87994725,FL_2013_000087_MMR,0.8322636
FL_2020_000210_VNM,True,FL_2020_000210_VNM,0.89299804,FF_2017_000101_VNM,0.79189366,FL_1999_000244_VNM,0.7674562
FL_2018_000144_PRK,True,FL_2018_000144_PRK,0.80221367,TC_2012_000159_PRK,0.66565216,FL_2002_000478_PRK,0.591446
FL_2018_000194_TTO,False,FL_2022_000374_TTO,0.7330525,FL_2018_000194_TTO,0.6095062,FL_2000_000255_ARG,0.5578685
FL_2021_000123_CAF,False,FL_2017_000134_CAF,0.5665442,FL_2021_000123_CAF,0.56408817,ST_2011_000073_CAF,0.5505237
FL_2021_000057_LKA,True,FL_2021_000057_LKA,0.9137062,FF_2009_000246_LKA,0.7500483,FF_2009_000160_LKA,0.71561134
FL_2020_000126_ETH,True,FL_2020_000126_ETH,0.89691347,FF_2012_000081_ETH,0.8657974,FL_2015_000161_ETH,0.84279525
FF_2021_000198_COG,True,FF_2021_000198_COG,0.61173177,FL_1998_000179_RUS,0.6029797,FL_2006_000172_COG,0.579894
FL_2021_000023_DZA,True,FL_2021_000023_DZA,0.7979499,FL_2002_000540_DZA,0.5469459,FF_2008_000178_DZA,0.5020549
FL_2020_000029_TZA,True,FL_2020_000029_TZA,0.79270786,FL_2020_000125_TZA,0.685628,FL_2014_000053_TZA,0.6482127
FL_2021_000096_PAN,True,FL_2021_000096_PAN,0.8742608,FL_2012_000198_PAN,0.8084868,FL_2009_000240_PAN,0.7902906
FL_2021_000110_YEM,True,FL_2021_000110_YEM,0.8463701,FL_2013_000103_YEM,0.7255013,FF_2019_000054_YEM,0.6586306
FF_2020_000153_BIH,True,FF_2020_000153_BIH,0.8890792,FL_2009_000044_BIH,0.66495097,FF_2010_000094_HUN,0.5806479
FF_2018_000042_ETH,True,FF_2018_000042_ETH,0.92869294,FL_2020_000126_ETH,0.84030014,FF_2012_000081_ETH,0.8354381
FL_2022_000378_BIH,True,FL_2022_000378_BIH,0.8678366,FL_2001_000620_DZA,0.518907,FL_2005_000048_AFG,0.5165035
FL_2019_000170_RWA,True,FL_2019_000170_RWA,0.90223646,FL_2007_000159_RWA,0.866843,FL_2021_000049_RWA,0.8204237
FL_2019_000120_PHL,False,TC_2011_000189_PHL,0.67812717,FL_2019_000120_PHL,0.67345077,FF_2008_000233_PHL,0.6567079
ST_2022_000138_MDG,True,ST_2022_000138_MDG,0.8584846,FL_2005_000038_MDG,0.6690046,FL_2003_000037_MDG,0.5822111
FL_2020_000196_NGA,True,FL_2020_000196_NGA,0.7474712,FL_2007_000123_NGA,0.742296,FL_2017_000126_NGA,0.7390791
FL_2019_000098_CAF,True,FL_2019_000098_CAF,0.7309811,FL_2022_000321_CAF,0.61855924,ST_2011_000073_CAF,0.59038377
FL_2021_000055_TJK,False,FF_2011_000066_TJK,0.8695067,FL_2019_000058_TJK,0.8465925,FL_2021_000055_TJK,0.81888115
FL_2022_000271_NGA,False,FL_2007_000123_NGA,0.87319994,FL_2022_000271_NGA,0.8322239,FL_2019_000093_NGA,0.7343557
FL_2021_000039_BDI,True,FL_2021_000039_BDI,0.9054861,FL_2020_000054_BDI,0.8408928,FL_2018_000054_BDI,0.8150419
FL_2019_000034_BOL,False,FL_2003_000012_BOL,0.8374189,FL_2011_000020_BOL,0.8364247,FL_2009_000045_BOL,0.83127296
FL_2022_000379_MYS,False,FL_2002_000402_BGD,0.49653172,FL_2018_000419_PRY,0.45778358,FF_2006_000049_IDN,0.4457121
FL_2020_000052_COD,False,FL_2002_000376_RUS,0.53864944,FL_2006_000047_COD,0.51327074,FL_2012_000037_PSE,0.49237812
FL_2021_000134_NPL,True,FL_2021_000134_NPL,0.9536164,FL_2000_000476_NPL,0.8872724,FL_2003_000341_NPL,0.8591966
FL_2021_000127_NER,True,FL_2021_000127_NER,0.8702129,FL_2012_000141_NER,0.5264047,FL_2009_000174_NER,0.50888354
FL_2019_000104_THA,True,FL_2019_000104_THA,0.8445932,FL_2002_000641_THA,0.75274765,FL_2005_000153_THA,0.73419535
FL_2021_000173_IDN,True,FL_2021_000173_IDN,0.6935787,FL_2000_000258_IDN,0.55704296,FL_2014_000154_IDN,0.55172914
FL_2019_000133_SOM,False,FL_2013_000052_SOM,0.66066754,FL_2013_000141_SOM,0.6380279,FL_2015_000040_SOM,0.6284387
FL_2019_000119_CMR,True,FL_2019_000119_CMR,0.78847337,FL_2013_000123_CMR,0.7101971,FF_2017_000122_CMR,0.68563336
FL_2019_000162_MYS,False,FL_2022_000265_YEM,0.5138529,FL_2016_000075_BGD,0.4845849,FL_2021_000147_THA,0.47900262
FL_2018_000043_TZA,True,FL_2018_000043_TZA,0.71296996,FL_2014_000053_TZA,0.64131504,FL_2020_000125_TZA,0.61881125
FL_2022_000277_SDN,True,FL_2022_000277_SDN,0.71923035,FL_2012_000129_SDN,0.6734035,FL_2013_000104_MLI,0.62496257
FL_2018_000058_COL,False,FL_2014_000163_COL,0.8794331,FL_2006_000044_COL,0.8217082,FL_2008_000076_COL,0.8192501
FL_2018_000105_BGD,True,FL_2018_000105_BGD,0.6129049,FF_2020_000123_YEM,0.5326926,FL_2022_000217_BGD,0.5245562
FL_2020_000237_LKA,True,FL_2020_000237_LKA,0.87510526,FL_2010_000196_LKA,0.693258,FL_2014_000162_LKA,0.656212
FL_2022_000382_ZAF,True,FL_2022_000382_ZAF,0.79225683,FL_2014_000038_ZAF,0.63609105,FL_2022_000201_ZAF,0.5083858
FL_2021_000051_SOM,False,FL_2013_000052_SOM,0.6629259,FL_2021_000051_SOM,0.59617347,FL_2011_000161_SOM,0.5845417
FL_2018_000414_IRQ,True,FL_2018_000414_IRQ,0.81877095,FL_2010_000019_MEX,0.58661723,FL_2021_000208_IRQ,0.54180664
FL_2022_000305_GIN,False,FL_2020_000202_GIN,0.81577265,FL_2001_000549_GIN,0.7183643,FL_2022_000305_GIN,0.6995852
FL_2021_000204_BRA,True,FL_2021_000204_BRA,0.63708305,FL_2013_000157_BRA,0.62375283,FL_2009_000239_BRA,0.60778123
FF_2018_000041_SOM,True,FF_2018_000041_SOM,0.7521663,FL_2016_000046_SOM,0.59598833,FL_2011_000161_SOM,0.5681616
FL_2018_000419_PRY,True,FL_2018_000419_PRY,0.6605029,FL_2002_000322_CHL,0.59151137,FL_2005_000103_SLV,0.5439099
FL_2020_000054_BDI,False,FL_2021_000039_BDI,0.8713246,FL_2020_000054_BDI,0.8171809,FL_2009_000075_BDI,0.77614486
FL_2021_000061_MYS,False,FL_2011_000108_SEN,0.57736087,FL_2021_000061_MYS,0.55235904,FL_2003_000220_NAM,0.5453589
FF_2019_000054_YEM,True,FF_2019_000054_YEM,0.85576934,FL_2022_000265_YEM,0.79853845,FL_2021_000110_YEM,0.6706698
FL_2019_000020_COL,True,FL_2019_000020_COL,0.863492,FL_2009_000241_COL,0.8384928,FL_2012_000042_COL,0.770283
FL_2022_000332_BEN,True,FL_2022_000332_BEN,0.7380463,FL_2021_000145_BEN,0.7183673,FL_1998_000329_BEN,0.69825494
FL_2020_000154_CIV,True,FL_2020_000154_CIV,0.8185235,FL_2012_000172_MLI,0.680694,FL_2013_000125_BFA,0.5834025
FL_2018_000128_SDN,False,FL_2017_000088_SDN,0.87606937,FL_2001_000417_SDN,0.8675516,FL_2010_000139_SDN,0.86513203
FL_2019_000083_NPL,True,FL_2019_000083_NPL,0.93483,SL_2002_000428_NPL,0.89011574,FL_2003_000341_NPL,0.85662556
FF_2022_000309_SLE,True,FF_2022_000309_SLE,0.72436863,FL_2005_000139_SLE,0.5833976,FL_2019_000089_SLE,0.57889295
FL_2020_000212_KHM,True,FL_2020_000212_KHM,0.74924856,FL_2006_000130_KHM,0.6572244,FL_2000_000438_KHM,0.63787967
FL_2020_000038_EGY,True,FL_2020_000038_EGY,0.76474035,FL_2001_000620_DZA,0.6332911,FL_2011_000109_PAK,0.59937876
FF_2020_000055_SOM,True,FF_2020_000055_SOM,0.76495606,FL_2011_000161_SOM,0.58179736,FL_2016_000046_SOM,0.56046396
FL_2019_000131_CIV,False,FL_2009_000170_MRT,0.59436095,FL_2007_000130_CIV,0.5882546,FL_2022_000249_CIV,0.5651924
FL_2019_000081_MMR,True,FL_2019_000081_MMR,0.8966427,FL_2016_000058_MMR,0.891428,FL_1997_000177_MMR,0.85915494
FL_2019_000171_LKA,False,FL_2021_000057_LKA,0.7950777,FF_2009_000160_LKA,0.73122203,FL_2006_000155_LKA,0.7027726
FL_2020_000242_COL,False,FL_2010_000076_COL,0.8061413,LS_2010_000190_COL,0.8025354,FL_2014_000163_COL,0.78841376
LS_2022_000224_GTM,True,LS_2022_000224_GTM,0.8441727,FL_2021_000078_GTM,0.74055624,FL_2016_000081_GTM,0.736804
FL_2020_000192_TCD,True,FL_2020_000192_TCD,0.78489006,FL_2001_000521_TCD,0.7692852,FL_2022_000287_TCD,0.6617911
FL_2022_000312_BGR,True,FL_2022_000312_BGR,0.8720195,TC_2012_000044_FJI,0.59502506,FL_2004_000100_PAN,0.46789116
FL_2021_000078_GTM,True,FL_2021_000078_GTM,0.8290487,FL_2012_000098_GTM,0.77014315,FL_2011_000045_GTM,0.7321599
FL_2018_000124_MMR,True,FL_2018_000124_MMR,0.8759841,FL_1997_000177_MMR,0.80296683,FL_2019_000081_MMR,0.7996187
TC_2018_000110_CHN,True,TC_2018_000110_CHN,0.82727796,FL_2009_000113_CHN,0.75991756,FL_2002_000350_CHN,0.74179804
FL_2019_000093_NGA,False,FL_2007_000123_NGA,0.82763183,FL_2017_000126_NGA,0.76191604,FL_2022_000271_NGA,0.7313648
FL_2019_000101_NER,True,FL_2019_000101_NER,0.7878061,FL_2009_000174_NER,0.68388414,FL_2011_000122_NER,0.6379284
FL_2018_000077_CIV,True,FL_2018_000077_CIV,0.7193651,FL_2007_000130_CIV,0.6464174,FL_2009_000187_CIV,0.63833475
FL_2019_000032_BOL,True,FL_2019_000032_BOL,0.8357668,FL_2014_000008_BOL,0.74022305,FL_2009_000045_BOL,0.72989666
FL_2020_000161_BGD,True,FL_2020_000161_BGD,0.8422945,FL_2012_000106_BGD,0.66887355,FL_1998_000203_BGD,0.66868937
FF_2020_000221_SOM,True,FF_2020_000221_SOM,0.8285352,FL_2008_000185_SOM,0.55733013,FL_2014_000150_SOM,0.5485465
FL_2022_000287_TCD,False,FL_2022_000249_CIV,0.66865575,FL_2009_000170_MRT,0.5525405,FL_2018_000140_MLI,0.549805
FL_2019_000058_TJK,True,FL_2019_000058_TJK,0.92396533,FF_2011_000066_TJK,0.8469595,FF_2007_000049_TJK,0.824281
FL_2021_000097_BGD,False,FF_2020_000156_UKR,0.68113494,FL_2021_000097_BGD,0.61804247,FL_2021_000084_TCD,0.5720928
FL_2021_000147_THA,True,FL_2021_000147_THA,0.85819787,FL_2006_000062_THA,0.6421818,FL_2010_000152_THA,0.62360597
FF_2021_000189_BIH,True,FF_2021_000189_BIH,0.6260699,FL_2005_000063_SRB,0.47268155,FL_2011_000061_DOM,0.47126713
FL_2022_000213_IND,True,FL_2022_000213_IND,0.7037026,FL_2016_000060_IND,0.6272082,FL_2017_000064_IND,0.55098045
FF_2019_000068_VNM,True,FF_2019_000068_VNM,0.8868204,FF_2017_000101_VNM,0.84132975,FL_1994_000007_VNM,0.829532
FL_2022_000217_BGD,True,FL_2022_000217_BGD,0.75555503,FL_2007_000129_PAK,0.71527857,FL_2012_000106_BGD,0.6406421
FL_2018_000164_HND,True,FL_2018_000164_HND,0.91855985,FL_2012_000083_HND,0.69493103,FL_1999_000324_HND,0.6365278
FL_2022_000348_CRI,True,FL_2022_000348_CRI,0.87711656,FL_2021_000092_CRI,0.7713081,FL_2004_000120_CRI,0.75533575
FL_2020_000128_KEN,False,FL_2015_000169_KEN,0.84459955,FF_2012_000062_KEN,0.83369625,FL_2002_000265_KEN,0.80803645
FL_2021_000005_IDN,False,FL_2013_000006_IDN,0.6130012,FL_2021_000005_IDN,0.518278,FL_1999_000349_SLV,0.45675397
FL_2018_000165_CRI,False,FL_2008_000191_CRI,0.8789596,FL_2018_000165_CRI,0.8412578,FL_2005_000166_CRI,0.6639831
FL_2018_000425_LKA,True,FL_2018_000425_LKA,0.84111416,FF_2009_000160_LKA,0.7031912,FL_2020_000237_LKA,0.6885388
FF_2020_000240_ZMB,True,FF_2020_000240_ZMB,0.65347373,FL_2009_000242_IRQ,0.51232314,FL_2013_000023_ZMB,0.45330566
FF_2018_000158_TUN,True,FF_2018_000158_TUN,0.8322718,FF_2020_000204_TUN,0.7004849,FF_2007_000185_TUN,0.6020715
FL_2021_000209_MYS,False,FF_2006_000049_IDN,0.5693891,FL_2011_000021_MYS,0.5552273,FF_2019_000029_IDN,0.5144928
FL_2021_000129_VEN,True,FL_2021_000129_VEN,0.8210175,FL_2011_000181_VEN,0.70349866,FL_2015_000085_VEN,0.69365966
FL_2022_000002_IRN,False,FL_2001_000453_IRN,0.66429245,FL_2001_000375_IRN,0.58863664,FL_2002_000500_IRN,0.58617496
FL_2021_000091_PHL,True,FL_2021_000091_PHL,0.7480798,FF_2008_000233_PHL,0.6981942,FL_2011_000067_PHL,0.59148675
FL_2022_000365_PAN,True,FL_2022_000365_PAN,0.80117327,FL_2004_000115_PAN,0.79766834,FL_2004_000100_PAN,0.7271674
FL_2022_000275_UGA,False,FL_2013_000055_UGA,0.7474793,FL_2021_000153_UGA,0.7301862,FL_2008_000175_UGA,0.7106823
FL_2019_000087_PAK,True,FL_2019_000087_PAK,0.9021476,FF_2009_000159_PAK,0.7512424,FF_2012_000148_PAK,0.7363708
FL_2022_000207_VEN,False,FL_2012_000075_VEN,0.72669107,FL_2015_000085_VEN,0.70855254,FL_1999_000547_VEN,0.67074436
FF_2021_000032_TLS,True,FF_2021_000032_TLS,0.85038567,FL_2007_000107_TLS,0.62492025,FL_2012_000068_DOM,0.61915463
FL_2019_000118_SEN,True,FL_2019_000118_SEN,0.69728655,FL_2011_000108_SEN,0.6150675,FL_2020_000198_SEN,0.6134041
FL_2018_000015_BOL,False,FL_1997_000022_BOL,0.8315475,FL_2018_000015_BOL,0.82637614,FL_2001_000029_BOL,0.7927308
FL_2019_000011_IDN,True,FL_2019_000011_IDN,0.7494097,FL_2001_000407_IDN,0.6327437,FL_2012_000153_IDN,0.5917746
FL_2022_000376_COD,False,FL_2015_000164_COD,0.5901017,FL_2022_000376_COD,0.49969098,FL_1999_000531_COD,0.48498753
FL_2019_000031_SYR,True,FL_2019_000031_SYR,0.80588716,FL_2000_000048_BWA,0.60230076,FL_2009_000190_TUR,0.525939
FF_2022_000274_IRN,True,FF_2022_000274_IRN,0.8557484,FL_2019_000022_IRN,0.68267715,FL_2001_000180_IRN,0.65831774
FL_2018_000060_LKA,True,FL_2018_000060_LKA,0.8520641,FL_2008_000051_LKA,0.8515952,FL_1999_000161_LKA,0.81228375
FL_2022_000158_HTI,True,FL_2022_000158_HTI,0.89761174,FL_2014_000155_HTI,0.73937154,FL_2012_000191_HTI,0.72655034
FL_2019_000108_MRT,True,FL_2019_000108_MRT,0.6861899,FL_2022_000287_TCD,0.52357256,FL_2022_000265_YEM,0.52328944
