Pangu_Event,1st_Analog_ERA5,1st_Sim_Score,2nd_Analog_ERA5,2nd_Sim_Score,3rd_Analog_ERA5,3rd_Sim_Score
FL_2019_000052_SRB,FL_2001_000332_IND,0.6122283,FL_2001_000390_POL,0.58783436,FL_2006_000070_IND,0.56360686
FF_2022_000278_MNG,FL_2009_000140_MNG,0.7559658,FL_2018_000092_MNG,0.6964035,FL_2003_000350_MNG,0.6601593
FL_2019_000153_COD,TC_2012_000020_MDG,0.6867237,FL_2011_000187_COD,0.6760883,FL_2007_000197_COD,0.6433581
FL_2021_000066_GUY,FL_2008_000246_GUY,0.8025475,FL_2015_000093_GUY,0.7429591,FL_2006_000009_GUY,0.7383548
FF_2020_000138_TJK,FL_2004_000055_TJK,0.7613059,FL_2019_000058_TJK,0.7099695,FL_2003_000273_TJK,0.7063017
FL_2018_000140_MLI,FL_2010_000195_MLI,0.77206063,FL_2013_000104_MLI,0.76413894,FL_2012_000172_MLI,0.7271445
FL_2021_000092_CRI,FL_2002_000755_CRI,0.8566852,FL_2015_000079_CRI,0.8140256,FL_2012_000126_PAN,0.80862075
TC_2018_000413_IND,FL_2009_000034_MAR,0.570464,FL_2002_000479_CZE,0.49953622,FL_2021_000190_EGY,0.48427084
FL_2021_000038_KEN,FF_2006_000046_KEN,0.8041873,FF_2012_000062_KEN,0.7889821,FL_2007_000139_KEN,0.76446724
FF_2020_000158_SRB,FF_2014_000059_SRB,0.6447578,FL_2009_000226_PRY,0.64357185,FL_2001_000332_IND,0.5699003
FF_2019_000029_IDN,FF_2009_000069_IDN,0.5494749,FL_2000_000770_IDN,0.5214968,TC_2012_000014_IDN,0.51541007
FF_2020_000140_IDN,FF_2009_000196_IDN,0.5330221,FF_2018_000158_TUN,0.45295647,FL_2002_000732_IDN,0.4468671
FL_2021_000084_TCD,FF_2020_000156_UKR,0.7290119,FL_2007_000210_PHL,0.5334585,FL_2000_000191_HUN,0.5172472
FL_2021_000153_UGA,FL_2019_000067_UGA,0.7489357,FL_2013_000055_UGA,0.72070485,FL_2007_000138_UGA,0.6851593
FL_2022_000374_TTO,FL_2000_000191_HUN,0.5000866,FL_2014_000150_SOM,0.49214917,FL_2009_000192_MEX,0.47956598
FL_2018_000034_BLR,ST_2012_000064_COD,0.5364733,FL_2012_000063_RUS,0.5270714,FL_2013_000028_NAM,0.465405
FL_2019_000094_GTM,FL_2017_000130_GTM,0.824267,FL_2008_000166_GTM,0.82365024,FL_2000_000299_GTM,0.79936886
FL_2019_000084_IND,FL_2003_000316_IND,0.70985603,FL_2009_000122_IND,0.684261,FL_2010_000125_IND,0.6783212
FL_2020_000206_COD,FL_2006_000047_COD,0.6228604,FL_1997_000295_COD,0.5539436,FL_2018_000034_BLR,0.5129447
FF_2019_000018_AFG,FL_2010_000021_AFG,0.8199906,FL_2012_000050_AFG,0.68755496,FF_2006_000163_AFG,0.62696445
FF_2018_000118_LAO,FF_2016_000093_LAO,0.7439729,FL_2022_000292_LAO,0.65935796,FL_2019_000103_LAO,0.6537212
FF_2021_000098_MNG,FL_2003_000571_DOM,0.5821036,FF_2020_000168_MNG,0.5819773,FF_2014_000009_TZA,0.5152023
FL_2018_000029_RWA,FL_2019_000170_RWA,0.7887813,FL_2008_000182_RWA,0.78076535,FL_2011_000051_RWA,0.76580095
FL_2021_000161_IND,FL_2005_000182_IND,0.6209614,FL_2009_000217_IND,0.61754894,FL_1999_000371_IND,0.56405234
TC_2018_000113_PHL,FL_2013_000095_PHL,0.8454414,FL_2016_000084_PHL,0.7845429,ST_1998_000296_PHL,0.77822936
FL_2019_000022_IRN,FL_2001_000180_IRN,0.72511303,FL_1998_000085_IRN,0.6418929,FL_1999_000235_IRN,0.5520401
FL_2022_000316_NER,FL_2014_000115_NER,0.6687542,FL_2016_000091_NER,0.65046734,FL_2009_000174_NER,0.6276869
FL_2018_000046_RUS,FL_2010_000208_RUS,0.6682383,FL_2012_000063_RUS,0.6367934,FL_2016_000117_ALB,0.62240386
FL_2020_000175_GEO,FF_2012_000120_GEO,0.8270676,FL_2021_000152_GEO,0.7980811,FF_2013_000084_GEO,0.76746136
FL_2019_000156_DJI,FL_2006_000013_MWI,0.55431926,FL_2001_000025_MWI,0.55355203,FL_2009_000239_BRA,0.540503
FL_2020_000176_SDN,FL_2017_000088_SDN,0.9063134,FL_2011_000120_SDN,0.88257724,FL_2010_000139_SDN,0.8067459
FL_2019_000135_GHA,FL_1999_000315_GHA,0.69772696,FL_2011_000106_GHA,0.650127,FL_2001_000314_GHA,0.64836586
FL_2022_000321_CAF,FL_2009_000087_VUT,0.59356105,FL_2020_000154_CIV,0.57177454,FL_2019_000098_CAF,0.5616516
FL_2020_000164_IND,FF_2007_000083_IND,0.6095978,FL_2019_000084_IND,0.60698867,FL_1999_000213_IND,0.5785777
FL_2018_000054_BDI,FL_2021_000039_BDI,0.832378,FL_2008_000187_BDI,0.7750394,FL_2020_000054_BDI,0.74530077
FL_2020_000132_UGA,FL_2021_000153_UGA,0.7101857,FL_2013_000055_UGA,0.66895926,FL_2022_000275_UGA,0.64427465
FL_2019_000103_LAO,FL_2022_000292_LAO,0.7873289,FL_2000_000583_LAO,0.7516188,FL_2013_000101_LAO,0.7217173
FL_2020_000199_MRT,FL_2002_000373_GHA,0.52900696,FL_2001_000390_POL,0.50848633,FL_2022_000336_VNM,0.49445498
FL_2019_000089_SLE,FL_2005_000139_SLE,0.7520321,FL_2007_000177_SLE,0.6341271,FL_2015_000131_SLE,0.6280918
FL_2020_000200_BFA,FL_2009_000172_BFA,0.68525016,FL_1991_000010_PHL,0.5917216,FL_2006_000120_BFA,0.55773246
FF_2021_000090_SDN,FL_2010_000139_SDN,0.86746335,FL_2001_000417_SDN,0.8500607,FL_2017_000088_SDN,0.8484735
FF_2020_000204_TUN,FF_2018_000158_TUN,0.6485496,FF_2007_000185_TUN,0.6038457,FL_1998_000048_PAK,0.5692253
FL_2020_000213_LAO,FL_2000_000583_LAO,0.5734834,FL_2002_000614_LAO,0.53502595,FF_2016_000093_LAO,0.5317472
FL_2018_000092_MNG,FL_2003_000350_MNG,0.7224716,FL_2010_000012_EGY,0.6048387,FL_2009_000140_MNG,0.59201956
FL_2020_000198_SEN,FL_2019_000118_SEN,0.7436861,FL_2000_000048_BWA,0.6330844,FL_2019_000031_SYR,0.5698255
TC_2018_000167_SLV,FL_2008_000191_SLV,0.6851499,FL_2008_000103_SLV,0.64899427,FL_2019_000136_SLV,0.574481
FL_2021_000145_BEN,FL_2012_000174_BEN,0.71845514,FL_1998_000040_URY,0.7118224,FL_2007_000141_NGA,0.70922256
FL_2021_000190_EGY,FL_2016_000114_EGY,0.68464845,FL_2020_000038_EGY,0.5917953,FL_2006_000192_IDN,0.5325272
FL_2018_000028_BWA,FL_2003_000196_ARG,0.5858513,FL_2009_000120_BWA,0.56274116,FL_2020_000172_MMR,0.5526546
FL_2021_000043_YEM,FF_2016_000034_YEM,0.7912906,FL_2005_000070_YEM,0.7786729,FF_2019_000054_YEM,0.6707132
FL_2022_000331_SLV,FL_2008_000191_SLV,0.74496245,FL_2005_000171_SLV,0.6520846,TC_2018_000167_SLV,0.5939262
FL_2020_000125_TZA,FL_1998_000112_TZA,0.7884305,FF_2014_000009_TZA,0.78565985,FL_2014_000053_TZA,0.75456655
FL_2019_000015_PER,FL_2002_000077_PER,0.9028195,FL_2006_000031_PER,0.9021749,FL_2007_000009_PER,0.8970004
FL_2022_000164_ECU,FL_2012_000013_ECU,0.8263193,FL_2008_000018_ECU,0.8199661,FL_2010_000262_ECU,0.78201795
FL_2022_000333_THA,FL_2009_000237_THA,0.6609208,FL_2005_000209_THA,0.552536,FL_2011_000135_THA,0.548046
FF_2020_000006_IRN,FL_2002_000020_IRN,0.6943639,FL_2001_000453_IRN,0.6408715,FL_2001_000375_IRN,0.63540936
FL_2020_000195_CMR,FL_2012_000157_CMR,0.7235307,FL_2008_000126_TCD,0.62337506,FL_2007_000149_CMR,0.61178815
FL_2022_000265_YEM,FF_2019_000054_YEM,0.73993194,FL_2021_000110_YEM,0.61824787,FL_2010_000240_VEN,0.5842548
FL_2020_000050_AFG,FL_2011_000022_AFG,0.74590087,FL_2010_000127_AFG,0.70820916,FL_2005_000048_AFG,0.70526564
FF_2020_000191_AFG,FL_2009_000171_AFG,0.8673314,FF_2007_000091_AFG,0.816533,FF_2012_000118_AFG,0.7869048
FL_2021_000108_SSD,FL_2019_000009_ARG,0.6984502,FL_2009_000248_URY,0.66037625,FL_2001_000095_HUN,0.6027689
FL_2022_000286_MRT,FL_2021_000084_TCD,0.62825316,FL_2012_000056_PRY,0.6015256,FL_2020_000192_TCD,0.595481
FL_2021_000213_STP,FL_2005_000182_IND,0.48012936,FL_2007_000127_MRT,0.46242744,FL_2009_000044_BIH,0.44556636
FL_2022_000349_CMR,FL_2007_000149_CMR,0.67281324,FF_2017_000122_CMR,0.6694162,FL_2014_000121_CMR,0.6454368
FL_2020_000165_NPL,FL_2010_000160_NPL,0.8277565,FL_2006_000127_NPL,0.8137851,FL_1998_000221_NPL,0.795594
FL_2019_000047_GEO,FF_2012_000079_GEO,0.7983772,FL_2022_000261_GEO,0.76186204,FL_2020_000175_GEO,0.74803174
FL_2021_000049_RWA,FL_2019_000170_RWA,0.84479177,FL_2015_000042_RWA,0.8299852,FL_2018_000029_RWA,0.7974179
FL_2018_000112_GEO,FF_2013_000084_GEO,0.845847,FF_2012_000120_GEO,0.77933943,FL_2021_000152_GEO,0.7700567
FL_2019_000100_MLI,FL_2000_000255_ARG,0.74999315,FL_2015_000110_ARG,0.7262938,FL_2016_000137_ARG,0.66863656
FL_2021_000050_AFG,FL_2007_000054_AFG,0.85847795,FL_1997_000097_AFG,0.7865368,FL_2005_000094_AFG,0.75653136
FL_2022_000290_SEN,FL_2011_000091_BEN,0.6237768,FL_2011_000108_SEN,0.6151973,FL_2016_000089_SEN,0.6105977
FL_2019_000138_KEN,FF_2012_000062_KEN,0.8140157,FL_2013_000004_KEN,0.80120736,FL_2007_000221_KEN,0.7893178
FL_2022_000261_GEO,FL_2020_000175_GEO,0.78204554,FL_2019_000047_GEO,0.7409016,FF_2013_000084_GEO,0.7002493
FL_2019_000181_IDN,FL_2016_000114_EGY,0.5457554,FL_2009_000140_MNG,0.5371951,FL_2006_000018_IRQ,0.52778065
FL_2022_000356_ETH,FL_2007_000161_UGA,0.9005552,FF_2008_000141_ETH,0.87199175,FL_2010_000179_ETH,0.8673102
FL_2020_000185_PAK,FF_2013_000090_PAK,0.7250074,FL_2014_000122_PAK,0.71761286,FL_2003_000359_PAK,0.7103885
FL_2021_000126_MYS,FL_2001_000227_RUS,0.54162794,FL_2014_000014_SYC,0.5077438,FL_2007_000194_GTM,0.5064217
FL_2020_000193_SSD,FL_2000_000806_FJI,0.5992072,FL_2021_000145_BEN,0.5952397,FL_2019_000100_MLI,0.5684698
FL_2019_000116_ETH,FL_2011_000124_ETH,0.84477496,FL_2006_000112_ETH,0.8247621,FL_2007_000145_ETH,0.8164662
FL_2022_000201_ZAF,FL_2022_000382_ZAF,0.52320963,FL_2014_000038_ZAF,0.5179498,FL_2011_000021_MYS,0.47371706
FL_2021_000152_GEO,FF_2011_000071_GEO,0.78087115,FF_2013_000084_GEO,0.75968397,FL_2018_000112_GEO,0.7527571
FL_2019_000014_MWI,FL_2015_000006_MWI,0.8024483,FL_1997_000025_MWI,0.6934477,TC_2012_000008_MOZ,0.68078184
FL_2022_000135_ZMB,FL_2013_000023_ZMB,0.5197513,FL_2012_000075_VEN,0.40552676,FL_2013_000024_MKD,0.40304378
FL_2021_000001_MYS,FL_1998_000255_TUR,0.5357867,FL_2007_000222_MYS,0.50988805,FL_2000_000476_NPL,0.45480776
FL_2019_000048_TZA,FL_2014_000053_TZA,0.81816876,FL_2005_000062_TZA,0.8141521,FL_1998_000112_TZA,0.77376115
FL_2022_000190_TUN,FF_2009_000204_TUN,0.66400784,FL_2003_000585_MKD,0.51841724,FF_2020_000204_TUN,0.49677908
FL_2019_000064_SDN,FL_2017_000088_SDN,0.7988737,FL_2010_000139_SDN,0.7824509,FL_2011_000120_SDN,0.77403796
FL_2019_000062_SSD,FL_2012_000172_MLI,0.67176735,FL_2020_000193_SSD,0.62682235,FL_2010_000195_MLI,0.61557925
FL_2021_000095_MMR,FL_2011_000107_MMR,0.84949523,FL_2017_000091_MMR,0.79806083,FL_1997_000177_MMR,0.79019827
FL_2019_000145_TZA,FL_2014_000053_TZA,0.7933222,FL_1998_000112_TZA,0.76774776,FL_2006_000065_TZA,0.75775707
FL_2019_000136_SLV,FL_2005_000103_SLV,0.7373836,TC_2018_000167_SLV,0.6917822,FL_2008_000103_SLV,0.6783508
FL_2020_000011_MOZ,FL_2017_000012_MOZ,0.92163146,FL_1997_000026_MOZ,0.76738566,FL_2013_000008_MOZ,0.7318941
FL_2019_000160_COG,FL_2012_000153_IDN,0.60752547,FL_2011_000038_KAZ,0.57813907,FL_2009_000242_IRQ,0.53068566
FL_2019_000167_BDI,FL_2011_000037_BDI,0.8934556,FL_2006_000190_BDI,0.88038015,FL_2014_000019_BDI,0.8580549
FL_2022_000276_GMB,FL_1998_000329_BEN,0.60926175,FL_2007_000151_TCD,0.5753666,FL_2003_000196_ARG,0.5613358
FF_2020_000168_MNG,FF_2021_000098_MNG,0.67522144,FL_2002_000540_DZA,0.5908593,FF_2012_000115_RUS,0.5467713
FL_2022_000336_VNM,FL_1999_000574_VNM,0.753628,FL_2003_000505_VNM,0.7446843,FL_2005_000184_VNM,0.7440039
FL_2021_000208_IRQ,FL_2003_000585_MKD,0.5379877,FL_2018_000414_IRQ,0.5221648,FL_2013_000159_VCT,0.5195241
FL_2023_000001_COG,FF_2013_000100_RUS,0.5813296,FL_2022_000249_CIV,0.5648173,FL_2007_000130_CIV,0.55727017
FL_2021_000007_SYR,FL_2010_000031_PRT,0.60996854,FL_2010_000072_RUS,0.57311153,FL_2009_000140_MNG,0.53282
FF_2020_000156_UKR,FL_2021_000084_TCD,0.58509004,FL_2006_000050_ARG,0.5704521,FL_2007_000127_MRT,0.5221115
LS_2022_000283_LKA,LS_2015_000135_LKA,0.8309236,FL_1999_000161_LKA,0.81029344,FL_2014_000070_LKA,0.7734201
FL_2021_000019_PER,FL_2007_000009_PER,0.89428425,FL_2006_000031_PER,0.89260143,FL_2009_000261_PER,0.87121046
FL_2018_000154_GHA,FL_2001_000314_GHA,0.6741747,FL_2017_000095_GHA,0.6241992,FL_2022_000305_GIN,0.6215385
FL_2018_000004_COD,FL_2006_000047_COD,0.55130905,FL_1998_000213_KGZ,0.5224073,FL_2020_000052_COD,0.5162511
FL_2019_000079_BGD,FL_2002_000402_BGD,0.6099597,FL_2004_000044_BGD,0.5938521,FL_2000_000617_BGD,0.5895854
FL_2019_000009_ARG,FL_2009_000248_URY,0.7839047,FL_2015_000110_ARG,0.7540529,FL_2016_000137_ARG,0.66995347
FL_2020_000202_GIN,FL_2009_000178_GIN,0.79551387,FL_2011_000131_GIN,0.7725637,FL_2001_000549_GIN,0.73386514
FL_2019_000051_LBY,FL_2011_000109_PAK,0.56550646,FL_2013_000119_MRT,0.54932165,FL_2002_000540_DZA,0.5439129
FL_2021_000068_SUR,FL_2008_000239_NIC,0.4668308,FL_2006_000057_SUR,0.46151528,FF_2022_000209_AFG,0.45250282
FL_2018_000360_RUS,FF_2013_000100_RUS,0.7572273,FL_2017_000052_RUS,0.70255625,FL_2001_000227_RUS,0.69688
FL_2019_000163_UGA,FL_2021_000153_UGA,0.73785734,FL_2022_000275_UGA,0.7192937,FL_2013_000055_UGA,0.6916331
FL_2018_000065_TJK,FL_2003_000273_TJK,0.79875106,FL_2014_000054_TJK,0.79322517,FL_2009_000095_TJK,0.78757346
FL_2022_000328_HND,FL_1999_000324_HND,0.8168957,FL_2008_000191_HND,0.7694833,FL_2018_000164_HND,0.7105613
FL_2019_000033_PRY,FL_2009_000226_PRY,0.63355625,FL_2007_000125_PHL,0.61366415,FL_2001_000407_IDN,0.608637
FL_2018_000014_ARG,FL_2007_000022_ARG,0.7186278,FL_2006_000030_SRB,0.7140305,FL_2016_000137_ARG,0.59805226
FL_2020_000019_MDG,FL_2005_000038_MDG,0.57525706,FL_2012_000140_MMR,0.5645385,ST_2022_000138_MDG,0.54340327
FL_2021_000135_GIN,FL_2017_000083_GIN,0.6248009,FL_2010_000121_DOM,0.6040199,FL_2006_000145_GIN,0.5843985
FL_2022_000254_PAK,FF_2009_000159_PAK,0.8281696,FF_2012_000148_PAK,0.77170384,FL_2019_000087_PAK,0.75421345
FF_2022_000209_AFG,FL_2009_000080_AFG,0.69730127,FL_1997_000097_AFG,0.6894279,FL_2007_000054_AFG,0.6831975
FL_2020_000190_NER,FL_2019_000101_NER,0.7184816,FL_2001_000314_GHA,0.619462,FL_2013_000076_PRY,0.60082895
FF_2020_000123_YEM,FF_2006_000039_YEM,0.6895219,FF_2016_000034_YEM,0.620382,FL_1999_000548_YEM,0.6021179
FL_2019_000030_IRQ,FL_2012_000071_NPL,0.5324597,FL_2001_000571_PRK,0.52409124,FL_2009_000203_USA,0.5218208
FL_2022_000292_LAO,FF_2016_000093_LAO,0.70861566,FL_2019_000103_LAO,0.6975725,FL_2013_000101_LAO,0.678589
FL_2018_000120_NGA,FL_2017_000126_NGA,0.7279018,FL_2007_000123_NGA,0.72152686,FL_2003_000455_NGA,0.71979797
FL_2018_000134_IND,FF_2007_000083_IND,0.70228577,FL_2005_000104_IND,0.6413947,FL_1997_000337_IND,0.597171
FL_2019_000067_UGA,FL_2022_000275_UGA,0.7956206,FL_2021_000153_UGA,0.7703382,FL_2013_000055_UGA,0.714028
FL_2022_000362_LCA,FF_2022_000209_AFG,0.56187785,FL_2008_000032_KAZ,0.5295818,FF_2006_000163_AFG,0.49873596
FL_2022_000249_CIV,FL_2020_000154_CIV,0.5897348,FL_2012_000172_MLI,0.58265966,FL_2001_000180_IRN,0.5399733
FF_2018_000030_KEN,FF_2006_000046_KEN,0.8192011,FL_2007_000221_KEN,0.7927547,FL_2007_000076_KEN,0.7722653
FL_2020_000172_MMR,FL_2017_000091_MMR,0.87994725,FL_2013_000087_MMR,0.8322636,FL_2012_000140_MMR,0.83200556
FL_2020_000210_VNM,FF_2017_000101_VNM,0.79189366,FL_1999_000244_VNM,0.7674562,FL_2009_000124_VNM,0.7641763
FL_2018_000144_PRK,TC_2012_000159_PRK,0.66565216,FL_2002_000478_PRK,0.591446,FL_2007_000126_PRK,0.54812706
FL_2018_000194_TTO,FL_2022_000374_TTO,0.7330525,FL_2000_000255_ARG,0.5578685,FL_2015_000024_ARG,0.53921044
FL_2021_000123_CAF,FL_2017_000134_CAF,0.5665442,ST_2011_000073_CAF,0.5505237,FL_2019_000098_CAF,0.5343666
FL_2021_000057_LKA,FF_2009_000246_LKA,0.7500483,FF_2009_000160_LKA,0.71561134,FL_2014_000070_LKA,0.6891081
FL_2020_000126_ETH,FF_2012_000081_ETH,0.8657974,FL_2015_000161_ETH,0.84279525,FL_2013_000050_ETH,0.827245
FF_2021_000198_COG,FL_1998_000179_RUS,0.6029797,FL_2006_000172_COG,0.579894,FL_2019_000052_SRB,0.55762386
FL_2021_000023_DZA,FL_2002_000540_DZA,0.5469459,FF_2008_000178_DZA,0.5020549,FF_2006_000163_AFG,0.48925143
FL_2020_000029_TZA,FL_2020_000125_TZA,0.685628,FL_2014_000053_TZA,0.6482127,FF_2014_000009_TZA,0.6213621
FL_2021_000096_PAN,FL_2012_000198_PAN,0.8084868,FL_2009_000240_PAN,0.7902906,FL_2007_000086_PAN,0.7562024
FL_2021_000110_YEM,FL_2013_000103_YEM,0.7255013,FF_2019_000054_YEM,0.6586306,FL_2021_000043_YEM,0.6434464
FF_2020_000153_BIH,FL_2009_000044_BIH,0.66495097,FF_2010_000094_HUN,0.5806479,FL_2002_000479_CZE,0.57408583
FF_2018_000042_ETH,FL_2020_000126_ETH,0.84030014,FF_2012_000081_ETH,0.8354381,FL_2005_000064_ETH,0.8147116
FL_2022_000378_BIH,FL_2001_000620_DZA,0.518907,FL_2005_000048_AFG,0.5165035,FL_2010_000127_AFG,0.5151309
FL_2019_000170_RWA,FL_2007_000159_RWA,0.866843,FL_2021_000049_RWA,0.8204237,FL_2015_000042_RWA,0.8148362
FL_2019_000120_PHL,TC_2011_000189_PHL,0.67812717,FF_2008_000233_PHL,0.6567079,FL_2011_000067_PHL,0.6329803
ST_2022_000138_MDG,FL_2005_000038_MDG,0.6690046,FL_2003_000037_MDG,0.5822111,ST_2015_000041_PRY,0.540961
FL_2020_000196_NGA,FL_2007_000123_NGA,0.742296,FL_2017_000126_NGA,0.7390791,FL_2013_000116_NGA,0.73027396
FL_2019_000098_CAF,FL_2022_000321_CAF,0.61855924,ST_2011_000073_CAF,0.59038377,FL_2007_000174_CAF,0.5704181
FL_2021_000055_TJK,FF_2011_000066_TJK,0.8695067,FL_2019_000058_TJK,0.8465925,FF_2007_000049_TJK,0.8168326
FL_2022_000271_NGA,FL_2007_000123_NGA,0.87319994,FL_2019_000093_NGA,0.7343557,FL_2020_000196_NGA,0.7312355
FL_2021_000039_BDI,FL_2020_000054_BDI,0.8408928,FL_2018_000054_BDI,0.8150419,FL_2009_000075_BDI,0.79882574
FL_2019_000034_BOL,FL_2003_000012_BOL,0.8374189,FL_2011_000020_BOL,0.8364247,FL_2009_000045_BOL,0.83127296
FL_2022_000379_MYS,FL_2002_000402_BGD,0.49653172,FL_2018_000419_PRY,0.45778358,FF_2006_000049_IDN,0.4457121
FL_2020_000052_COD,FL_2002_000376_RUS,0.53864944,FL_2006_000047_COD,0.51327074,FL_2012_000037_PSE,0.49237812
FL_2021_000134_NPL,FL_2000_000476_NPL,0.8872724,FL_2003_000341_NPL,0.8591966,FL_2019_000083_NPL,0.83605057
FL_2021_000127_NER,FL_2012_000141_NER,0.5264047,FL_2009_000174_NER,0.50888354,FL_2017_000078_NER,0.5046419
FL_2019_000104_THA,FL_2002_000641_THA,0.75274765,FL_2005_000153_THA,0.73419535,FL_2010_000152_THA,0.70177007
FL_2021_000173_IDN,FL_2000_000258_IDN,0.55704296,FL_2014_000154_IDN,0.55172914,FL_2012_000153_IDN,0.54594386
FL_2019_000133_SOM,FL_2013_000052_SOM,0.66066754,FL_2013_000141_SOM,0.6380279,FL_2015_000040_SOM,0.6284387
FL_2019_000119_CMR,FL_2013_000123_CMR,0.7101971,FF_2017_000122_CMR,0.68563336,FL_2007_000149_CMR,0.6500865
FL_2019_000162_MYS,FL_2022_000265_YEM,0.5138529,FL_2016_000075_BGD,0.4845849,FL_2021_000147_THA,0.47900262
FL_2018_000043_TZA,FL_2014_000053_TZA,0.64131504,FL_2020_000125_TZA,0.61881125,FL_2008_000011_TZA,0.61837476
FL_2022_000277_SDN,FL_2012_000129_SDN,0.6734035,FL_2013_000104_MLI,0.62496257,FL_2014_000098_SDN,0.60539687
FL_2018_000058_COL,FL_2014_000163_COL,0.8794331,FL_2006_000044_COL,0.8217082,FL_2008_000076_COL,0.8192501
FL_2018_000105_BGD,FF_2020_000123_YEM,0.5326926,FL_2022_000217_BGD,0.5245562,FL_2000_000083_ZWE,0.50716096
FL_2020_000237_LKA,FL_2010_000196_LKA,0.693258,FL_2014_000162_LKA,0.656212,FL_2016_000050_LKA,0.62032366
FL_2022_000382_ZAF,FL_2014_000038_ZAF,0.63609105,FL_2022_000201_ZAF,0.5083858,FL_2021_000049_RWA,0.45411074
FL_2021_000051_SOM,FL_2013_000052_SOM,0.6629259,FL_2011_000161_SOM,0.5845417,FL_2008_000180_NIC,0.57765913
FL_2018_000414_IRQ,FL_2010_000019_MEX,0.58661723,FL_2021_000208_IRQ,0.54180664,FL_2010_000042_SRB,0.53691924
FL_2022_000305_GIN,FL_2020_000202_GIN,0.81577265,FL_2001_000549_GIN,0.7183643,FL_2011_000131_GIN,0.6958306
FL_2021_000204_BRA,FL_2013_000157_BRA,0.62375283,FL_2009_000239_BRA,0.60778123,FL_2011_000002_BRA,0.57443625
FF_2018_000041_SOM,FL_2016_000046_SOM,0.59598833,FL_2011_000161_SOM,0.5681616,FL_2012_000173_SOM,0.5594512
FL_2018_000419_PRY,FL_2002_000322_CHL,0.59151137,FL_2005_000103_SLV,0.5439099,FL_2012_000039_CHL,0.51719517
FL_2020_000054_BDI,FL_2021_000039_BDI,0.8713246,FL_2009_000075_BDI,0.77614486,LS_2010_000040_UGA,0.7713008
FL_2021_000061_MYS,FL_2011_000108_SEN,0.57736087,FL_2003_000220_NAM,0.5453589,FL_2012_000200_BFA,0.5175385
FF_2019_000054_YEM,FL_2022_000265_YEM,0.79853845,FL_2021_000110_YEM,0.6706698,FL_2005_000070_YEM,0.5961218
FL_2019_000020_COL,FL_2009_000241_COL,0.8384928,FL_2012_000042_COL,0.770283,FL_2003_000578_COL,0.7619956
FL_2022_000332_BEN,FL_2021_000145_BEN,0.7183673,FL_1998_000329_BEN,0.69825494,FL_2007_000141_NGA,0.69678617
FL_2020_000154_CIV,FL_2012_000172_MLI,0.680694,FL_2013_000125_BFA,0.5834025,FL_2019_000131_CIV,0.5699315
FL_2018_000128_SDN,FL_2017_000088_SDN,0.87606937,FL_2001_000417_SDN,0.8675516,FL_2010_000139_SDN,0.86513203
FL_2019_000083_NPL,SL_2002_000428_NPL,0.89011574,FL_2003_000341_NPL,0.85662556,FL_2006_000127_NPL,0.8411499
FF_2022_000309_SLE,FL_2005_000139_SLE,0.5833976,FL_2019_000089_SLE,0.57889295,FL_2022_000321_CAF,0.54270005
FL_2020_000212_KHM,FL_2006_000130_KHM,0.6572244,FL_2000_000438_KHM,0.63787967,FL_1999_000259_KHM,0.6280381
FL_2020_000038_EGY,FL_2001_000620_DZA,0.6332911,FL_2011_000109_PAK,0.59937876,FL_1998_000247_IRN,0.5592644
FF_2020_000055_SOM,FL_2011_000161_SOM,0.58179736,FL_2016_000046_SOM,0.56046396,FL_2007_000111_GBR,0.51869214
FL_2019_000131_CIV,FL_2009_000170_MRT,0.59436095,FL_2007_000130_CIV,0.5882546,FL_2022_000249_CIV,0.5651924
FL_2019_000081_MMR,FL_2016_000058_MMR,0.891428,FL_1997_000177_MMR,0.85915494,FL_2013_000087_MMR,0.8312745
FL_2019_000171_LKA,FL_2021_000057_LKA,0.7950777,FF_2009_000160_LKA,0.73122203,FL_2006_000155_LKA,0.7027726
FL_2020_000242_COL,FL_2010_000076_COL,0.8061413,LS_2010_000190_COL,0.8025354,FL_2014_000163_COL,0.78841376
LS_2022_000224_GTM,FL_2021_000078_GTM,0.74055624,FL_2016_000081_GTM,0.736804,FL_2011_000045_GTM,0.7341926
FL_2020_000192_TCD,FL_2001_000521_TCD,0.7692852,FL_2022_000287_TCD,0.6617911,FL_1998_000251_SDN,0.5854364
FL_2022_000312_BGR,TC_2012_000044_FJI,0.59502506,FL_2004_000100_PAN,0.46789116,FL_2007_000086_PAN,0.46235335
FL_2021_000078_GTM,FL_2012_000098_GTM,0.77014315,FL_2011_000045_GTM,0.7321599,LS_2022_000224_GTM,0.6978086
FL_2018_000124_MMR,FL_1997_000177_MMR,0.80296683,FL_2019_000081_MMR,0.7996187,FL_2013_000087_MMR,0.79859805
TC_2018_000110_CHN,FL_2009_000113_CHN,0.75991756,FL_2002_000350_CHN,0.74179804,FL_2017_000075_CHN,0.74056613
FL_2019_000093_NGA,FL_2007_000123_NGA,0.82763183,FL_2017_000126_NGA,0.76191604,FL_2022_000271_NGA,0.7313648
FL_2019_000101_NER,FL_2009_000174_NER,0.68388414,FL_2011_000122_NER,0.6379284,FL_2006_000133_NER,0.6298461
FL_2018_000077_CIV,FL_2007_000130_CIV,0.6464174,FL_2009_000187_CIV,0.63833475,FL_2019_000131_CIV,0.5996016
FL_2019_000032_BOL,FL_2014_000008_BOL,0.74022305,FL_2009_000045_BOL,0.72989666,FL_1997_000022_BOL,0.722231
FL_2020_000161_BGD,FL_2012_000106_BGD,0.66887355,FL_1998_000203_BGD,0.66868937,FL_2007_000129_PAK,0.64227986
FF_2020_000221_SOM,FL_2008_000185_SOM,0.55733013,FL_2014_000150_SOM,0.5485465,FF_2009_000229_SOM,0.51830006
FL_2022_000287_TCD,FL_2022_000249_CIV,0.66865575,FL_2009_000170_MRT,0.5525405,FL_2018_000140_MLI,0.549805
FL_2019_000058_TJK,FF_2011_000066_TJK,0.8469595,FF_2007_000049_TJK,0.824281,FL_2017_000079_TJK,0.82142484
FL_2021_000097_BGD,FF_2020_000156_UKR,0.68113494,FL_2021_000084_TCD,0.5720928,FL_2008_000094_ZAF,0.5713477
FL_2021_000147_THA,FL_2006_000062_THA,0.6421818,FL_2010_000152_THA,0.62360597,FF_2009_000107_THA,0.57231426
FF_2021_000189_BIH,FL_2005_000063_SRB,0.47268155,FL_2011_000061_DOM,0.47126713,FL_2002_000367_SRB,0.44536167
FL_2022_000213_IND,FL_2016_000060_IND,0.6272082,FL_2017_000064_IND,0.55098045,FL_1997_000337_IND,0.54048795
FF_2019_000068_VNM,FF_2017_000101_VNM,0.84132975,FL_1994_000007_VNM,0.829532,FL_1999_000244_VNM,0.82503057
FL_2022_000217_BGD,FL_2007_000129_PAK,0.71527857,FL_2012_000106_BGD,0.6406421,FL_1998_000203_BGD,0.6286539
FL_2018_000164_HND,FL_2012_000083_HND,0.69493103,FL_1999_000324_HND,0.6365278,FL_2022_000328_HND,0.6116683
FL_2022_000348_CRI,FL_2021_000092_CRI,0.7713081,FL_2004_000120_CRI,0.75533575,FL_2012_000126_PAN,0.7376102
FL_2020_000128_KEN,FL_2015_000169_KEN,0.84459955,FF_2012_000062_KEN,0.83369625,FL_2002_000265_KEN,0.80803645
FL_2021_000005_IDN,FL_2013_000006_IDN,0.6130012,FL_1999_000349_SLV,0.45675397,FF_2019_000029_IDN,0.44836003
FL_2018_000165_CRI,FL_2008_000191_CRI,0.8789596,FL_2005_000166_CRI,0.6639831,FL_1999_000350_CRI,0.6535846
FL_2018_000425_LKA,FF_2009_000160_LKA,0.7031912,FL_2020_000237_LKA,0.6885388,FL_2021_000057_LKA,0.6762995
FF_2020_000240_ZMB,FL_2009_000242_IRQ,0.51232314,FL_2013_000023_ZMB,0.45330566,FF_2012_000101_GAB,0.45051223
FF_2018_000158_TUN,FF_2020_000204_TUN,0.7004849,FF_2007_000185_TUN,0.6020715,FF_2009_000204_TUN,0.5745142
FL_2021_000209_MYS,FF_2006_000049_IDN,0.5693891,FL_2011_000021_MYS,0.5552273,FF_2019_000029_IDN,0.5144928
FL_2021_000129_VEN,FL_2011_000181_VEN,0.70349866,FL_2015_000085_VEN,0.69365966,FL_2010_000240_VEN,0.63724554
FL_2022_000002_IRN,FL_2001_000453_IRN,0.66429245,FL_2001_000375_IRN,0.58863664,FL_2002_000500_IRN,0.58617496
FL_2021_000091_PHL,FF_2008_000233_PHL,0.6981942,FL_2011_000067_PHL,0.59148675,FL_2000_000038_PHL,0.56017005
FL_2022_000365_PAN,FL_2004_000115_PAN,0.79766834,FL_2004_000100_PAN,0.7271674,FL_2010_000119_PAN,0.703907
FL_2022_000275_UGA,FL_2013_000055_UGA,0.7474793,FL_2021_000153_UGA,0.7301862,FL_2008_000175_UGA,0.7106823
FL_2019_000087_PAK,FF_2009_000159_PAK,0.7512424,FF_2012_000148_PAK,0.7363708,FL_2022_000254_PAK,0.7320025
FL_2022_000207_VEN,FL_2012_000075_VEN,0.72669107,FL_2015_000085_VEN,0.70855254,FL_1999_000547_VEN,0.67074436
FF_2021_000032_TLS,FL_2007_000107_TLS,0.62492025,FL_2012_000068_DOM,0.61915463,FL_2011_000180_PAN,0.6188777
FL_2019_000118_SEN,FL_2011_000108_SEN,0.6150675,FL_2020_000198_SEN,0.6134041,FL_2015_000105_GIN,0.5827481
FL_2018_000015_BOL,FL_1997_000022_BOL,0.8315475,FL_2001_000029_BOL,0.7927308,FL_2007_000012_BOL,0.7476639
FL_2019_000011_IDN,FL_2001_000407_IDN,0.6327437,FL_2012_000153_IDN,0.5917746,FL_1997_000522_MDA,0.5830408
FL_2022_000376_COD,FL_2015_000164_COD,0.5901017,FL_1999_000531_COD,0.48498753,FL_2022_000265_YEM,0.4655664
FL_2019_000031_SYR,FL_2000_000048_BWA,0.60230076,FL_2009_000190_TUR,0.525939,FL_2020_000198_SEN,0.52368736
FF_2022_000274_IRN,FL_2019_000022_IRN,0.68267715,FL_2001_000180_IRN,0.65831774,FL_1999_000235_IRN,0.6404507
FL_2018_000060_LKA,FL_2008_000051_LKA,0.8515952,FL_1999_000161_LKA,0.81228375,FL_2003_000229_LKA,0.8076389
FL_2022_000158_HTI,FL_2014_000155_HTI,0.73937154,FL_2012_000191_HTI,0.72655034,FL_2012_000054_HTI,0.718512
FL_2019_000108_MRT,FL_2022_000287_TCD,0.52357256,FL_2022_000265_YEM,0.52328944,FL_2007_000127_MRT,0.51986516
