latitude,longitude,10m_u_component_of_wind,10m_v_component_of_wind,10m_wind_speed,2m_temperature,mean_sea_level_pressure,surface_pressure,total_precipitation_24hr,time,level,geopotential,specific_humidity,temperature,u_component_of_wind,v_component_of_wind,vertical_velocity,wind_speed,precipitation_mm_24h,event_id,region_label
16.75,46.75,-3.4388192,-2.287448,4.1301208,288.933,101675.555,91404.55,0.0,2006-02-20,1000,1382.0326,0.007569933,294.79965,-3.3414035,-2.3584208,-0.061231878,4.089881,0.0,FF-2006-000039-YEM,center
16.75,46.75,-3.4388192,-2.287448,4.1301208,288.933,101675.555,91404.55,0.0,2006-02-20,850,14916.376,0.00754085,288.82172,-8.182598,1.9900898,-0.18410087,8.421126,0.0,FF-2006-000039-YEM,center
16.75,46.75,-3.4388192,-2.287448,4.1301208,288.933,101675.555,91404.55,0.0,2006-02-20,500,57295.598,0.0012438854,264.20602,12.7067995,2.749434,0.20519638,13.000852,0.0,FF-2006-000039-YEM,center
16.75,46.75,-3.4388192,-2.287448,4.1301208,288.933,101675.555,91404.55,0.0,2006-02-20,250,106194.164,5.776246e-05,226.07263,13.529886,-19.36811,0.09548664,23.625866,0.0,FF-2006-000039-YEM,center
16.75,47.0,-4.2046785,-1.8989325,4.6135955,289.06564,101669.57,91230.125,0.0,2006-02-20,1000,1379.6654,0.007546016,294.77942,-4.2291417,-1.9357032,0.053966723,4.6510844,0.0,FF-2006-000039-YEM,center
16.75,47.0,-4.2046785,-1.8989325,4.6135955,289.06564,101669.57,91230.125,0.0,2006-02-20,850,14909.686,0.0074552405,288.97446,-8.44858,2.469575,0.05774486,8.802119,0.0,FF-2006-000039-YEM,center
16.75,47.0,-4.2046785,-1.8989325,4.6135955,289.06564,101669.57,91230.125,0.0,2006-02-20,500,57291.0,0.0011521147,264.3969,13.181136,2.7721517,0.22248888,13.469491,0.0,FF-2006-000039-YEM,center
16.75,47.0,-4.2046785,-1.8989325,4.6135955,289.06564,101669.57,91230.125,0.0,2006-02-20,250,106178.97,5.6333767e-05,226.00735,13.043587,-19.388855,0.11457682,23.367989,0.0,FF-2006-000039-YEM,center
16.75,47.25,-4.6478267,-1.5063124,4.8858232,288.50717,101688.57,90479.72,0.0,2006-02-20,1000,1393.2764,0.0075363,294.73135,-4.6201787,-1.5644163,0.04827074,4.877853,0.0,FF-2006-000039-YEM,center
16.75,47.25,-4.6478267,-1.5063124,4.8858232,288.50717,101688.57,90479.72,0.0,2006-02-20,850,14906.28,0.007412281,288.525,-9.314381,1.9705688,0.20507371,9.520548,0.0,FF-2006-000039-YEM,center
16.75,47.25,-4.6478267,-1.5063124,4.8858232,288.50717,101688.57,90479.72,0.0,2006-02-20,500,57285.582,0.0011591665,264.5502,13.721236,2.7057464,0.2288022,13.985471,0.0,FF-2006-000039-YEM,center
16.75,47.25,-4.6478267,-1.5063124,4.8858232,288.50717,101688.57,90479.72,0.0,2006-02-20,250,106165.945,5.4716234e-05,225.92244,12.460029,-19.34114,0.1466093,23.007217,0.0,FF-2006-000039-YEM,center
16.75,47.5,-3.9506786,-1.373615,4.1826644,288.33328,101695.3,90718.8,0.0,2006-02-20,1000,1400.9695,0.0075265835,294.62762,-4.007786,-1.3918065,-0.10296377,4.2425785,0.0,FF-2006-000039-YEM,center
16.75,47.5,-3.9506786,-1.373615,4.1826644,288.33328,101695.3,90718.8,0.0,2006-02-20,850,14909.686,0.0073823025,288.055,-9.3116665,1.6496919,-0.009318113,9.45667,0.0,FF-2006-000039-YEM,center
16.75,47.5,-3.9506786,-1.373615,4.1826644,288.33328,101695.3,90718.8,0.0,2006-02-20,500,57282.46,0.0011702336,264.74762,14.076639,2.5694413,0.21699953,14.30922,0.0,FF-2006-000039-YEM,center
16.75,47.5,-3.9506786,-1.373615,4.1826644,288.33328,101695.3,90718.8,0.0,2006-02-20,250,106153.64,5.309048e-05,225.86256,11.975843,-19.144062,0.20177674,22.581318,0.0,FF-2006-000039-YEM,center
16.75,47.75,-3.4017615,-1.2320256,3.6179924,288.76062,101687.82,91104.21,0.0,2006-02-20,1000,1396.2352,0.0075105145,294.6795,-3.3306055,-1.2931725,-0.09075806,3.572846,0.0,FF-2006-000039-YEM,center
16.75,47.75,-3.4017615,-1.2320256,3.6179924,288.76062,101687.82,91104.21,0.0,2006-02-20,850,14911.997,0.0073411977,287.92474,-8.914051,1.6399314,-0.13066006,9.063646,0.0,FF-2006-000039-YEM,center
16.75,47.75,-3.4017615,-1.2320256,3.6179924,288.76062,101687.82,91104.21,0.0,2006-02-20,500,57283.61,0.0011968736,264.9045,14.181581,2.3370233,0.15469074,14.372853,0.0,FF-2006-000039-YEM,center
16.75,47.75,-3.4017615,-1.2320256,3.6179924,288.76062,101687.82,91104.21,0.0,2006-02-20,250,106143.03,5.1563256e-05,225.839,11.519145,-18.739529,0.26244473,21.996832,0.0,FF-2006-000039-YEM,center
16.75,48.0,-3.2882724,-1.0678642,3.4573212,289.03912,101681.54,91231.83,0.0,2006-02-20,1000,1388.6605,0.0074843555,294.72882,-3.2334251,-1.0430645,-0.027404636,3.3975022,0.0,FF-2006-000039-YEM,center
16.75,48.0,-3.2882724,-1.0678642,3.4573212,289.03912,101681.54,91231.83,0.0,2006-02-20,850,14910.902,0.007312146,288.06085,-8.840769,1.630171,-0.12458253,8.989808,0.0,FF-2006-000039-YEM,center
16.75,48.0,-3.2882724,-1.0678642,3.4573212,289.03912,101681.54,91231.83,0.0,2006-02-20,500,57285.086,0.0012471175,264.9204,14.181581,1.9927652,0.08936262,14.320906,0.0,FF-2006-000039-YEM,center
16.75,48.0,-3.2882724,-1.0678642,3.4573212,289.03912,101681.54,91231.83,0.0,2006-02-20,250,106134.34,4.976509e-05,225.85078,10.999017,-18.169033,0.2983601,21.23893,0.0,FF-2006-000039-YEM,center
16.75,48.25,-3.5044422,-1.0733361,3.6651285,289.08478,101681.54,91121.23,0.0,2006-02-20,1000,1389.9624,0.007457823,294.6327,-3.5280523,-1.1015404,-0.014385223,3.6960173,0.0,FF-2006-000039-YEM,center
16.75,48.25,-3.5044422,-1.0733361,3.6651285,289.08478,101681.54,91121.23,0.0,2006-02-20,850,14909.321,0.00728433,288.1911,-8.791916,1.6667728,-0.07847679,8.948515,0.0,FF-2006-000039-YEM,center
16.75,48.25,-3.5044422,-1.0733361,3.6651285,289.08478,101681.54,91121.23,0.0,2006-02-20,500,57286.074,0.0013167534,264.8517,14.205367,1.5716166,0.06685448,14.292041,0.0,FF-2006-000039-YEM,center
16.75,48.25,-3.5044422,-1.0733361,3.6651285,289.08478,101681.54,91121.23,0.0,2006-02-20,250,106127.836,4.782733e-05,225.86305,10.531747,-17.469917,0.30402255,20.398914,0.0,FF-2006-000039-YEM,center
16.75,48.5,-3.7059436,-1.2135575,3.8995821,288.84018,101683.63,91010.62,0.0,2006-02-20,1000,1391.8561,0.0074417535,294.5201,-3.7578926,-1.2403327,-0.01996497,3.9572947,0.0,FF-2006-000039-YEM,center
16.75,48.5,-3.7059436,-1.2135575,3.8995821,288.84018,101683.63,91010.62,0.0,2006-02-20,850,14907.618,0.0072373534,288.2479,-8.950691,1.6033295,-0.07805765,9.093159,0.0,FF-2006-000039-YEM,center
16.75,48.5,-3.7059436,-1.2135575,3.8995821,288.84018,101683.63,91010.62,0.0,2006-02-20,500,57285.582,0.0013553423,264.77725,14.310308,1.1627011,0.06959915,14.357465,0.0,FF-2006-000039-YEM,center
16.75,48.5,-3.7059436,-1.2135575,3.8995821,288.84018,101683.63,91010.62,0.0,2006-02-20,250,106121.32,4.483857e-05,225.86945,10.288598,-16.625584,0.28962398,19.551605,0.0,FF-2006-000039-YEM,center
16.5,46.75,-3.343087,-3.1096244,4.565741,289.0229,101652.23,90922.984,0.0,2006-02-20,1000,1361.9121,0.007662984,295.21457,-3.319808,-3.0756316,-0.0003196001,4.5255537,0.0,FF-2006-000039-YEM,center
16.5,46.75,-3.343087,-3.1096244,4.565741,289.0229,101652.23,90922.984,0.0,2006-02-20,850,14909.321,0.0075117983,289.60114,-7.984468,2.6867461,-0.202124,8.424389,0.0,FF-2006-000039-YEM,center
16.5,46.75,-3.343087,-3.1096244,4.565741,289.0229,101652.23,90922.984,0.0,2006-02-20,500,57308.57,0.0010890407,264.40485,12.576672,2.4768236,0.22029305,12.818242,0.0,FF-2006-000039-YEM,center
16.5,46.75,-3.343087,-3.1096244,4.565741,289.0229,101652.23,90922.984,0.0,2006-02-20,250,106220.45,5.448633e-05,226.28662,13.377653,-18.727081,0.15712523,23.014456,0.0,FF-2006-000039-YEM,center
16.5,47.0,-4.2432804,-2.5227466,4.9365654,289.09067,101643.55,90597.13,0.0,2006-02-20,1000,1359.1898,0.007652894,295.30313,-4.330179,-2.454237,0.12045876,4.9773216,0.0,FF-2006-000039-YEM,center
16.5,47.0,-4.2432804,-2.5227466,4.9365654,289.09067,101643.55,90597.13,0.0,2006-02-20,850,14902.022,0.0074336063,289.7118,-8.451294,3.0735064,0.08750403,8.99282,0.0,FF-2006-000039-YEM,center
16.5,47.0,-4.2432804,-2.5227466,4.9365654,289.09067,101643.55,90597.13,0.0,2006-02-20,500,57302.33,0.0010441835,264.556,13.006233,2.499541,0.1986084,13.244237,0.0,FF-2006-000039-YEM,center
16.5,47.0,-4.2432804,-2.5227466,4.9365654,289.09067,101643.55,90597.13,0.0,2006-02-20,250,106206.47,5.2195493e-05,226.25325,12.819467,-18.633728,0.18592215,22.617573,0.0,FF-2006-000039-YEM,center
16.5,47.25,-4.636246,-2.1506467,5.110779,288.765,101661.945,89835.66,0.0,2006-02-20,1000,1373.9844,0.0076390672,295.25378,-4.6055245,-2.1252217,0.065474965,5.072221,0.0,FF-2006-000039-YEM,center
16.5,47.25,-4.636246,-2.1506467,5.110779,288.765,101661.945,89835.66,0.0,2006-02-20,850,14898.86,0.007390647,289.26822,-9.207174,2.474455,0.15854895,9.533886,0.0,FF-2006-000039-YEM,center
16.5,47.25,-4.636246,-2.1506467,5.110779,288.765,101661.945,89835.66,0.0,2006-02-20,500,57296.582,0.0010670039,264.66516,13.5547285,2.433136,0.2386837,13.771377,0.0,FF-2006-000039-YEM,center
16.5,47.25,-4.636246,-2.1506467,5.110779,288.765,101661.945,89835.66,0.0,2006-02-20,250,106195.37,4.9929295e-05,226.20515,12.223222,-18.440796,0.22070527,22.123972,0.0,FF-2006-000039-YEM,center
16.5,47.5,-4.003177,-1.7067266,4.3518205,288.50125,101676.305,89702.086,0.0,2006-02-20,1000,1384.3997,0.0076226247,295.1235,-3.9977593,-1.675732,-0.027404636,4.3347616,0.0,FF-2006-000039-YEM,center
16.5,47.5,-4.003177,-1.7067266,4.3518205,288.50125,101676.305,89702.086,0.0,2006-02-20,850,14899.225,0.0073656132,288.75708,-9.474514,1.744857,0.123969555,9.633843,0.0,FF-2006-000039-YEM,center
16.5,47.5,-4.003177,-1.7067266,4.3518205,288.50125,101676.305,89702.086,0.0,2006-02-20,500,57291.33,0.0010573077,264.88788,13.988487,2.3178008,0.24856567,14.17921,0.0,FF-2006-000039-YEM,center
16.5,47.5,-4.003177,-1.7067266,4.3518205,288.50125,101676.305,89702.086,0.0,2006-02-20,250,106183.55,4.7630267e-05,226.19238,11.722122,-18.050785,0.26244473,21.522987,0.0,FF-2006-000039-YEM,center
16.5,47.75,-3.5121627,-1.06376,3.6697237,288.2979,101692.61,89451.945,0.0,2006-02-20,1000,1395.4067,0.0075953444,295.02988,-3.4277864,-1.136767,-0.04147026,3.6113653,0.0,FF-2006-000039-YEM,center
16.5,47.75,-3.5121627,-1.06376,3.6697237,288.2979,101692.61,89451.945,0.0,2006-02-20,850,14902.388,0.007355105,288.24496,-9.593935,1.1104238,0.072624445,9.657983,0.0,FF-2006-000039-YEM,center
16.5,47.75,-3.5121627,-1.06376,3.6697237,288.2979,101692.61,89451.945,0.0,2006-02-20,500,57288.863,0.0010652409,265.04623,14.285123,2.092373,0.20354939,14.437547,0.0,FF-2006-000039-YEM,center
16.5,47.75,-3.5121627,-1.06376,3.6697237,288.2979,101692.61,89451.945,0.0,2006-02-20,250,106174.38,4.5782814e-05,226.19043,11.229481,-17.478216,0.29043293,20.774727,0.0,FF-2006-000039-YEM,center
16.5,48.0,-3.323786,-1.0240877,3.477975,288.5278,101688.266,89742.07,0.0,2006-02-20,1000,1396.9454,0.0075665694,294.95145,-3.2334251,-0.9768387,-0.07576248,3.3777585,0.0,FF-2006-000039-YEM,center
16.5,48.0,-3.323786,-1.0240877,3.477975,288.5278,101688.266,89742.07,0.0,2006-02-20,850,14904.82,0.0073124547,288.24496,-9.40259,1.2116891,-0.1367377,9.480342,0.0,FF-2006-000039-YEM,center
16.5,48.0,-3.323786,-1.0240877,3.477975,288.5278,101688.266,89742.07,0.0,2006-02-20,500,57290.016,0.0011004016,265.07806,14.399859,1.6886997,0.15276909,14.49854,0.0,FF-2006-000039-YEM,center
16.5,48.0,-3.323786,-1.0240877,3.477975,288.5278,101688.266,89742.07,0.0,2006-02-20,250,106167.63,4.3992855e-05,226.20024,10.768554,-16.783249,0.29334497,19.940891,0.0,FF-2006-000039-YEM,center
16.5,48.25,-3.5067585,-1.3011103,3.7403533,288.516,101683.03,89953.92,0.0,2006-02-20,1000,1390.7909,0.007541905,294.81863,-3.431643,-1.2931725,-0.03751794,3.6672153,0.0,FF-2006-000039-YEM,center
16.5,48.25,-3.5067585,-1.3011103,3.7403533,288.516,101683.03,89953.92,0.0,2006-02-20,850,14904.212,0.0072586783,288.48975,-9.275026,1.5459865,-0.07470441,9.402988,0.0,FF-2006-000039-YEM,center
16.5,48.25,-3.5067585,-1.3011103,3.7403533,288.516,101683.03,89953.92,0.0,2006-02-20,500,57291.0,0.0011241036,265.0737,14.406856,1.2343488,0.07865763,14.459638,0.0,FF-2006-000039-YEM,center
16.5,48.25,-3.5067585,-1.3011103,3.7403533,288.516,101683.03,89953.92,0.0,2006-02-20,250,106160.875,4.1587075e-05,226.21988,10.464088,-15.94099,0.2825055,19.06862,0.0,FF-2006-000039-YEM,center
16.5,48.5,-3.7375968,-1.5453007,4.044451,288.29202,101683.03,89913.94,0.0,2006-02-20,1000,1390.4358,0.0075280783,294.81485,-3.7733178,-1.5644163,0.012816064,4.0847673,0.0,FF-2006-000039-YEM,center
16.5,48.5,-3.7375968,-1.5453007,4.044451,288.29202,101683.03,89913.94,0.0,2006-02-20,850,14902.145,0.0072157187,288.50052,-9.691643,1.3336954,0.05502045,9.782979,0.0,FF-2006-000039-YEM,center
16.5,48.5,-3.7375968,-1.5453007,4.044451,288.29202,101683.03,89913.94,0.0,2006-02-20,500,57291.492,0.0011556405,264.95947,14.468421,0.74330044,0.047640324,14.487501,0.0,FF-2006-000039-YEM,center
16.5,48.5,-3.7375968,-1.5453007,4.044451,288.29202,101683.03,89913.94,0.0,2006-02-20,250,106154.125,3.8450526e-05,226.23067,10.390086,-14.97426,0.26276827,18.22587,0.0,FF-2006-000039-YEM,center
16.25,46.75,-3.1454458,-3.4584675,4.674915,290.14133,101597.94,91239.484,0.0,2006-02-20,1000,1321.7894,0.007734361,296.03302,-3.1277604,-3.5392122,0.098256,4.723231,0.0,FF-2006-000039-YEM,center
16.25,46.75,-3.1454458,-3.4584675,4.674915,290.14133,101597.94,91239.484,0.0,2006-02-20,850,14903.117,0.007495109,290.02905,-8.04825,3.563972,-0.21888983,8.802058,0.0,FF-2006-000039-YEM,center
16.25,46.75,-3.1454458,-3.4584675,4.674915,290.14133,101597.94,91239.484,0.0,2006-02-20,500,57318.258,0.0010209715,264.57767,12.3052225,1.8022871,0.20574522,12.436509,0.0,FF-2006-000039-YEM,center
16.25,46.75,-3.1454458,-3.4584675,4.674915,290.14133,101597.94,91239.484,0.0,2006-02-20,250,106249.4,4.9921087e-05,226.57472,13.348052,-17.762426,0.21277785,22.218782,0.0,FF-2006-000039-YEM,center
16.25,47.0,-3.9730675,-2.7190561,4.814409,290.34467,101591.65,90831.1,0.0,2006-02-20,1000,1316.8185,0.007718292,296.35052,-4.0463495,-2.6867318,0.1939255,4.8571053,0.0,FF-2006-000039-YEM,center
16.25,47.0,-3.9730675,-2.7190561,4.814409,290.34467,101591.65,90831.1,0.0,2006-02-20,850,14897.157,0.0074246433,290.10544,-8.395655,3.8738682,0.020022035,9.246289,0.0,FF-2006-000039-YEM,center
16.25,47.0,-3.9730675,-2.7190561,4.814409,290.34467,101591.65,90831.1,0.0,2006-02-20,500,57310.54,0.0009907077,264.68686,12.730586,1.7813172,0.18268824,12.854607,0.0,FF-2006-000039-YEM,center
16.25,47.0,-3.9730675,-2.7190561,4.814409,290.34467,101591.65,90831.1,0.0,2006-02-20,250,106237.1,4.7351088e-05,226.5708,12.722207,-17.536303,0.22976494,21.665098,0.0,FF-2006-000039-YEM,center
16.25,47.25,-4.119755,-2.2867641,4.711865,290.25037,101602.57,90247.45,0.0,2006-02-20,1000,1327.7072,0.0076850327,296.37076,-4.1543283,-2.3309445,0.14777628,4.7635856,0.0,FF-2006-000039-YEM,center
16.25,47.25,-4.119755,-2.2867641,4.711865,290.25037,101602.57,90247.45,0.0,2006-02-20,850,14896.428,0.0073677767,289.9008,-8.8027725,3.4895482,0.002627492,9.4692,0.0,FF-2006-000039-YEM,center
16.25,47.25,-4.119755,-2.2867641,4.711865,290.25037,101602.57,90247.45,0.0,2006-02-20,500,57306.105,0.0010106878,264.78955,13.249698,1.6729722,0.2296257,13.354899,0.0,FF-2006-000039-YEM,center
16.25,47.25,-4.119755,-2.2867641,4.711865,290.25037,101602.57,90247.45,0.0,2006-02-20,250,106228.66,4.4748245e-05,226.56,12.109047,-17.20023,0.25403214,21.035135,0.0,FF-2006-000039-YEM,center
16.25,47.5,-3.4897735,-1.885252,3.9664462,289.7567,101620.664,89663.8,0.0,2006-02-20,1000,1340.7263,0.007654763,296.26575,-3.5319085,-1.8884999,0.18555585,4.005098,0.0,FF-2006-000039-YEM,center
16.25,47.5,-3.4897735,-1.885252,3.9664462,289.7567,101620.664,89663.8,0.0,2006-02-20,850,14892.17,0.0073316162,289.56784,-9.266884,2.337808,0.23273718,9.557221,0.0,FF-2006-000039-YEM,center
16.25,47.5,-3.4897735,-1.885252,3.9664462,289.7567,101620.664,89663.8,0.0,2006-02-20,500,57300.36,0.0010043215,264.99634,13.711442,1.6030717,0.23072386,13.804835,0.0,FF-2006-000039-YEM,center
16.25,47.5,-3.4897735,-1.885252,3.9664462,289.7567,101620.664,89663.8,0.0,2006-02-20,250,106218.28,4.23671e-05,226.56982,11.561432,-16.665,0.28072596,20.282726,0.0,FF-2006-000039-YEM,center
16.25,47.75,-3.0520296,-1.4536438,3.3805273,289.0671,101657.16,88984.01,0.0,2006-02-20,1000,1373.6293,0.0076297247,295.8635,-3.0729995,-1.4073063,0.13498935,3.3799167,0.0,FF-2006-000039-YEM,center
16.25,47.75,-3.0520296,-1.4536438,3.3805273,289.0671,101657.16,88984.01,0.0,2006-02-20,850,14895.211,0.007349233,288.68854,-9.910128,0.615078,0.35554636,9.929197,0.0,FF-2006-000039-YEM,center
16.25,47.75,-3.0520296,-1.4536438,3.3805273,289.0671,101657.16,88984.01,0.0,2006-02-20,500,57295.76,0.0010368379,265.08023,14.174584,1.4510393,0.20766687,14.248661,0.0,FF-2006-000039-YEM,center
16.25,47.75,-3.0520296,-1.4536438,3.3805273,289.0671,101657.16,88984.01,0.0,2006-02-20,250,106210.086,4.0774205e-05,226.56393,11.039189,-16.026047,0.28930044,19.460161,0.0,FF-2006-000039-YEM,center
16.25,48.0,-2.7640603,-1.5323048,3.1603775,288.8048,101678.1,89247.75,0.0,2006-02-20,1000,1389.9624,0.007612161,295.47516,-2.8115373,-1.4446462,-0.044143893,3.160972,0.0,FF-2006-000039-YEM,center
16.25,48.0,-2.7640603,-1.5323048,3.1603775,288.8048,101678.1,89247.75,0.0,2006-02-20,850,14900.807,0.0073226537,288.3605,-9.691643,0.51869273,-0.15455127,9.705513,0.0,FF-2006-000039-YEM,center
16.25,48.0,-2.7640603,-1.5323048,3.1603775,288.8048,101678.1,89247.75,0.0,2006-02-20,500,57294.777,0.001081499,265.14386,14.418049,1.1225085,0.23593903,14.4616785,0.0,FF-2006-000039-YEM,center
16.25,48.0,-2.7640603,-1.5323048,3.1603775,288.8048,101678.1,89247.75,0.0,2006-02-20,250,106203.33,3.8918544e-05,226.56294,10.69878,-15.243948,0.2731223,18.623692,0.0,FF-2006-000039-YEM,center
16.25,48.25,-2.8721452,-1.7422948,3.359287,288.96985,101666.58,89690.17,0.0,2006-02-20,1000,1372.9192,0.007588244,295.3398,-2.7853136,-1.6700958,0.0040977076,3.247644,0.0,FF-2006-000039-YEM,center
16.25,48.25,-2.8721452,-1.7422948,3.359287,288.96985,101666.58,89690.17,0.0,2006-02-20,850,14900.441,0.007272586,288.68265,-9.408018,1.3153945,-0.22245252,9.49953,0.0,FF-2006-000039-YEM,center
16.25,48.25,-2.8721452,-1.7422948,3.359287,288.96985,101666.58,89690.17,0.0,2006-02-20,500,57294.613,0.0011037318,265.29498,14.436239,0.8079581,0.14590693,14.458831,0.0,FF-2006-000039-YEM,center
16.25,48.25,-2.8721452,-1.7422948,3.359287,288.96985,101666.58,89690.17,0.0,2006-02-20,250,106194.41,3.632391e-05,226.59337,10.624779,-14.198387,0.25500274,17.733587,0.0,FF-2006-000039-YEM,center
16.25,48.5,-3.0473974,-1.965281,3.6261494,289.18793,101651.77,90227.03,0.0,2006-02-20,1000,1367.238,0.0075792754,295.3651,-3.16401,-1.9335896,0.11627395,3.7080626,0.0,FF-2006-000039-YEM,center
16.25,48.5,-3.0473974,-1.965281,3.6261494,289.18793,101651.77,90227.03,0.0,2006-02-20,850,14899.469,0.00728773,288.67383,-9.934555,1.1238445,0.053343892,9.99792,0.0,FF-2006-000039-YEM,center
16.25,48.5,-3.0473974,-1.965281,3.6261494,289.18793,101651.77,90227.03,0.0,2006-02-20,500,57295.76,0.0011303716,265.2104,14.467022,0.32564688,0.046542168,14.470687,0.0,FF-2006-000039-YEM,center
16.25,48.5,-3.0473974,-1.965281,3.6261494,289.18793,101651.77,90227.03,0.0,2006-02-20,250,106187.41,3.2949247e-05,226.61398,10.757982,-13.044949,0.23769212,16.908722,0.0,FF-2006-000039-YEM,center
16.0,46.75,-3.1562543,-3.3839107,4.6273956,291.29214,101543.945,91826.54,0.0,2006-02-20,1000,1278.8262,0.0077892947,296.9868,-3.1709518,-3.4476233,0.08593405,4.6841264,0.0,FF-2006-000039-YEM,center
16.0,46.75,-3.1562543,-3.3839107,4.6273956,291.29214,101543.945,91826.54,0.0,2006-02-20,850,14897.521,0.0074645123,290.173,-8.211096,3.6652374,-0.15685654,8.992,0.0,FF-2006-000039-YEM,center
16.0,46.75,-3.1562543,-3.3839107,4.6273956,291.29214,101543.945,91826.54,0.0,2006-02-20,500,57326.47,0.0010308635,264.70422,11.912041,0.9320307,0.1813159,11.948447,0.0,FF-2006-000039-YEM,center
16.0,46.75,-3.1562543,-3.3839107,4.6273956,291.29214,101543.945,91826.54,0.0,2006-02-20,250,106281.72,4.5413326e-05,226.90356,13.455884,-16.55505,0.24060416,21.333788,0.0,FF-2006-000039-YEM,center
16.0,47.0,-3.84877,-2.5309544,4.6063824,291.38498,101535.12,91758.48,0.0,2006-02-20,1000,1274.5654,0.0077631357,297.36755,-3.9082913,-2.5120082,0.1321995,4.645958,0.0,FF-2006-000039-YEM,center
16.0,47.0,-3.84877,-2.5309544,4.6063824,291.38498,101535.12,91758.48,0.0,2006-02-20,850,14895.697,0.007406409,290.0467,-8.386156,4.155703,-0.030694366,9.359352,0.0,FF-2006-000039-YEM,center
16.0,47.0,-3.84877,-2.5309544,4.6063824,291.38498,101535.12,91758.48,0.0,2006-02-20,500,57319.08,0.0010065741,264.78375,12.376583,0.8813529,0.18570757,12.407925,0.0,FF-2006-000039-YEM,center
16.0,47.0,-3.84877,-2.5309544,4.6063824,291.38498,101535.12,91758.48,0.0,2006-02-20,250,106271.11,4.240815e-05,226.92467,12.785637,-16.200306,0.25176716,20.637888,0.0,FF-2006-000039-YEM,center
16.0,47.25,-3.8402774,-2.0022173,4.3308897,291.40268,101537.51,91710.83,0.0,2006-02-20,1000,1277.6427,0.0077287555,297.35364,-3.8419614,-2.0174289,0.07640197,4.3394337,0.0,FF-2006-000039-YEM,center
16.0,47.25,-3.8402774,-2.0022173,4.3308897,291.40268,101537.51,91710.83,0.0,2006-02-20,850,14896.306,0.0073541775,289.82928,-8.661638,4.137402,-0.2000283,9.599067,0.0,FF-2006-000039-YEM,center
16.0,47.25,-3.8402774,-2.0022173,4.3308897,291.40268,101537.51,91710.83,0.0,2006-02-20,500,57313.99,0.0010098063,264.93994,12.845323,0.83591795,0.23758602,12.872493,0.0,FF-2006-000039-YEM,center
16.0,47.25,-3.8402774,-2.0022173,4.3308897,291.40268,101537.51,91710.83,0.0,2006-02-20,250,106262.91,3.9624676e-05,226.95706,12.187278,-15.6796,0.27198982,19.858992,0.0,FF-2006-000039-YEM,center
16.0,47.5,-3.2913604,-1.5288846,3.6291242,291.26416,101545.29,91595.125,0.0,2006-02-20,1000,1278.8262,0.007693628,297.30554,-3.2804728,-1.5390533,0.216012,3.62356,0.0,FF-2006-000039-YEM,center
16.0,47.5,-3.2913604,-1.5288846,3.6291242,291.26416,101545.29,91595.125,0.0,2006-02-20,850,14889.615,0.007307819,289.76074,-9.097252,3.3492408,-0.032370925,9.694195,0.0,FF-2006-000039-YEM,center
16.0,47.5,-3.2913604,-1.5288846,3.6291242,291.26416,101545.29,91595.125,0.0,2006-02-20,500,57308.734,0.0009981513,265.19376,13.242702,0.905818,0.19586372,13.273645,0.0,FF-2006-000039-YEM,center
16.0,47.5,-3.2913604,-1.5288846,3.6291242,291.26416,101545.29,91595.125,0.0,2006-02-20,250,106253.74,3.710395e-05,227.00124,11.66715,-14.938993,0.2837999,18.955103,0.0,FF-2006-000039-YEM,center
16.0,47.75,-2.9022546,-1.4194436,3.2307742,290.8,101581.03,90752.83,0.0,2006-02-20,1000,1313.1494,0.007660742,296.80716,-2.8770957,-1.3467168,0.24786308,3.1766846,0.0,FF-2006-000039-YEM,center
16.0,47.75,-2.9022546,-1.4194436,3.2307742,290.8,101581.03,90752.83,0.0,2006-02-20,850,14890.832,0.00730411,289.15854,-9.965767,1.6570123,0.29246533,10.102584,0.0,FF-2006-000039-YEM,center
16.0,47.75,-2.9022546,-1.4194436,3.2307742,290.8,101581.03,90752.83,0.0,2006-02-20,500,57305.12,0.0011022626,265.21616,13.715639,0.8306756,0.12559462,13.74077,0.0,FF-2006-000039-YEM,center
16.0,47.75,-2.9022546,-1.4194436,3.2307742,290.8,101581.03,90752.83,0.0,2006-02-20,250,106246.02,3.5437144e-05,227.00761,11.195651,-14.156897,0.28331447,18.048832,0.0,FF-2006-000039-YEM,center
16.0,48.0,-2.539398,-1.4830561,2.9407477,290.22678,101609.45,90768.99,0.0,2006-02-20,1000,1345.8157,0.0076424307,296.18353,-2.5007129,-1.6059836,0.043504693,2.971994,0.0,FF-2006-000039-YEM,center
16.0,48.0,-2.539398,-1.4830561,2.9407477,290.22678,101609.45,90768.99,0.0,2006-02-20,850,14897.644,0.0072923657,288.62488,-10.058046,0.960356,-0.13589942,10.10379,0.0,FF-2006-000039-YEM,center
16.0,48.0,-2.539398,-1.4830561,2.9407477,290.22678,101609.45,90768.99,0.0,2006-02-20,500,57302.496,0.001171605,265.21326,14.071042,0.5807824,0.20986271,14.083023,0.0,FF-2006-000039-YEM,center
16.0,48.0,-2.539398,-1.4830561,2.9407477,290.22678,101609.45,90768.99,0.0,2006-02-20,250,106239.03,3.3737495e-05,226.98749,10.95673,-13.28352,0.2525761,17.219229,0.0,FF-2006-000039-YEM,center
16.0,48.25,-2.124043,-1.2751181,2.4773948,289.53717,101623.06,91071.03,0.0,2006-02-20,1000,1337.1757,0.007620756,295.94952,-2.122017,-1.4467598,0.0165359,2.5682814,0.0,FF-2006-000039-YEM,center
16.0,48.25,-2.124043,-1.2751181,2.4773948,289.53717,101623.06,91071.03,0.0,2006-02-20,850,14899.225,0.0073044193,288.7091,-9.707928,1.362977,-0.34840512,9.803141,0.0,FF-2006-000039-YEM,center
16.0,48.25,-2.124043,-1.2751181,2.4773948,289.53717,101623.06,91071.03,0.0,2006-02-20,500,57301.016,0.0012625922,265.43164,14.229154,0.39379978,0.19311905,14.234602,0.0,FF-2006-000039-YEM,center
16.0,48.25,-2.124043,-1.2751181,2.4773948,289.53717,101623.06,91071.03,0.0,2006-02-20,250,106230.1,3.1651944e-05,226.99289,11.070905,-12.094816,0.21326327,16.396631,0.0,FF-2006-000039-YEM,center
16.0,48.5,-2.296207,-1.4898963,2.737217,289.7582,101608.555,91601.08,0.0,2006-02-20,1000,1330.4293,0.007610666,295.9027,-2.3140645,-1.470714,0.10534694,2.7418778,0.0,FF-2006-000039-YEM,center
16.0,48.5,-2.296207,-1.4898963,2.737217,289.7582,101608.555,91601.08,0.0,2006-02-20,850,14899.833,0.007321108,288.7277,-9.929127,1.2434107,-0.111798644,10.00668,0.0,FF-2006-000039-YEM,center
16.0,48.5,-2.296207,-1.4898963,2.737217,289.7582,101608.555,91601.08,0.0,2006-02-20,500,57301.836,0.0012901135,265.44684,14.34389,-0.0063786507,0.06575632,14.343892,0.0,FF-2006-000039-YEM,center
16.0,48.5,-2.296207,-1.4898963,2.737217,289.7582,101608.555,91601.08,0.0,2006-02-20,250,106222.625,2.8293696e-05,227.00124,11.430343,-10.767117,0.18446612,15.702979,0.0,FF-2006-000039-YEM,center
15.75,46.75,-3.039677,-3.3401346,4.5162077,291.84326,101499.67,92177.92,0.0,2006-02-20,1000,1245.0947,0.0077698627,297.70782,-3.16401,-3.4109879,-0.0056668594,4.6525044,0.0,FF-2006-000039-YEM,center
15.75,46.75,-3.039677,-3.3401346,4.5162077,291.84326,101499.67,92177.92,0.0,2006-02-20,850,14887.548,0.007427425,290.42957,-7.700844,3.1064482,-0.110122085,8.303796,0.0,FF-2006-000039-YEM,center
15.75,46.75,-3.039677,-3.3401346,4.5162077,291.84326,101499.67,92177.92,0.0,2006-02-20,500,57332.055,0.0010834578,264.78955,11.394329,-0.13918877,0.16045475,11.39518,0.0,FF-2006-000039-YEM,center
15.75,46.75,-3.039677,-3.3401346,4.5162077,291.84326,101499.67,92177.92,0.0,2006-02-20,250,106313.32,4.103694e-05,227.24124,13.760349,-15.306185,0.26390076,20.58219,0.0,FF-2006-000039-YEM,center
15.75,47.0,-3.7128918,-2.4249334,4.4346213,291.90073,101487.86,92347.234,0.0,2006-02-20,1000,1238.8219,0.0077283815,298.1708,-3.7941422,-2.3964658,0.016303413,4.4876013,0.0,FF-2006-000039-YEM,center
15.75,47.0,-3.7128918,-2.4249334,4.4346213,291.90073,101487.86,92347.234,0.0,2006-02-20,850,14891.197,0.007349851,290.10837,-8.04825,3.983674,-0.01686263,8.9802,0.0,FF-2006-000039-YEM,center
15.75,47.0,-3.7128918,-2.4249334,4.4346213,291.90073,101487.86,92347.234,0.0,2006-02-20,500,57326.96,0.0010586788,264.8792,11.868666,-0.05356121,0.1722579,11.868786,0.0,FF-2006-000039-YEM,center
15.75,47.0,-3.7128918,-2.4249334,4.4346213,291.90073,101487.86,92347.234,0.0,2006-02-20,250,106305.6,3.7883976e-05,227.28885,13.081645,-14.743988,0.27182794,19.710773,0.0,FF-2006-000039-YEM,center
15.75,47.25,-3.4241505,-1.5069964,3.741102,291.69,101495.04,92322.56,0.0,2006-02-20,1000,1243.6744,0.0077067073,298.1063,-3.4694352,-1.5362352,-0.035774264,3.7943377,0.0,FF-2006-000039-YEM,center
15.75,47.25,-3.4241505,-1.5069964,3.741102,291.69,101495.04,92322.56,0.0,2006-02-20,850,14889.737,0.0072419895,289.6374,-8.892338,3.967813,-0.01958704,9.737412,0.0,FF-2006-000039-YEM,center
15.75,47.25,-3.4241505,-1.5069964,3.741102,291.69,101495.04,92322.56,0.0,2006-02-20,500,57321.05,0.0010878653,265.0267,12.361192,0.11245155,0.21946955,12.361703,0.0,FF-2006-000039-YEM,center
15.75,47.25,-3.4241505,-1.5069964,3.741102,291.69,101495.04,92322.56,0.0,2006-02-20,250,106297.64,3.505945e-05,227.34824,12.4875145,-13.9556675,0.27069545,18.72695,0.0,FF-2006-000039-YEM,center
15.75,47.5,-2.9493487,-0.68960834,3.028897,291.44394,101508.05,92441.67,0.0,2006-02-20,1000,1249.2372,0.0077145547,297.8381,-2.9881592,-0.71686757,0.046759553,3.0729456,0.0,FF-2006-000039-YEM,center
15.75,47.5,-2.9493487,-0.68960834,3.028897,291.44394,101508.05,92441.67,0.0,2006-02-20,850,14886.817,0.007247243,289.35635,-9.440588,3.4956484,-0.12646866,10.066989,0.0,FF-2006-000039-YEM,center
15.75,47.5,-2.9493487,-0.68960834,3.028897,291.44394,101508.05,92441.67,0.0,2006-02-20,500,57316.29,0.0011218509,265.26605,12.771164,0.3029294,0.21260738,12.774756,0.0,FF-2006-000039-YEM,center
15.75,47.5,-2.9493487,-0.68960834,3.028897,291.44394,101508.05,92441.67,0.0,2006-02-20,250,106289.92,3.2817872e-05,227.39928,12.035046,-12.966118,0.23963356,17.690746,0.0,FF-2006-000039-YEM,center
15.75,47.75,-2.5973008,-0.57195926,2.6595316,291.35995,101537.81,91823.99,0.0,2006-02-20,1000,1271.0148,0.0076824166,297.37512,-2.6518831,-0.42589676,0.17730248,2.6858652,0.0,FF-2006-000039-YEM,center
15.75,47.75,-2.5973008,-0.57195926,2.6595316,291.35995,101537.81,91823.99,0.0,2006-02-20,850,14885.967,0.007260224,289.16443,-10.226322,2.5378983,0.10783255,10.536536,0.0,FF-2006-000039-YEM,center
15.75,47.75,-2.5973008,-0.57195926,2.6595316,291.35995,101537.81,91823.99,0.0,2006-02-20,500,57312.348,0.0012367356,265.34415,13.220314,0.25924206,0.11708593,13.222856,0.0,FF-2006-000039-YEM,center
15.75,47.75,-2.5973008,-0.57195926,2.6595316,291.35995,101537.81,91823.99,0.0,2006-02-20,250,106281.96,3.1110016e-05,227.40565,11.698865,-11.976566,0.21310139,16.742208,0.0,FF-2006-000039-YEM,center
15.75,48.0,-2.3772705,-0.61641955,2.4558885,290.84125,101573.26,91458.99,0.0,2006-02-20,1000,1305.2196,0.007667469,296.77426,-2.2986388,-0.68305004,0.099185966,2.3979778,0.0,FF-2006-000039-YEM,center
15.75,48.0,-2.3772705,-0.61641955,2.4558885,290.84125,101573.26,91458.99,0.0,2006-02-20,850,14890.832,0.007309055,288.77567,-10.561514,1.4056792,-0.029436946,10.654648,0.0,FF-2006-000039-YEM,center
15.75,48.0,-2.3772705,-0.61641955,2.4558885,290.84125,101573.26,91458.99,0.0,2006-02-20,500,57308.08,0.0013777708,265.27762,13.652674,0.005853653,0.12998676,13.652675,0.0,FF-2006-000039-YEM,center
15.75,48.0,-2.3772705,-0.61641955,2.4558885,290.84125,101573.26,91458.99,0.0,2006-02-20,250,106273.04,2.9812712e-05,227.36002,11.561432,-11.055477,0.17346501,15.996571,0.0,FF-2006-000039-YEM,center
15.75,48.25,-1.97118,-0.41668963,2.014741,290.14575,101586.87,91749.12,0.0,2006-02-20,1000,1318.5938,0.0076454203,296.3733,-2.044118,-0.491418,0.010956146,2.102358,0.0,FF-2006-000039-YEM,center
15.75,48.25,-1.97118,-0.41668963,2.014741,290.14575,101586.87,91749.12,0.0,2006-02-20,850,14896.792,0.0073207994,288.59354,-10.319958,0.9188738,-0.20442939,10.360785,0.0,FF-2006-000039-YEM,center
15.75,48.25,-1.97118,-0.41668963,2.014741,290.14575,101586.87,91749.12,0.0,2006-02-20,500,57306.273,0.0014693456,265.36438,13.953507,-0.2090888,0.16566992,13.955073,0.0,FF-2006-000039-YEM,center
15.75,48.25,-1.97118,-0.41668963,2.014741,290.14575,101586.87,91749.12,0.0,2006-02-20,250,106264.12,2.7735354e-05,227.32271,11.785553,-9.922785,0.13188744,15.406522,0.0,FF-2006-000039-YEM,center
15.75,48.5,-2.344073,-0.8975465,2.5100336,290.09418,101597.484,91692.12,0.0,2006-02-20,1000,1323.328,0.0076259878,296.21136,-2.2978678,-0.65416443,-0.009851672,2.3891687,0.0,FF-2006-000039-YEM,center
15.75,48.5,-2.344073,-0.8975465,2.5100336,290.09418,101597.484,91692.12,0.0,2006-02-20,850,14899.59,0.007319254,288.57886,-10.186968,0.6651006,-0.12877393,10.208657,0.0,FF-2006-000039-YEM,center
15.75,48.5,-2.344073,-0.8975465,2.5100336,290.09418,101597.484,91692.12,0.0,2006-02-20,500,57306.273,0.0015513223,265.40128,14.121414,-0.55858946,0.12559462,14.132458,0.0,FF-2006-000039-YEM,center
15.75,48.5,-2.344073,-0.8975465,2.5100336,290.09418,101597.484,91692.12,0.0,2006-02-20,250,106255.43,2.6298454e-05,227.30603,12.307796,-8.584713,0.10762024,15.00597,0.0,FF-2006-000039-YEM,center
15.5,46.75,-2.0468395,-3.1506643,3.7571583,291.858,101467.81,92126.02,0.0,2006-02-20,1000,1221.1869,0.0077201603,298.31247,-2.192974,-3.2256966,-0.08692198,3.9005454,0.0,FF-2006-000039-YEM,center
15.5,46.75,-2.0468395,-3.1506643,3.7571583,291.858,101467.81,92126.02,0.0,2006-02-20,850,14882.926,0.0075241607,290.75858,-5.4739175,2.644044,-0.28427613,6.079041,0.0,FF-2006-000039-YEM,center
15.5,46.75,-2.0468395,-3.1506643,3.7571583,291.858,101467.81,92126.02,0.0,2006-02-20,500,57339.605,0.0011644552,264.8763,10.726899,-1.2069135,0.15990591,10.794582,0.0,FF-2006-000039-YEM,center
15.5,46.75,-2.0468395,-3.1506643,3.7571583,291.858,101467.81,92126.02,0.0,2006-02-20,250,106347.57,3.7210688e-05,227.60591,14.312193,-13.978487,0.29981613,20.005924,0.0,FF-2006-000039-YEM,center
15.5,47.0,-2.9817743,-1.6643181,3.4148107,291.85947,101461.234,91854.62,0.0,2006-02-20,1000,1210.2981,0.0076902644,299.16254,-3.029037,-1.674323,0.041644774,3.4609857,0.0,FF-2006-000039-YEM,center
15.5,47.0,-2.9817743,-1.6643181,3.4148107,291.85947,101461.234,91854.62,0.0,2006-02-20,850,14887.183,0.007531887,290.48145,-6.3437896,3.7103796,-0.13589942,7.3491893,0.0,FF-2006-000039-YEM,center
15.5,47.0,-2.9817743,-1.6643181,3.4148107,291.85947,101461.234,91854.62,0.0,2006-02-20,500,57335.992,0.0011849247,264.99127,11.155062,-0.9080901,0.1420641,11.191963,0.0,FF-2006-000039-YEM,center
15.5,47.0,-2.9817743,-1.6643181,3.4148107,291.85947,101461.234,91854.62,0.0,2006-02-20,250,106341.78,3.4156255e-05,227.66136,13.616574,-13.16942,0.28072596,18.943197,0.0,FF-2006-000039-YEM,center
15.5,47.25,-2.6397626,-0.4590981,2.6793876,291.5515,101492.195,90759.63,0.0,2006-02-20,1000,1238.7035,0.0077470667,299.17645,-2.6457129,-0.4442147,0.121621214,2.6827455,0.0,FF-2006-000039-YEM,center
15.5,47.25,-2.6397626,-0.4590981,2.6793876,291.5515,101492.195,90759.63,0.0,2006-02-20,850,14881.952,0.007180795,290.09174,-7.798552,3.467587,0.36246216,8.534728,0.0,FF-2006-000039-YEM,center
15.5,47.25,-2.6397626,-0.4590981,2.6793876,291.5515,101492.195,90759.63,0.0,2006-02-20,500,57329.59,0.0012766956,264.95224,11.727344,-0.7490673,0.13328028,11.751242,0.0,FF-2006-000039-YEM,center
15.5,47.25,-2.6397626,-0.4590981,2.6793876,291.5515,101492.195,90759.63,0.0,2006-02-20,250,106335.51,3.1627307e-05,227.69376,12.93787,-12.231733,0.23607445,17.8046,0.0,FF-2006-000039-YEM,center
15.5,47.5,-2.2861705,0.29672933,2.3053467,290.62317,101533.17,90278.08,0.0,2006-02-20,1000,1280.9567,0.007463802,298.401,-2.302495,0.23636067,0.032810174,2.314595,0.0,FF-2006-000039-YEM,center
15.5,47.5,-2.2861705,0.29672933,2.3053467,290.62317,101533.17,90278.08,0.0,2006-02-20,850,14888.156,0.0070067947,289.34363,-8.433653,2.6501443,0.10573685,8.840236,0.0,FF-2006-000039-YEM,center
15.5,47.5,-2.2861705,0.29672933,2.3053467,290.62317,101533.17,90278.08,0.0,2006-02-20,500,57325.32,0.0014095036,264.9826,12.281436,-0.6791673,0.20821571,12.3002,0.0,FF-2006-000039-YEM,center
15.5,47.5,-2.2861705,0.29672933,2.3053467,290.62317,101533.17,90278.08,0.0,2006-02-20,250,106329.96,3.012472e-05,227.68149,12.472714,-11.254631,0.16214037,16.79986,0.0,FF-2006-000039-YEM,center
15.5,47.75,-2.366462,0.22490859,2.3771257,290.52444,101565.33,90212.56,0.0,2006-02-20,1000,1300.1302,0.007235845,297.70782,-2.312522,0.3814938,0.06593994,2.343778,0.0,FF-2006-000039-YEM,center
15.5,47.75,-2.366462,0.22490859,2.3771257,290.52444,101565.33,90212.56,0.0,2006-02-20,850,14888.5205,0.006936947,288.88925,-9.33338,1.8375818,0.022956014,9.512554,0.0,FF-2006-000039-YEM,center
15.5,47.75,-2.366462,0.22490859,2.3771257,290.52444,101565.33,90212.56,0.0,2006-02-20,500,57319.74,0.0014805109,265.17712,12.825733,-0.6337323,0.1879034,12.84138,0.0,FF-2006-000039-YEM,center
15.5,47.75,-2.366462,0.22490859,2.3771257,290.52444,101565.33,90212.56,0.0,2006-02-20,250,106319.83,2.8942362e-05,227.65204,12.301453,-10.258858,0.11797404,16.0178,0.0,FF-2006-000039-YEM,center
15.5,48.0,-2.2699575,0.16950417,2.2762775,290.12363,101600.18,89798.23,0.0,2006-02-20,1000,1321.4343,0.0072186547,297.16388,-2.361112,0.07572806,0.027114175,2.3623264,0.0,FF-2006-000039-YEM,center
15.5,48.0,-2.2699575,0.16950417,2.2762775,290.12363,101600.18,89798.23,0.0,2006-02-20,850,14891.439,0.0069925776,288.52893,-10.022764,0.749285,-0.029856086,10.050733,0.0,FF-2006-000039-YEM,center
15.5,48.0,-2.2699575,0.16950417,2.2762775,290.12363,101600.18,89798.23,0.0,2006-02-20,500,57315.305,0.0016268349,265.1887,13.323857,-0.80848265,0.13437843,13.348364,0.0,FF-2006-000039-YEM,center
15.5,48.0,-2.2699575,0.16950417,2.2762775,290.12363,101600.18,89798.23,0.0,2006-02-20,250,106308.016,2.7735354e-05,227.60394,12.352197,-9.321171,0.08966255,15.474527,0.0,FF-2006-000039-YEM,center
15.5,48.25,-2.5023403,-0.31272078,2.521805,289.90555,101605.56,90245.75,0.0,2006-02-20,1000,1335.4003,0.0070344205,296.82614,-2.5400481,-0.19058406,-0.024963498,2.547188,0.0,FF-2006-000039-YEM,center
15.5,48.25,-2.5023403,-0.31272078,2.521805,289.90555,101605.56,90245.75,0.0,2006-02-20,850,14898.617,0.006982688,288.42316,-10.167969,0.027007103,-0.11619961,10.168005,0.0,FF-2006-000039-YEM,center
15.5,48.25,-2.5023403,-0.31272078,2.521805,289.90555,101605.56,90245.75,0.0,2006-02-20,500,57313.004,0.0017072444,265.21182,13.633085,-0.9343028,0.15331793,13.665063,0.0,FF-2006-000039-YEM,center
15.5,48.25,-2.5023403,-0.31272078,2.521805,289.90555,101605.56,90245.75,0.0,2006-02-20,250,106296.44,2.6487309e-05,227.57106,12.711635,-8.223745,0.07574916,15.139869,0.0,FF-2006-000039-YEM,center
15.5,48.5,-2.8760054,-0.79426146,2.9836652,289.85397,101616.18,90187.89,0.0,2006-02-20,1000,1337.8857,0.007014988,296.70975,-2.8377604,-0.7654799,-0.04890993,2.9391909,0.0,FF-2006-000039-YEM,center
15.5,48.5,-2.8760054,-0.79426146,2.9836652,289.85397,101616.18,90187.89,0.0,2006-02-20,850,14900.441,0.0069805244,288.41534,-9.98748,-0.34877253,-0.053747296,9.993568,0.0,FF-2006-000039-YEM,center
15.5,48.5,-2.8760054,-0.79426146,2.9836652,289.85397,101616.18,90187.89,0.0,2006-02-20,500,57313.332,0.0017892211,265.28918,13.736628,-1.0269208,0.1829629,13.774959,0.0,FF-2006-000039-YEM,center
15.5,48.5,-2.8760054,-0.79426146,2.9836652,289.85397,101616.18,90187.89,0.0,2006-02-20,250,106285.58,2.5050409e-05,227.56468,13.352281,-6.8649297,0.065557,15.013682,0.0,FF-2006-000039-YEM,center
15.25,46.75,-0.46030673,-1.5480368,1.6150234,291.20523,101464.375,91609.586,5.811453e-07,2006-02-20,1000,1205.4456,0.008685801,298.86145,-0.27943915,-1.2558323,0.0047951713,1.2865462,0.0005811453,FF-2006-000039-YEM,center
15.25,46.75,-0.46030673,-1.5480368,1.6150234,291.20523,101464.375,91609.586,5.811453e-07,2006-02-20,850,14881.709,0.0086605735,290.86627,-1.9862878,2.149918,-0.44082618,2.927027,0.0005811453,FF-2006-000039-YEM,center
15.25,46.75,-0.46030673,-1.5480368,1.6150234,291.20523,101464.375,91609.586,5.811453e-07,2006-02-20,500,57346.832,0.0012475091,265.07806,10.045478,-2.1610498,0.12010527,10.275299,0.0005811453,FF-2006-000039-YEM,center
15.25,46.75,-0.46030673,-1.5480368,1.6150234,291.20523,101464.375,91609.586,5.811453e-07,2006-02-20,250,106384.48,3.4082346e-05,227.99658,15.316505,-12.540838,0.30758166,19.795656,0.0005811453,FF-2006-000039-YEM,center
15.25,47.0,-1.7357092,0.35213375,1.7710688,290.95178,101461.38,90874.49,5.811453e-07,2006-02-20,1000,1216.0975,0.0087291505,299.56857,-1.8335596,0.4639237,0.24670064,1.8913398,0.0005811453,FF-2006-000039-YEM,center
15.25,47.0,-1.7357092,0.35213375,1.7710688,290.95178,101461.38,90874.49,5.811453e-07,2006-02-20,850,14885.602,0.009014756,290.53433,-3.16014,3.4627068,-0.21868026,4.6879444,0.0005811453,FF-2006-000039-YEM,center
15.25,47.0,-1.7357092,0.35213375,1.7710688,290.95178,101461.38,90874.49,5.811453e-07,2006-02-20,500,57345.023,0.0012999077,265.1041,10.456849,-1.8080544,0.058894157,10.61201,0.0005811453,FF-2006-000039-YEM,center
15.25,47.0,-1.7357092,0.35213375,1.7710688,290.95178,101461.38,90874.49,5.811453e-07,2006-02-20,250,106380.62,3.125782e-05,228.02357,14.515169,-11.590706,0.2472372,18.575108,0.0005811453,FF-2006-000039-YEM,center
15.25,47.25,-1.8368459,1.1059092,2.1440704,290.8501,101539.305,87827.766,0.0,2006-02-20,1000,1280.4832,0.008906659,299.5243,-1.8728946,1.1395674,0.28831628,2.1923385,0.0,FF-2006-000039-YEM,center
15.25,47.25,-1.8368459,1.1059092,2.1440704,290.8501,101539.305,87827.766,0.0,2006-02-20,850,14883.047,0.008413017,290.20532,-4.4696975,3.0796068,0.410035,5.427907,0.0,FF-2006-000039-YEM,center
15.25,47.25,-1.8368459,1.1059092,2.1440704,290.8501,101539.305,87827.766,0.0,2006-02-20,500,57339.113,0.0015123418,264.7845,11.038926,-1.9198947,0.050385,11.204637,0.0,FF-2006-000039-YEM,center
15.25,47.25,-1.8368459,1.1059092,2.1440704,290.8501,101539.305,87827.766,0.0,2006-02-20,250,106375.07,2.9541741e-05,227.99904,13.713834,-10.713179,0.17605352,17.40234,0.0,FF-2006-000039-YEM,center
15.25,47.5,-1.861551,0.8453027,2.0444825,289.61084,101600.92,86858.695,1.6056001e-06,2006-02-20,1000,1330.9028,0.00726163,298.79315,-1.837416,0.89016396,0.04815448,2.041688,0.0016056001,FF-2006-000039-YEM,center
15.25,47.5,-1.861551,0.8453027,2.0444825,289.61084,101600.92,86858.695,1.6056001e-06,2006-02-20,850,14893.021,0.006896151,289.5708,-5.2296476,1.7802387,0.073462725,5.524352,0.0016056001,FF-2006-000039-YEM,center
15.25,47.5,-1.861551,0.8453027,2.0444825,289.61084,101600.92,86858.695,1.6056001e-06,2006-02-20,500,57334.35,0.0017729629,264.67096,11.658782,-1.9758148,0.18900156,11.825018,0.0016056001,FF-2006-000039-YEM,center
15.25,47.5,-1.861551,0.8453027,2.0444825,289.61084,101600.92,86858.695,1.6056001e-06,2006-02-20,250,106366.87,2.8917726e-05,227.93524,13.252907,-9.933157,0.106811285,16.562222,0.0016056001,FF-2006-000039-YEM,center
15.25,47.75,-2.3023832,0.40617037,2.3379354,289.20563,101626.8,87172.64,1.6056001e-06,2006-02-20,1000,1337.7675,0.0069421167,298.17838,-2.4004474,0.3145635,0.03211271,2.4209704,0.0016056001,FF-2006-000039-YEM,center
15.25,47.75,-2.3023832,0.40617037,2.3379354,289.20563,101626.8,87172.64,1.6056001e-06,2006-02-20,850,14893.265,0.0067431666,289.04105,-6.852685,0.7419646,-0.034885764,6.8927355,0.0016056001,FF-2006-000039-YEM,center
15.25,47.75,-2.3023832,0.40617037,2.3379354,289.20563,101626.8,87172.64,1.6056001e-06,2006-02-20,500,57328.11,0.0017734526,264.94644,12.25625,-1.6804867,0.20931387,12.370922,0.0016056001,FF-2006-000039-YEM,center
15.25,47.75,-2.3023832,0.40617037,2.3379354,289.20563,101626.8,87172.64,1.6056001e-06,2006-02-20,250,106352.63,2.7973481e-05,227.89499,13.233878,-9.061855,0.07672,16.0391,0.0016056001,FF-2006-000039-YEM,center
15.25,48.0,-2.7432153,-0.2032795,2.7507367,289.073,101635.32,87434.69,0.0,2006-02-20,1000,1354.3373,0.0067126644,297.6218,-2.827734,-0.26315057,-0.04658503,2.839952,0.0,FF-2006-000039-YEM,center
15.25,48.0,-2.7432153,-0.2032795,2.7507367,289.073,101635.32,87434.69,0.0,2006-02-20,850,14896.792,0.0067737633,288.52402,-7.9329,-0.37805414,-0.053747296,7.941903,0.0,FF-2006-000039-YEM,center
15.25,48.0,-2.7432153,-0.2032795,2.7507367,289.073,101635.32,87434.69,0.0,2006-02-20,500,57326.305,0.0018647336,265.0108,12.715195,-1.6367993,0.18900156,12.820112,0.0,FF-2006-000039-YEM,center
15.25,48.0,-2.7432153,-0.2032795,2.7507367,289.073,101635.32,87434.69,0.0,2006-02-20,250,106340.336,2.709491e-05,227.86014,13.436854,-8.107573,0.059247494,15.693368,0.0,FF-2006-000039-YEM,center
15.25,48.25,-2.9369962,-0.7833173,3.03966,289.10394,101635.17,88134.055,0.0,2006-02-20,1000,1355.1658,0.0064794756,297.3473,-2.9488244,-0.70911777,-0.10087136,3.0328887,0.0,FF-2006-000039-YEM,center
15.25,48.25,-2.9369962,-0.7833173,3.03966,289.10394,101635.17,88134.055,0.0,2006-02-20,850,14898.738,0.006770982,288.42905,-8.247736,-1.0320084,-0.19604647,8.312051,0.0,FF-2006-000039-YEM,center
15.25,48.25,-2.9369962,-0.7833173,3.03966,289.10394,101635.17,88134.055,0.0,2006-02-20,500,57323.516,0.0019388751,265.15833,13.000636,-1.4061289,0.21370554,13.076458,0.0,FF-2006-000039-YEM,center
15.25,48.25,-2.9369962,-0.7833173,3.03966,289.10394,101635.17,88134.055,0.0,2006-02-20,250,106325.38,2.58715e-05,227.85474,13.914697,-6.933389,0.05358529,15.546404,0.0,FF-2006-000039-YEM,center
15.25,48.5,-2.8389478,-0.9132786,2.9822311,289.29697,101639.81,88375.68,6.7949295e-06,2006-02-20,1000,1352.7987,0.0072100596,297.18158,-2.9441967,-1.0310875,-0.07611121,3.119525,0.0067949295,FF-2006-000039-YEM,center
15.25,48.5,-2.8389478,-0.9132786,2.9822311,289.29697,101639.81,88375.68,6.7949295e-06,2006-02-20,850,14899.225,0.0074917097,288.23615,-7.901688,-1.102772,-0.0973382,7.9782696,0.0067949295,FF-2006-000039-YEM,center
15.25,48.5,-2.8389478,-0.9132786,2.9822311,289.29697,101639.81,88375.68,6.7949295e-06,2006-02-20,500,57324.5,0.0019691389,265.32968,13.150353,-1.1265283,0.19256973,13.198518,0.0067949295,FF-2006-000039-YEM,center
15.25,48.5,-2.8389478,-0.9132786,2.9822311,289.29697,101639.81,88375.68,6.7949295e-06,2006-02-20,250,106314.766,2.4861554e-05,227.8621,14.59763,-5.466698,0.026244164,15.587674,0.0067949295,FF-2006-000039-YEM,center
15.0,46.75,0.72399557,1.2495507,1.4441421,290.67474,101469.164,90998.71,5.811453e-07,2006-02-20,1000,1217.9912,0.008842756,299.19794,0.47795355,1.2205882,0.09360621,1.31083,0.0005811453,FF-2006-000039-YEM,center
15.0,46.75,0.72399557,1.2495507,1.4441421,290.67474,101469.164,90998.71,5.811453e-07,2006-02-20,850,14883.412,0.008769363,290.60287,0.6938944,1.9315267,-0.4385209,2.052385,0.0005811453,FF-2006-000039-YEM,center
15.0,46.75,0.72399557,1.2495507,1.4441421,290.67474,101469.164,90998.71,5.811453e-07,2006-02-20,500,57353.234,0.0011290004,265.3521,9.6285095,-2.9316988,0.070971966,10.064941,0.0005811453,FF-2006-000039-YEM,center
15.0,46.75,0.72399557,1.2495507,1.4441421,290.67474,101469.164,90998.71,5.811453e-07,2006-02-20,250,106423.79,3.156162e-05,228.35635,16.667572,-11.219364,0.27296042,20.09184,0.0005811453,FF-2006-000039-YEM,center
15.0,47.0,-0.86330914,2.1243954,2.293111,289.76703,101525.695,89081.84,4.887581e-06,2006-02-20,1000,1272.9084,0.012240812,298.85007,-1.2234806,1.9990932,0.32946694,2.3437743,0.004887581,FF-2006-000039-YEM,center
15.0,47.0,-0.86330914,2.1243954,2.293111,289.76703,101525.695,89081.84,4.887581e-06,2006-02-20,850,14884.871,0.011921773,289.91742,-0.5478104,3.657917,-0.0445261,3.6987097,0.004887581,FF-2006-000039-YEM,center
15.0,47.0,-0.86330914,2.1243954,2.293111,289.76703,101525.695,89081.84,4.887581e-06,2006-02-20,500,57350.28,0.0012647468,265.13516,10.032885,-2.840829,-0.0012187958,10.427323,0.004887581,FF-2006-000039-YEM,center
15.0,47.0,-0.86330914,2.1243954,2.293111,289.76703,101525.695,89081.84,4.887581e-06,2006-02-20,250,106418.484,2.9541741e-05,228.33769,15.70343,-10.242262,0.18446612,18.748377,0.004887581,FF-2006-000039-YEM,center
15.0,47.25,-1.0941478,1.7468235,2.0612016,288.90503,101627.1,85770.516,3.1422824e-06,2006-02-20,1000,1344.1587,0.012203442,298.58823,-1.0699967,1.6172383,0.1700953,1.9391629,0.0031422824,FF-2006-000039-YEM,center
15.0,47.25,-1.0941478,1.7468235,2.0612016,288.90503,101627.1,85770.516,3.1422824e-06,2006-02-20,850,14889.615,0.012042306,289.28583,-1.4570367,2.7135875,0.26061022,3.0800183,0.0031422824,FF-2006-000039-YEM,center
15.0,47.25,-1.0941478,1.7468235,2.0612016,288.90503,101627.1,85770.516,3.1422824e-06,2006-02-20,500,57345.848,0.0016193914,264.6782,10.486233,-3.1413994,0.07838297,10.946665,0.0031422824,FF-2006-000039-YEM,center
15.0,47.25,-1.0941478,1.7468235,2.0612016,288.90503,101627.1,85770.516,3.1422824e-06,2006-02-20,250,106410.28,2.8498966e-05,228.2783,14.887295,-9.480909,0.11603284,17.649906,0.0031422824,FF-2006-000039-YEM,center
15.0,47.5,-1.1535945,0.8521428,1.4341993,288.3598,101641.61,85864.11,1.0075048e-05,2006-02-20,1000,1351.4967,0.009409285,298.3833,-0.9234543,0.8936866,-0.07436754,1.285085,0.010075048,FF-2006-000039-YEM,center
15.0,47.5,-1.1535945,0.8521428,1.4341993,288.3598,101641.61,85864.11,1.0075048e-05,2006-02-20,850,14895.576,0.008664282,289.12036,-2.43683,1.0933428,-0.12604952,2.6708686,0.010075048,FF-2006-000039-YEM,center
15.0,47.5,-1.1535945,0.8521428,1.4341993,288.3598,101641.61,85864.11,1.0075048e-05,2006-02-20,500,57342.07,0.0018588572,264.7035,11.003945,-3.043539,0.22550821,11.41709,0.010075048,FF-2006-000039-YEM,center
15.0,47.5,-1.1535945,0.8521428,1.4341993,288.3598,101641.61,85864.11,1.0075048e-05,2006-02-20,250,106397.26,2.7940638e-05,228.22334,14.589172,-8.810837,0.0720284,17.043322,0.010075048,FF-2006-000039-YEM,center
15.0,47.75,-1.6994236,0.105891466,1.7027194,288.69873,101629.195,86476.69,1.6056001e-06,2006-02-20,1000,1341.4365,0.00833826,298.1923,-1.5929216,0.11236358,0.02188316,1.5968797,0.0016056001,FF-2006-000039-YEM,center
15.0,47.75,-1.6994236,0.105891466,1.7027194,288.69873,101629.195,86476.69,1.6056001e-06,2006-02-20,850,14892.048,0.008260341,289.12427,-4.135862,0.39912653,-0.053747296,4.155076,0.0016056001,FF-2006-000039-YEM,center
15.0,47.75,-1.6994236,0.105891466,1.7027194,288.69873,101629.195,86476.69,1.6056001e-06,2006-02-20,500,57337.8,0.0019026368,264.94067,11.48248,-2.5577335,0.17527723,11.763901,0.0016056001,FF-2006-000039-YEM,center
15.0,47.75,-1.6994236,0.105891466,1.7027194,288.69873,101629.195,86476.69,1.6056001e-06,2006-02-20,250,106380.13,2.7127753e-05,228.20273,14.639915,-7.9831004,0.056982756,16.675041,0.0016056001,FF-2006-000039-YEM,center
15.0,48.0,-2.1279032,-0.5103986,2.1882594,288.5042,101646.24,86367.78,0.0,2006-02-20,1000,1363.5691,0.008702618,297.7736,-2.0232935,-0.4266013,-0.008224241,2.0677779,0.0,FF-2006-000039-YEM,center
15.0,48.0,-2.1279032,-0.5103986,2.1882594,288.5042,101646.24,86367.78,0.0,2006-02-20,850,14895.697,0.008726712,288.77765,-4.6366153,-0.59400535,-0.028179526,4.67451,0.0,FF-2006-000039-YEM,center
15.0,48.0,-2.1279032,-0.5103986,2.1882594,288.5042,101646.24,86367.78,0.0,2006-02-20,500,57339.277,0.002045435,264.9204,11.794506,-2.3532753,0.19888306,12.026981,0.0,FF-2006-000039-YEM,center
15.0,48.0,-2.1279032,-0.5103986,2.1882594,288.5042,101646.24,86367.78,0.0,2006-02-20,250,106368.31,2.6511945e-05,228.17523,14.838665,-7.041265,0.038701296,16.424536,0.0,FF-2006-000039-YEM,center
15.0,48.25,-2.3602858,-0.760061,2.4796455,288.19476,101657.31,86091.27,2.188608e-06,2006-02-20,1000,1360.2551,0.009211971,297.65848,-2.1613517,-0.7365943,-0.026474677,2.283421,0.002188608,FF-2006-000039-YEM,center
15.0,48.25,-2.3602858,-0.760061,2.4796455,288.19476,101657.31,86091.27,2.188608e-06,2006-02-20,850,14890.467,0.009028355,288.6572,-4.7926764,-1.373626,-0.12730694,4.985639,0.002188608,FF-2006-000039-YEM,center
15.0,48.25,-2.3602858,-0.760061,2.4796455,288.19476,101657.31,86091.27,2.188608e-06,2006-02-20,500,57334.516,0.0020754049,265.14893,12.079947,-1.785337,0.24691868,12.211164,0.002188608,FF-2006-000039-YEM,center
15.0,48.25,-2.3602858,-0.760061,2.4796455,288.19476,101657.31,86091.27,2.188608e-06,2006-02-20,250,106350.945,2.5896123e-05,228.17622,15.30382,-5.867082,0.02430296,16.389921,0.002188608,FF-2006-000039-YEM,center
15.0,48.5,-2.2012465,-0.6027396,2.2822754,288.18002,101671.516,85957.695,1.4167279e-05,2006-02-20,1000,1389.9624,0.010708641,297.3473,-2.3873353,-0.7337762,-0.0077592656,2.4975584,0.014167279,FF-2006-000039-YEM,center
15.0,48.5,-2.2012465,-0.6027396,2.2822754,288.18002,101671.516,85957.695,1.4167279e-05,2006-02-20,850,14898.373,0.010340313,288.102,-4.2715673,-1.1747558,-0.016024351,4.4301624,0.014167279,FF-2006-000039-YEM,center
15.0,48.5,-2.2012465,-0.6027396,2.2822754,288.18002,101671.516,85957.695,1.4167279e-05,2006-02-20,500,57337.8,0.0020666881,265.1641,12.315018,-1.5529189,0.17912006,12.412543,0.014167279,FF-2006-000039-YEM,center
15.0,48.5,-2.2012465,-0.6027396,2.2822754,288.18002,101671.516,85957.695,1.4167279e-05,2006-02-20,250,106343.71,2.5066838e-05,228.1458,15.832405,-4.390018,-0.031026363,16.42977,0.014167279,FF-2006-000039-YEM,center
