latitude,longitude,level,10m_u_component_of_wind,10m_v_component_of_wind,10m_wind_speed,2m_temperature,mean_sea_level_pressure,geopotential,specific_humidity,temperature,u_component_of_wind,v_component_of_wind,wind_speed,prediction_timedelta,time,event_id,region_label,valid_time
45.0,17.0,1000,2.784248,-2.145064,3.5147316,289.5963,101482.64,1223.062,0.01016962,290.28046,2.1775239,-1.9823785,2.94473,1 days,2020-06-21,FF-2020-000153-BIH,center,2020-06-22
45.0,17.0,850,2.784248,-2.145064,3.5147316,289.5963,101482.64,14617.133,0.008350194,281.52295,-1.0621159,-17.736801,17.768574,1 days,2020-06-21,FF-2020-000153-BIH,center,2020-06-22
45.0,17.0,500,2.784248,-2.145064,3.5147316,289.5963,101482.64,56097.555,0.0023657319,260.1601,-7.2917933,-12.23663,14.244486,1 days,2020-06-21,FF-2020-000153-BIH,center,2020-06-22
45.0,17.0,250,2.784248,-2.145064,3.5147316,289.5963,101482.64,104159.26,8.282663e-05,221.86798,-13.322023,-9.093137,16.12952,1 days,2020-06-21,FF-2020-000153-BIH,center,2020-06-22
45.0,17.25,1000,2.975906,-2.1306512,3.6600125,289.90213,101441.18,1192.638,0.010263752,290.0465,2.2325275,-1.8544843,2.9022906,1 days,2020-06-21,FF-2020-000153-BIH,center,2020-06-22
45.0,17.25,850,2.975906,-2.1306512,3.6600125,289.90213,101441.18,14585.383,0.008427328,281.62524,-0.48178458,-17.277096,17.283812,1 days,2020-06-21,FF-2020-000153-BIH,center,2020-06-22
45.0,17.25,500,2.975906,-2.1306512,3.6600125,289.90213,101441.18,56070.86,0.0023609244,260.1543,-7.2760787,-12.145797,14.15845,1 days,2020-06-21,FF-2020-000153-BIH,center,2020-06-22
45.0,17.25,250,2.975906,-2.1306512,3.6600125,289.90213,101441.18,104135.85,8.332551e-05,221.8868,-13.743063,-9.239638,16.560274,1 days,2020-06-21,FF-2020-000153-BIH,center,2020-06-22
45.0,17.5,1000,3.2672544,-2.2086718,3.9437523,290.0511,101402.97,1161.7512,0.010288329,289.8284,2.4309,-1.8766704,3.0710204,1 days,2020-06-21,FF-2020-000153-BIH,center,2020-06-22
45.0,17.5,850,3.2672544,-2.2086718,3.9437523,290.0511,101402.97,14556.018,0.008481061,281.74103,0.115183115,-16.685736,16.686134,1 days,2020-06-21,FF-2020-000153-BIH,center,2020-06-22
45.0,17.5,500,3.2672544,-2.2086718,3.9437523,290.0511,101402.97,56043.297,0.0023491667,260.1489,-7.218865,-12.044066,14.041779,1 days,2020-06-21,FF-2020-000153-BIH,center,2020-06-22
45.0,17.5,250,3.2672544,-2.2086718,3.9437523,290.0511,101402.97,104111.266,8.381148e-05,221.9087,-14.146391,-9.364061,16.964848,1 days,2020-06-21,FF-2020-000153-BIH,center,2020-06-22
45.0,17.75,1000,3.4492726,-2.3218212,4.1579247,289.90698,101362.4,1127.8633,0.010257749,289.7708,2.6648042,-2.0823538,3.3819194,1 days,2020-06-21,FF-2020-000153-BIH,center,2020-06-22
45.0,17.75,850,3.4492726,-2.3218212,4.1579247,289.90698,101362.4,14528.352,0.00852425,281.84625,0.6565112,-15.924631,15.938158,1 days,2020-06-21,FF-2020-000153-BIH,center,2020-06-22
45.0,17.75,500,3.4492726,-2.3218212,4.1579247,289.90698,101362.4,56018.938,0.0023333235,260.14584,-7.139398,-11.949686,13.919986,1 days,2020-06-21,FF-2020-000153-BIH,center,2020-06-22
45.0,17.75,250,3.4492726,-2.3218212,4.1579247,289.90698,101362.4,104086.85,8.430297e-05,221.92178,-14.5944805,-9.482624,17.404568,1 days,2020-06-21,FF-2020-000153-BIH,center,2020-06-22
45.0,18.0,1000,3.496161,-2.4645815,4.277535,289.55432,101305.38,1080.3662,0.0102237,289.38977,2.751293,-1.979065,3.389146,1 days,2020-06-21,FF-2020-000153-BIH,center,2020-06-22
45.0,18.0,850,3.496161,-2.4645815,4.277535,289.55432,101305.38,14492.578,0.00885196,282.4071,0.24595857,-14.282072,14.28419,1 days,2020-06-21,FF-2020-000153-BIH,center,2020-06-22
45.0,18.0,500,3.496161,-2.4645815,4.277535,289.55432,101305.38,55999.79,0.0023640534,260.10703,-7.3795543,-11.913526,14.013919,1 days,2020-06-21,FF-2020-000153-BIH,center,2020-06-22
45.0,18.0,250,3.496161,-2.4645815,4.277535,289.55432,101305.38,104051.484,8.456595e-05,221.9384,-15.134066,-9.690672,17.970783,1 days,2020-06-21,FF-2020-000153-BIH,center,2020-06-22
45.0,18.25,1000,3.5795362,-2.327258,4.269568,289.35144,101272.13,1047.4863,0.010325154,289.33896,2.7436988,-1.754317,3.2566104,1 days,2020-06-21,FF-2020-000153-BIH,center,2020-06-22
45.0,18.25,850,3.5795362,-2.327258,4.269568,289.35144,101272.13,14462.694,0.008890964,282.5639,0.5863473,-13.686724,13.699277,1 days,2020-06-21,FF-2020-000153-BIH,center,2020-06-22
45.0,18.25,500,3.5795362,-2.327258,4.269568,289.35144,101272.13,55974.832,0.0023432507,260.12592,-7.180324,-11.768094,13.785685,1 days,2020-06-21,FF-2020-000153-BIH,center,2020-06-22
45.0,18.25,250,3.5795362,-2.327258,4.269568,289.35144,101272.13,104033.695,8.5451305e-05,221.93279,-15.486847,-9.730516,18.290035,1 days,2020-06-21,FF-2020-000153-BIH,center,2020-06-22
45.0,18.5,1000,3.7329786,-2.3258822,4.3982787,289.3267,101227.17,1007.88324,0.010413053,289.29877,2.9191856,-1.6970888,3.3766484,1 days,2020-06-21,FF-2020-000153-BIH,center,2020-06-22
45.0,18.5,850,3.7329786,-2.3258822,4.3982787,289.3267,101227.17,14432.168,0.00890596,282.75555,0.9173765,-12.858711,12.891394,1 days,2020-06-21,FF-2020-000153-BIH,center,2020-06-22
45.0,18.5,500,3.7329786,-2.3258822,4.3982787,289.3267,101227.17,55949.4,0.0023154728,260.15372,-6.969774,-11.601765,13.534352,1 days,2020-06-21,FF-2020-000153-BIH,center,2020-06-22
45.0,18.5,250,3.7329786,-2.3258822,4.3982787,289.3267,101227.17,104010.65,8.630634e-05,221.92525,-15.789719,-9.820818,18.59472,1 days,2020-06-21,FF-2020-000153-BIH,center,2020-06-22
45.0,18.75,1000,3.8941312,-2.350322,4.548436,289.41602,101176.7,970.5767,0.010451057,289.33914,3.1184397,-1.7635651,3.5825727,1 days,2020-06-21,FF-2020-000153-BIH,center,2020-06-22
45.0,18.75,850,3.8941312,-2.350322,4.548436,289.41602,101176.7,14404.355,0.008905842,282.93927,1.216471,-11.925568,11.98745,1 days,2020-06-21,FF-2020-000153-BIH,center,2020-06-22
45.0,18.75,500,3.8941312,-2.350322,4.548436,289.41602,101176.7,55925.496,0.0022843813,260.17337,-6.7482266,-11.417829,13.262932,1 days,2020-06-21,FF-2020-000153-BIH,center,2020-06-22
45.0,18.75,250,3.8941312,-2.350322,4.548436,289.41602,101176.7,103986.266,8.705389e-05,221.92233,-16.083685,-9.989952,18.933674,1 days,2020-06-21,FF-2020-000153-BIH,center,2020-06-22
44.75,17.0,1000,2.1899583,-1.6121438,2.719361,288.3711,101506.43,1241.6428,0.00990965,289.79404,1.8743309,-1.3512894,2.3106492,1 days,2020-06-21,FF-2020-000153-BIH,center,2020-06-22
44.75,17.0,850,2.1899583,-1.6121438,2.719361,288.3711,101506.43,14606.651,0.008277427,281.40234,-0.9920335,-16.709501,16.738924,1 days,2020-06-21,FF-2020-000153-BIH,center,2020-06-22
44.75,17.0,500,2.1899583,-1.6121438,2.719361,288.3711,101506.43,56074.98,0.0023718837,260.1099,-7.2900596,-12.365447,14.354416,1 days,2020-06-21,FF-2020-000153-BIH,center,2020-06-22
44.75,17.0,250,2.1899583,-1.6121438,2.719361,288.3711,101506.43,104126.57,8.246707e-05,221.70909,-13.562635,-9.417374,16.511572,1 days,2020-06-21,FF-2020-000153-BIH,center,2020-06-22
44.75,17.25,1000,2.420425,-1.4871885,2.8408074,288.60086,101467.97,1211.3616,0.01001631,289.5118,1.9647095,-1.1686074,2.2859848,1 days,2020-06-21,FF-2020-000153-BIH,center,2020-06-22
44.75,17.25,850,2.420425,-1.4871885,2.8408074,288.60086,101467.97,14575.128,0.00836051,281.49445,-0.25371695,-16.10149,16.103489,1 days,2020-06-21,FF-2020-000153-BIH,center,2020-06-22
44.75,17.25,500,2.420425,-1.4871885,2.8408074,288.60086,101467.97,56049.01,0.002367034,260.105,-7.273311,-12.281485,14.273609,1 days,2020-06-21,FF-2020-000153-BIH,center,2020-06-22
44.75,17.25,250,2.420425,-1.4871885,2.8408074,288.60086,101467.97,104097.31,8.3028615e-05,221.73828,-14.024433,-9.5757675,16.981756,1 days,2020-06-21,FF-2020-000153-BIH,center,2020-06-22
44.75,17.5,1000,2.8204405,-1.4958264,3.192551,288.68167,101425.92,1180.5051,0.0100447405,289.373,2.1816187,-1.1421787,2.4625256,1 days,2020-06-21,FF-2020-000153-BIH,center,2020-06-22
44.75,17.5,850,2.8204405,-1.4958264,3.192551,288.68167,101425.92,14546.085,0.008415356,281.61264,0.52240855,-15.421349,15.430194,1 days,2020-06-21,FF-2020-000153-BIH,center,2020-06-22
44.75,17.5,500,2.8204405,-1.4958264,3.192551,288.68167,101425.92,56022.22,0.002352639,260.09204,-7.198174,-12.181797,14.149554,1 days,2020-06-21,FF-2020-000153-BIH,center,2020-06-22
44.75,17.5,250,2.8204405,-1.4958264,3.192551,288.68167,101425.92,104072.24,8.360253e-05,221.75757,-14.408249,-9.704019,17.371403,1 days,2020-06-21,FF-2020-000153-BIH,center,2020-06-22
44.75,17.75,1000,3.0760105,-1.5518909,3.4453166,288.9143,101382.51,1142.3782,0.010022282,289.38596,2.4489594,-1.2978355,2.7716022,1 days,2020-06-21,FF-2020-000153-BIH,center,2020-06-22
44.75,17.75,850,3.0760105,-1.5518909,3.4453166,288.9143,101382.51,14514.812,0.008459575,281.7298,1.1726859,-14.668028,14.71483,1 days,2020-06-21,FF-2020-000153-BIH,center,2020-06-22
44.75,17.75,500,3.0760105,-1.5518909,3.4453166,288.9143,101382.51,55995.797,0.0023327386,260.08704,-7.088143,-12.064772,13.992872,1 days,2020-06-21,FF-2020-000153-BIH,center,2020-06-22
44.75,17.75,250,3.0760105,-1.5518909,3.4453166,288.9143,101382.51,104051.51,8.4170264e-05,221.77808,-14.836645,-9.796474,17.779116,1 days,2020-06-21,FF-2020-000153-BIH,center,2020-06-22
44.75,18.0,1000,3.142944,-1.8339201,3.638868,289.04086,101333.39,1102.3024,0.009997859,289.2684,2.4972975,-1.2331197,2.7851534,1 days,2020-06-21,FF-2020-000153-BIH,center,2020-06-22
44.75,18.0,850,3.142944,-1.8339201,3.638868,289.04086,101333.39,14492.279,0.008748102,282.16608,0.6628491,-13.523359,13.539594,1 days,2020-06-21,FF-2020-000153-BIH,center,2020-06-22
44.75,18.0,500,3.142944,-1.8339201,3.638868,289.04086,101333.39,55976.992,0.0023553565,260.02945,-7.3512406,-11.870674,13.96258,1 days,2020-06-21,FF-2020-000153-BIH,center,2020-06-22
44.75,18.0,250,3.142944,-1.8339201,3.638868,289.04086,101333.39,104011.86,8.42003e-05,221.78285,-15.329231,-9.908617,18.252836,1 days,2020-06-21,FF-2020-000153-BIH,center,2020-06-22
44.75,18.25,1000,3.3502154,-1.6453443,3.732439,288.77606,101303.08,1071.0907,0.010096349,289.1496,2.5106964,-0.97956645,2.6950226,1 days,2020-06-21,FF-2020-000153-BIH,center,2020-06-22
44.75,18.25,850,3.3502154,-1.6453443,3.732439,288.77606,101303.08,14462.645,0.008795593,282.27448,1.1427473,-12.927992,12.978399,1 days,2020-06-21,FF-2020-000153-BIH,center,2020-06-22
44.75,18.25,500,3.3502154,-1.6453443,3.732439,288.77606,101303.08,55954.254,0.0023327053,260.04776,-7.1483846,-11.730498,13.736957,1 days,2020-06-21,FF-2020-000153-BIH,center,2020-06-22
44.75,18.25,250,3.3502154,-1.6453443,3.732439,288.77606,101303.08,103987.1,8.51945e-05,221.78024,-15.751038,-9.972578,18.642626,1 days,2020-06-21,FF-2020-000153-BIH,center,2020-06-22
44.75,18.5,1000,3.5712445,-1.5886344,3.9086502,288.79474,101258.16,1034.0072,0.0101764165,289.11996,2.6990154,-0.9105911,2.8484838,1 days,2020-06-21,FF-2020-000153-BIH,center,2020-06-22
44.75,18.5,850,3.5712445,-1.5886344,3.9086502,288.79474,101258.16,14434.553,0.0088103395,282.46783,1.6210778,-12.129208,12.237058,1 days,2020-06-21,FF-2020-000153-BIH,center,2020-06-22
44.75,18.5,500,3.5712445,-1.5886344,3.9086502,288.79474,101258.16,55929.004,0.0023044043,260.06506,-6.9323363,-11.566678,13.485003,1 days,2020-06-21,FF-2020-000153-BIH,center,2020-06-22
44.75,18.5,250,3.5712445,-1.5886344,3.9086502,288.79474,101258.16,103964.48,8.612706e-05,221.76585,-16.069965,-10.09368,18.97699,1 days,2020-06-21,FF-2020-000153-BIH,center,2020-06-22
44.75,18.75,1000,3.7533004,-1.5947183,4.0780377,288.87976,101212.336,995.4589,0.010209155,289.18246,2.9137795,-0.9621657,3.0685296,1 days,2020-06-21,FF-2020-000153-BIH,center,2020-06-22
44.75,18.75,850,3.7533004,-1.5947183,4.0780377,288.87976,101212.336,14404.887,0.008808279,282.6494,2.0204527,-11.206953,11.387626,1 days,2020-06-21,FF-2020-000153-BIH,center,2020-06-22
44.75,18.75,500,3.7533004,-1.5947183,4.0780377,288.87976,101212.336,55904.61,0.0022720306,260.0757,-6.706014,-11.388199,13.215963,1 days,2020-06-21,FF-2020-000153-BIH,center,2020-06-22
44.75,18.75,250,3.7533004,-1.5947183,4.0780377,288.87976,101212.336,103943.305,8.6926884e-05,221.76674,-16.383001,-10.265079,19.33325,1 days,2020-06-21,FF-2020-000153-BIH,center,2020-06-22
44.5,17.0,1000,1.431563,-1.9304787,2.403356,286.46158,101532.95,1262.2253,0.009508541,289.48236,1.4201741,-1.1971366,1.8574258,1 days,2020-06-21,FF-2020-000153-BIH,center,2020-06-22
44.5,17.0,850,1.431563,-1.9304787,2.403356,286.46158,101532.95,14591.836,0.008175867,281.35287,-1.129348,-15.472513,15.513674,1 days,2020-06-21,FF-2020-000153-BIH,center,2020-06-22
44.5,17.0,500,1.431563,-1.9304787,2.403356,286.46158,101532.95,56049.465,0.0023688788,260.06848,-7.2521386,-12.48535,14.438749,1 days,2020-06-21,FF-2020-000153-BIH,center,2020-06-22
44.5,17.0,250,1.431563,-1.9304787,2.403356,286.46158,101532.95,104080.1,8.1925435e-05,221.56879,-13.921141,-9.847424,17.051977,1 days,2020-06-21,FF-2020-000153-BIH,center,2020-06-22
44.5,17.25,1000,1.6374716,-1.8114613,2.4418652,286.45718,101500.164,1234.7721,0.009591864,289.23505,1.5459342,-1.021447,1.8529077,1 days,2020-06-21,FF-2020-000153-BIH,center,2020-06-22
44.5,17.25,850,1.6374716,-1.8114613,2.4418652,286.45718,101500.164,14561.469,0.008270883,281.45923,-0.28646052,-14.679619,14.682414,1 days,2020-06-21,FF-2020-000153-BIH,center,2020-06-22
44.5,17.25,500,1.6374716,-1.8114613,2.4418652,286.45718,101500.164,56023.22,0.002362264,260.0639,-7.2210126,-12.384609,14.336023,1 days,2020-06-21,FF-2020-000153-BIH,center,2020-06-22
44.5,17.25,250,1.6374716,-1.8114613,2.4418652,286.45718,101500.164,104054.15,8.2630824e-05,221.5949,-14.385101,-10.016766,17.529026,1 days,2020-06-21,FF-2020-000153-BIH,center,2020-06-22
44.5,17.5,1000,2.022038,-1.714208,2.6508765,286.17023,101473.56,1203.7771,0.009616101,289.1841,1.7202443,-0.9534422,1.9667976,1 days,2020-06-21,FF-2020-000153-BIH,center,2020-06-22
44.5,17.5,850,2.022038,-1.714208,2.6508765,286.17023,101473.56,14529.912,0.008331528,281.54834,0.5966905,-13.854385,13.8672285,1 days,2020-06-21,FF-2020-000153-BIH,center,2020-06-22
44.5,17.5,500,2.022038,-1.714208,2.6508765,286.17023,101473.56,55997.746,0.002347348,260.053,-7.12822,-12.273216,14.193074,1 days,2020-06-21,FF-2020-000153-BIH,center,2020-06-22
44.5,17.5,250,2.022038,-1.714208,2.6508765,286.17023,101473.56,104029.02,8.322727e-05,221.6243,-14.788752,-10.160692,17.942877,1 days,2020-06-21,FF-2020-000153-BIH,center,2020-06-22
44.5,17.75,1000,2.294169,-1.5885507,2.7904668,286.67288,101425.05,1162.0623,0.009632527,289.26828,1.9570807,-0.9991317,2.1973686,1 days,2020-06-21,FF-2020-000153-BIH,center,2020-06-22
44.5,17.75,850,2.294169,-1.5885507,2.7904668,286.67288,101425.05,14496.585,0.008372702,281.66733,1.3824294,-13.110468,13.183151,1 days,2020-06-21,FF-2020-000153-BIH,center,2020-06-22
44.5,17.75,500,2.294169,-1.5885507,2.7904668,286.67288,101425.05,55972.14,0.0023261404,260.03638,-6.989306,-12.120989,13.991739,1 days,2020-06-21,FF-2020-000153-BIH,center,2020-06-22
44.5,17.75,250,2.294169,-1.5885507,2.7904668,286.67288,101425.05,104009.2,8.377772e-05,221.64511,-15.147398,-10.241665,18.28484,1 days,2020-06-21,FF-2020-000153-BIH,center,2020-06-22
44.5,18.0,1000,2.5337837,-1.7559384,3.0827553,287.7611,101369.734,1130.8357,0.009651,289.21707,2.0999599,-0.9757037,2.3155625,1 days,2020-06-21,FF-2020-000153-BIH,center,2020-06-22
44.5,18.0,850,2.5337837,-1.7559384,3.0827553,287.7611,101369.734,14492.061,0.00861294,281.92926,0.90958863,-12.504538,12.537576,1 days,2020-06-21,FF-2020-000153-BIH,center,2020-06-22
44.5,18.0,500,2.5337837,-1.7559384,3.0827553,287.7611,101369.734,55953.316,0.002329844,259.9554,-7.3047156,-11.798853,13.877025,1 days,2020-06-21,FF-2020-000153-BIH,center,2020-06-22
44.5,18.0,250,2.5337837,-1.7559384,3.0827553,287.7611,101369.734,103961.37,8.361751e-05,221.63733,-15.619883,-10.24126,18.677904,1 days,2020-06-21,FF-2020-000153-BIH,center,2020-06-22
44.5,18.25,1000,2.8091512,-1.5702842,3.2182484,287.64908,101339.24,1101.1931,0.0097316,289.1047,2.11086,-0.68643427,2.2196672,1 days,2020-06-21,FF-2020-000153-BIH,center,2020-06-22
44.5,18.25,850,2.8091512,-1.5702842,3.2182484,287.64908,101339.24,14462.919,0.008670859,282.04257,1.5065844,-11.890202,11.98527,1 days,2020-06-21,FF-2020-000153-BIH,center,2020-06-22
44.5,18.25,500,2.8091512,-1.5702842,3.2182484,287.64908,101339.24,55930.586,0.002306417,259.97052,-7.1013064,-11.654902,13.647904,1 days,2020-06-21,FF-2020-000153-BIH,center,2020-06-22
44.5,18.25,250,2.8091512,-1.5702842,3.2182484,287.64908,101339.24,103940.0,8.472054e-05,221.63039,-16.041708,-10.339358,19.08504,1 days,2020-06-21,FF-2020-000153-BIH,center,2020-06-22
44.5,18.5,1000,3.0948713,-1.4485221,3.417081,287.7228,101294.1,1065.3882,0.009805934,289.08286,2.2521796,-0.5497891,2.3183143,1 days,2020-06-21,FF-2020-000153-BIH,center,2020-06-22
44.5,18.5,850,3.0948713,-1.4485221,3.417081,287.7228,101294.1,14434.244,0.008695564,282.18298,2.1103408,-11.138407,11.336562,1 days,2020-06-21,FF-2020-000153-BIH,center,2020-06-22
44.5,18.5,500,3.0948713,-1.4485221,3.417081,287.7228,101294.1,55905.547,0.0022802094,259.97586,-6.861398,-11.5016985,13.392828,1 days,2020-06-21,FF-2020-000153-BIH,center,2020-06-22
44.5,18.5,250,3.0948713,-1.4485221,3.417081,287.7228,101294.1,103914.766,8.567718e-05,221.623,-16.39299,-10.491294,19.462717,1 days,2020-06-21,FF-2020-000153-BIH,center,2020-06-22
44.5,18.75,1000,3.3320856,-1.3875611,3.6094487,287.82733,101248.45,1027.128,0.009845146,289.16647,2.406716,-0.506165,2.459367,1 days,2020-06-21,FF-2020-000153-BIH,center,2020-06-22
44.5,18.75,850,3.3320856,-1.3875611,3.6094487,287.82733,101248.45,14404.355,0.0086906245,282.36642,2.60157,-10.274614,10.598862,1 days,2020-06-21,FF-2020-000153-BIH,center,2020-06-22
44.5,18.75,500,3.3320856,-1.3875611,3.6094487,287.82733,101248.45,55881.64,0.002247925,259.97403,-6.628198,-11.322453,13.119868,1 days,2020-06-21,FF-2020-000153-BIH,center,2020-06-22
44.5,18.75,250,3.3320856,-1.3875611,3.6094487,287.82733,101248.45,103895.18,8.641963e-05,221.62451,-16.689882,-10.667762,19.80791,1 days,2020-06-21,FF-2020-000153-BIH,center,2020-06-22
44.25,17.0,1000,1.1086969,-2.4996014,2.7344499,285.06873,101534.95,1270.3541,0.0091000125,289.48505,0.88909674,-1.361392,1.6260016,1 days,2020-06-21,FF-2020-000153-BIH,center,2020-06-22
44.25,17.0,850,1.1086969,-2.4996014,2.7344499,285.06873,101534.95,14577.586,0.008027762,281.3316,-1.3708105,-14.308344,14.373858,1 days,2020-06-21,FF-2020-000153-BIH,center,2020-06-22
44.25,17.0,500,1.1086969,-2.4996014,2.7344499,285.06873,101534.95,56024.332,0.0023541974,260.0111,-7.1358094,-12.624893,14.501989,1 days,2020-06-21,FF-2020-000153-BIH,center,2020-06-22
44.25,17.0,250,1.1086969,-2.4996014,2.7344499,285.06873,101534.95,104037.96,8.1112456e-05,221.43422,-14.267612,-10.421086,17.668158,1 days,2020-06-21,FF-2020-000153-BIH,center,2020-06-22
44.25,17.25,1000,1.2660081,-2.377151,2.6932552,285.06763,101497.45,1246.6837,0.0091486145,289.32333,1.0085462,-1.2215247,1.5840733,1 days,2020-06-21,FF-2020-000153-BIH,center,2020-06-22
44.25,17.25,850,1.2660081,-2.377151,2.6932552,285.06763,101497.45,14547.666,0.008128917,281.4113,-0.5383066,-13.424923,13.435712,1 days,2020-06-21,FF-2020-000153-BIH,center,2020-06-22
44.25,17.25,500,1.2660081,-2.377151,2.6932552,285.06763,101497.45,55999.887,0.0023451808,260.00165,-7.078442,-12.484946,14.351941,1 days,2020-06-21,FF-2020-000153-BIH,center,2020-06-22
44.25,17.25,250,1.2660081,-2.377151,2.6932552,285.06763,101497.45,104007.23,8.185945e-05,221.46739,-14.7259655,-10.576381,18.130468,1 days,2020-06-21,FF-2020-000153-BIH,center,2020-06-22
44.25,17.5,1000,1.494064,-2.1694157,2.6341207,284.7712,101478.27,1211.5348,0.009175788,289.28506,1.1366783,-1.1390857,1.6092091,1 days,2020-06-21,FF-2020-000153-BIH,center,2020-06-22
44.25,17.5,850,1.494064,-2.1694157,2.6341207,284.7712,101478.27,14516.398,0.008198215,281.48654,0.35715532,-12.542637,12.547721,1 days,2020-06-21,FF-2020-000153-BIH,center,2020-06-22
44.25,17.5,500,1.494064,-2.1694157,2.6341207,284.7712,101478.27,55975.336,0.0023293982,259.99573,-6.960385,-12.330175,14.159102,1 days,2020-06-21,FF-2020-000153-BIH,center,2020-06-22
44.25,17.5,250,1.494064,-2.1694157,2.6341207,284.7712,101478.27,103985.66,8.251011e-05,221.5011,-15.130472,-10.721142,18.543842,1 days,2020-06-21,FF-2020-000153-BIH,center,2020-06-22
44.25,17.75,1000,1.6499205,-1.8861128,2.505925,285.19763,101439.55,1174.0286,0.009223407,289.36273,1.3286121,-1.0995681,1.7246044,1 days,2020-06-21,FF-2020-000153-BIH,center,2020-06-22
44.25,17.75,850,1.6499205,-1.8861128,2.505925,285.19763,101439.55,14484.678,0.008245731,281.59445,1.2108207,-11.800417,11.862374,1 days,2020-06-21,FF-2020-000153-BIH,center,2020-06-22
44.25,17.75,500,1.6499205,-1.8861128,2.505925,285.19763,101439.55,55948.83,0.002308306,259.98288,-6.7981763,-12.138785,13.912775,1 days,2020-06-21,FF-2020-000153-BIH,center,2020-06-22
44.25,17.75,250,1.6499205,-1.8861128,2.505925,285.19763,101439.55,103966.41,8.301153e-05,221.52672,-15.462284,-10.806215,18.864159,1 days,2020-06-21,FF-2020-000153-BIH,center,2020-06-22
44.25,18.0,1000,1.9750984,-1.9109267,2.7482092,286.27676,101403.71,1160.4535,0.009248322,289.31204,1.6137546,-1.1423154,1.9771415,1 days,2020-06-21,FF-2020-000153-BIH,center,2020-06-22
44.25,18.0,850,1.9750984,-1.9109267,2.7482092,286.27676,101403.71,14493.082,0.008442277,281.68408,0.9857873,-11.5102215,11.552358,1 days,2020-06-21,FF-2020-000153-BIH,center,2020-06-22
44.25,18.0,500,1.9750984,-1.9109267,2.7482092,286.27676,101403.71,55930.805,0.0022918829,259.85562,-7.2402463,-11.750699,13.802177,1 days,2020-06-21,FF-2020-000153-BIH,center,2020-06-22
44.25,18.0,250,1.9750984,-1.9109267,2.7482092,286.27676,101403.71,103914.93,8.270072e-05,221.50307,-15.952372,-10.735004,19.228065,1 days,2020-06-21,FF-2020-000153-BIH,center,2020-06-22
44.25,18.25,1000,2.2146854,-1.8046811,2.8568697,286.10214,101372.33,1135.7266,0.00929851,289.24112,1.5845901,-0.83413625,1.7907286,1 days,2020-06-21,FF-2020-000153-BIH,center,2020-06-22
44.25,18.25,850,2.2146854,-1.8046811,2.8568697,286.10214,101372.33,14465.886,0.00850134,281.77963,1.6201943,-10.854292,10.974547,1 days,2020-06-21,FF-2020-000153-BIH,center,2020-06-22
44.25,18.25,500,2.2146854,-1.8046811,2.8568697,286.10214,101372.33,55907.6,0.0022680839,259.85742,-7.032966,-11.603314,13.568328,1 days,2020-06-21,FF-2020-000153-BIH,center,2020-06-22
44.25,18.25,250,2.2146854,-1.8046811,2.8568697,286.10214,101372.33,103890.7,8.378899e-05,221.50954,-16.35423,-10.840854,19.621035,1 days,2020-06-21,FF-2020-000153-BIH,center,2020-06-22
44.25,18.5,1000,2.5265765,-1.7140359,3.0531144,285.97217,101338.32,1099.5701,0.009357556,289.20462,1.6469543,-0.61493576,1.7580115,1 days,2020-06-21,FF-2020-000153-BIH,center,2020-06-22
44.25,18.5,850,2.5265765,-1.7140359,3.0531144,285.97217,101338.32,14438.423,0.008527728,281.87543,2.2766566,-10.110559,10.363714,1 days,2020-06-21,FF-2020-000153-BIH,center,2020-06-22
44.25,18.5,500,2.5265765,-1.7140359,3.0531144,285.97217,101338.32,55886.02,0.002242123,259.86072,-6.778234,-11.439634,13.296981,1 days,2020-06-21,FF-2020-000153-BIH,center,2020-06-22
44.25,18.5,250,2.5265765,-1.7140359,3.0531144,285.97217,101338.32,103869.11,8.471658e-05,221.50687,-16.697775,-10.990122,19.989958,1 days,2020-06-21,FF-2020-000153-BIH,center,2020-06-22
44.25,18.75,1000,2.819719,-1.610322,3.2471454,286.0166,101298.69,1064.5919,0.009411046,289.28357,1.7526981,-0.46890894,1.814339,1 days,2020-06-21,FF-2020-000153-BIH,center,2020-06-22
44.25,18.75,850,2.819719,-1.610322,3.2471454,286.0166,101298.69,14411.364,0.008529335,282.03503,2.8374062,-9.29475,9.718192,1 days,2020-06-21,FF-2020-000153-BIH,center,2020-06-22
44.25,18.75,500,2.819719,-1.610322,3.2471454,286.0166,101298.69,55862.04,0.0022102385,259.859,-6.52727,-11.247027,13.00388,1 days,2020-06-21,FF-2020-000153-BIH,center,2020-06-22
44.25,18.75,250,2.819719,-1.610322,3.2471454,286.0166,101298.69,103849.05,8.541106e-05,221.52107,-16.992033,-11.159458,20.328863,1 days,2020-06-21,FF-2020-000153-BIH,center,2020-06-22
44.0,17.0,1000,-0.23194705,-3.1854944,3.1939278,284.20877,101493.91,1208.0747,0.008643007,289.79767,-0.44736865,-1.8378801,1.8915449,1 days,2020-06-21,FF-2020-000153-BIH,center,2020-06-22
44.0,17.0,850,-0.23194705,-3.1854944,3.1939278,284.20877,101493.91,14535.303,0.008059554,281.73923,-3.1348615,-13.368013,13.730664,1 days,2020-06-21,FF-2020-000153-BIH,center,2020-06-22
44.0,17.0,500,-0.23194705,-3.1854944,3.1939278,284.20877,101493.91,56008.258,0.0023370357,259.91287,-6.9030557,-12.563031,14.334641,1 days,2020-06-21,FF-2020-000153-BIH,center,2020-06-22
44.0,17.0,250,-0.23194705,-3.1854944,3.1939278,284.20877,101493.91,103977.41,7.958479e-05,221.3007,-14.318855,-10.8998,17.995424,1 days,2020-06-21,FF-2020-000153-BIH,center,2020-06-22
44.0,17.25,1000,0.3229338,-3.132299,3.1489017,283.6801,101497.53,1228.4502,0.008596711,289.36346,-0.052611083,-1.7808276,1.7816046,1 days,2020-06-21,FF-2020-000153-BIH,center,2020-06-22
44.0,17.25,850,0.3229338,-3.132299,3.1489017,283.6801,101497.53,14521.863,0.008192847,281.37744,-2.405318,-12.59709,12.824673,1 days,2020-06-21,FF-2020-000153-BIH,center,2020-06-22
44.0,17.25,500,0.3229338,-3.132299,3.1489017,283.6801,101497.53,55981.676,0.002320678,259.91357,-6.8670077,-12.4354315,14.2054825,1 days,2020-06-21,FF-2020-000153-BIH,center,2020-06-22
44.0,17.25,250,0.3229338,-3.132299,3.1489017,283.6801,101497.53,103952.51,8.000668e-05,221.33498,-14.687262,-11.019897,18.361748,1 days,2020-06-21,FF-2020-000153-BIH,center,2020-06-22
44.0,17.5,1000,0.73953575,-2.6670873,2.7677188,284.09302,101482.22,1210.7598,0.008729853,289.24976,0.45097634,-1.7471828,1.8044466,1 days,2020-06-21,FF-2020-000153-BIH,center,2020-06-22
44.0,17.5,850,0.73953575,-2.6670873,2.7677188,284.09302,101482.22,14505.109,0.008294982,281.11694,-1.593559,-11.57674,11.685904,1 days,2020-06-21,FF-2020-000153-BIH,center,2020-06-22
44.0,17.5,500,0.73953575,-2.6670873,2.7677188,284.09302,101482.22,55953.223,0.002300804,259.89575,-6.7679086,-12.2817545,14.023056,1 days,2020-06-21,FF-2020-000153-BIH,center,2020-06-22
44.0,17.5,250,0.73953575,-2.6670873,2.7677188,284.09302,101482.22,103929.305,8.059024e-05,221.37572,-15.02109,-11.137558,18.699688,1 days,2020-06-21,FF-2020-000153-BIH,center,2020-06-22
44.0,17.75,1000,0.8171158,-1.9411589,2.1061282,284.93506,101452.67,1181.7284,0.008889016,289.37314,0.7667293,-1.7219429,1.88493,1 days,2020-06-21,FF-2020-000153-BIH,center,2020-06-22
44.0,17.75,850,0.8171158,-1.9411589,2.1061282,284.93506,101452.67,14490.546,0.008361238,280.93042,-0.8992257,-10.569111,10.607295,1 days,2020-06-21,FF-2020-000153-BIH,center,2020-06-22
44.0,17.75,500,0.8171158,-1.9411589,2.1061282,284.93506,101452.67,55930.41,0.0022780618,259.85406,-6.649856,-12.093329,13.801058,1 days,2020-06-21,FF-2020-000153-BIH,center,2020-06-22
44.0,17.75,250,0.8171158,-1.9411589,2.1061282,284.93506,101452.67,103909.73,8.12189e-05,221.4218,-15.361166,-11.257539,19.04462,1 days,2020-06-21,FF-2020-000153-BIH,center,2020-06-22
44.0,18.0,1000,0.8614054,-1.7963829,1.9922377,286.15143,101416.664,1139.8904,0.009110939,289.59088,0.5876624,-1.2414904,1.3735521,1 days,2020-06-21,FF-2020-000153-BIH,center,2020-06-22
44.0,18.0,850,0.8614054,-1.7963829,1.9922377,286.15143,101416.664,14477.612,0.008442149,281.42105,-0.09225583,-10.041189,10.041613,1 days,2020-06-21,FF-2020-000153-BIH,center,2020-06-22
44.0,18.0,500,0.8614054,-1.7963829,1.9922377,286.15143,101416.664,55908.79,0.002294264,259.65454,-6.6232886,-11.73106,13.471663,1 days,2020-06-21,FF-2020-000153-BIH,center,2020-06-22
44.0,18.0,250,0.8614054,-1.7963829,1.9922377,286.15143,101416.664,103848.06,8.068561e-05,221.41547,-15.79011,-11.133306,19.320404,1 days,2020-06-21,FF-2020-000153-BIH,center,2020-06-22
44.0,18.25,1000,1.3834016,-1.9618353,2.400541,285.66867,101401.04,1139.5525,0.009093614,289.48337,0.85484296,-1.2234827,1.4925369,1 days,2020-06-21,FF-2020-000153-BIH,center,2020-06-22
44.0,18.25,850,1.3834016,-1.9618353,2.400541,285.66867,101401.04,14463.213,0.008515978,281.24207,0.7384181,-9.405468,9.43441,1 days,2020-06-21,FF-2020-000153-BIH,center,2020-06-22
44.0,18.25,500,1.3834016,-1.9618353,2.400541,285.66867,101401.04,55884.773,0.002260073,259.64084,-6.5435443,-11.528737,13.2563095,1 days,2020-06-21,FF-2020-000153-BIH,center,2020-06-22
44.0,18.25,250,1.3834016,-1.9618353,2.400541,285.66867,101401.04,103826.984,8.130532e-05,221.41965,-16.092358,-11.214541,19.614532,1 days,2020-06-21,FF-2020-000153-BIH,center,2020-06-22
44.0,18.5,1000,1.8104435,-2.1254737,2.7920144,285.13058,101382.54,1133.0375,0.009064013,289.56003,1.2023224,-1.3792226,1.8297087,1 days,2020-06-21,FF-2020-000153-BIH,center,2020-06-22
44.0,18.5,850,1.8104435,-2.1254737,2.7920144,285.13058,101382.54,14446.588,0.008567179,281.1187,1.6669861,-8.699133,8.857412,1 days,2020-06-21,FF-2020-000153-BIH,center,2020-06-22
44.0,18.5,500,1.8104435,-2.1254737,2.7920144,285.13058,101382.54,55861.723,0.0022177577,259.63828,-6.427833,-11.35702,13.049864,1 days,2020-06-21,FF-2020-000153-BIH,center,2020-06-22
44.0,18.5,250,1.8104435,-2.1254737,2.7920144,285.13058,101382.54,103808.695,8.194342e-05,221.438,-16.30757,-11.370632,19.880344,1 days,2020-06-21,FF-2020-000153-BIH,center,2020-06-22
44.0,18.75,1000,2.0697658,-2.073882,2.930003,284.85434,101357.37,1116.1619,0.009015864,289.7579,1.4251468,-1.4946603,2.0652003,1 days,2020-06-21,FF-2020-000153-BIH,center,2020-06-22
44.0,18.75,850,2.0697658,-2.073882,2.930003,284.85434,101357.37,14432.666,0.008583423,281.0519,2.4180994,-7.9437947,8.3036785,1 days,2020-06-21,FF-2020-000153-BIH,center,2020-06-22
44.0,18.75,500,2.0697658,-2.073882,2.930003,284.85434,101357.37,55839.05,0.0021662936,259.63086,-6.294604,-11.212339,12.858405,1 days,2020-06-21,FF-2020-000153-BIH,center,2020-06-22
44.0,18.75,250,2.0697658,-2.073882,2.930003,284.85434,101357.37,103786.016,8.2489205e-05,221.48625,-16.469395,-11.557504,20.120062,1 days,2020-06-21,FF-2020-000153-BIH,center,2020-06-22
43.75,17.0,1000,-0.7837042,-3.2891202,3.3811986,286.33606,101366.33,1117.72,0.0087246485,290.7744,-0.6578241,-2.1304216,2.22967,1 days,2020-06-21,FF-2020-000153-BIH,center,2020-06-22
43.75,17.0,850,-0.7837042,-3.2891202,3.3811986,286.33606,101366.33,14495.272,0.0078117633,282.65448,-4.477466,-12.535761,13.311386,1 days,2020-06-21,FF-2020-000153-BIH,center,2020-06-22
43.75,17.0,500,-0.7837042,-3.2891202,3.3811986,286.33606,101366.33,55987.984,0.0023001987,259.79416,-6.679277,-12.575646,14.239368,1 days,2020-06-21,FF-2020-000153-BIH,center,2020-06-22
43.75,17.0,250,-0.7837042,-3.2891202,3.3811986,286.33606,101366.33,103934.42,7.851144e-05,221.14536,-14.687561,-11.294992,18.52839,1 days,2020-06-21,FF-2020-000153-BIH,center,2020-06-22
43.75,17.25,1000,-0.59710634,-3.2777646,3.3317077,284.93555,101401.375,1151.2323,0.008561675,290.2374,-0.4652501,-2.0799365,2.131336,1 days,2020-06-21,FF-2020-000153-BIH,center,2020-06-22
43.75,17.25,850,-0.59710634,-3.2777646,3.3317077,284.93555,101401.375,14486.9,0.007942108,282.2983,-3.891943,-11.761322,12.388539,1 days,2020-06-21,FF-2020-000153-BIH,center,2020-06-22
43.75,17.25,500,-0.59710634,-3.2777646,3.3317077,284.93555,101401.375,55964.613,0.0022781824,259.78232,-6.6409755,-12.400236,14.06657,1 days,2020-06-21,FF-2020-000153-BIH,center,2020-06-22
43.75,17.25,250,-0.59710634,-3.2777646,3.3317077,284.93555,101401.375,103902.23,7.891901e-05,221.18939,-15.05068,-11.392148,18.876017,1 days,2020-06-21,FF-2020-000153-BIH,center,2020-06-22
43.75,17.5,1000,-0.2589982,-3.0147798,3.0258846,284.98273,101394.83,1146.9082,0.008603473,289.97485,-0.21819934,-1.9609334,1.9730359,1 days,2020-06-21,FF-2020-000153-BIH,center,2020-06-22
43.75,17.5,850,-0.2589982,-3.0147798,3.0258846,284.98273,101394.83,14467.963,0.0080567,281.9861,-3.0907435,-10.671255,11.109833,1 days,2020-06-21,FF-2020-000153-BIH,center,2020-06-22
43.75,17.5,500,-0.2589982,-3.0147798,3.0258846,284.98273,101394.83,55934.31,0.0022530833,259.75943,-6.538729,-12.18884,13.831948,1 days,2020-06-21,FF-2020-000153-BIH,center,2020-06-22
43.75,17.5,250,-0.2589982,-3.0147798,3.0258846,284.98273,101394.83,103873.82,7.9599e-05,221.24298,-15.331388,-11.479582,19.152866,1 days,2020-06-21,FF-2020-000153-BIH,center,2020-06-22
43.75,17.75,1000,-0.019687958,-2.510656,2.5107334,285.3753,101379.11,1128.114,0.008723635,289.98352,-0.03996905,-1.8347356,1.835171,1 days,2020-06-21,FF-2020-000153-BIH,center,2020-06-22
43.75,17.75,850,-0.019687958,-2.510656,2.5107334,285.3753,101379.11,14452.661,0.008134436,281.73654,-2.2575998,-9.598635,9.860555,1 days,2020-06-21,FF-2020-000153-BIH,center,2020-06-22
43.75,17.75,500,-0.019687958,-2.510656,2.5107334,285.3753,101379.11,55908.113,0.0022245876,259.73248,-6.4126725,-11.958975,13.569798,1 days,2020-06-21,FF-2020-000153-BIH,center,2020-06-22
43.75,17.75,250,-0.019687958,-2.510656,2.5107334,285.3753,101379.11,103852.47,8.029113e-05,221.29558,-15.644461,-11.54257,19.44171,1 days,2020-06-21,FF-2020-000153-BIH,center,2020-06-22
43.75,18.0,1000,0.3230343,-2.0506964,2.0759833,285.632,101383.78,1122.3925,0.008927595,289.85007,0.18178585,-1.3102242,1.322775,1 days,2020-06-21,FF-2020-000153-BIH,center,2020-06-22
43.75,18.0,850,0.3230343,-2.0506964,2.0759833,285.632,101383.78,14459.843,0.008290967,281.71042,-1.0326588,-8.993988,9.053077,1 days,2020-06-21,FF-2020-000153-BIH,center,2020-06-22
43.75,18.0,500,0.3230343,-2.0506964,2.0759833,285.632,101383.78,55885.645,0.0022063935,259.5265,-6.564898,-11.60392,13.332248,1 days,2020-06-21,FF-2020-000153-BIH,center,2020-06-22
43.75,18.0,250,0.3230343,-2.0506964,2.0759833,285.632,101383.78,103801.28,7.982441e-05,221.2757,-16.100386,-11.520533,19.797602,1 days,2020-06-21,FF-2020-000153-BIH,center,2020-06-22
43.75,18.25,1000,0.84942555,-2.0382,2.2081175,285.17178,101383.81,1131.6704,0.008859837,289.58835,0.52142406,-1.1875576,1.2969873,1 days,2020-06-21,FF-2020-000153-BIH,center,2020-06-22
43.75,18.25,850,0.84942555,-2.0382,2.2081175,285.17178,101383.81,14448.847,0.008375924,281.41974,-0.1362114,-8.295362,8.296481,1 days,2020-06-21,FF-2020-000153-BIH,center,2020-06-22
43.75,18.25,500,0.84942555,-2.0382,2.2081175,285.17178,101383.81,55866.04,0.0021693227,259.50684,-6.4849286,-11.387346,13.104424,1 days,2020-06-21,FF-2020-000153-BIH,center,2020-06-22
43.75,18.25,250,0.84942555,-2.0382,2.2081175,285.17178,101383.81,103776.03,8.039974e-05,221.28857,-16.395319,-11.608577,20.088942,1 days,2020-06-21,FF-2020-000153-BIH,center,2020-06-22
43.75,18.5,1000,1.22432,-1.9179977,2.2754505,284.931,101374.15,1119.1954,0.008858051,289.5675,0.92494124,-1.2067047,1.520412,1 days,2020-06-21,FF-2020-000153-BIH,center,2020-06-22
43.75,18.5,850,1.22432,-1.9179977,2.2754505,284.931,101374.15,14436.332,0.00843729,281.2459,0.892939,-7.6154294,7.667601,1 days,2020-06-21,FF-2020-000153-BIH,center,2020-06-22
43.75,18.5,500,1.22432,-1.9179977,2.2754505,284.931,101374.15,55842.863,0.0021240434,259.48938,-6.376106,-11.203699,12.890989,1 days,2020-06-21,FF-2020-000153-BIH,center,2020-06-22
43.75,18.5,250,1.22432,-1.9179977,2.2754505,284.931,101374.15,103752.016,8.104221e-05,221.30638,-16.559599,-11.769882,20.31626,1 days,2020-06-21,FF-2020-000153-BIH,center,2020-06-22
43.75,18.75,1000,1.4482418,-1.6495998,2.1951272,285.54007,101327.06,1092.4702,0.008877554,289.74878,1.1341453,-1.2372092,1.6783838,1 days,2020-06-21,FF-2020-000153-BIH,center,2020-06-22
43.75,18.75,850,1.4482418,-1.6495998,2.1951272,285.54007,101327.06,14420.27,0.00846485,281.1554,1.7295305,-6.943764,7.155916,1 days,2020-06-21,FF-2020-000153-BIH,center,2020-06-22
43.75,18.75,500,1.4482418,-1.6495998,2.1951272,285.54007,101327.06,55820.113,0.002070196,259.4771,-6.2557235,-11.056406,12.703471,1 days,2020-06-21,FF-2020-000153-BIH,center,2020-06-22
43.75,18.75,250,1.4482418,-1.6495998,2.1951272,285.54007,101327.06,103726.414,8.162476e-05,221.3641,-16.701765,-11.9379835,20.529598,1 days,2020-06-21,FF-2020-000153-BIH,center,2020-06-22
43.5,17.0,1000,-0.38642836,-2.8957124,2.9213827,289.84583,101215.49,1000.13403,0.0090039065,292.01102,-0.43880978,-2.4326336,2.471894,1 days,2020-06-21,FF-2020-000153-BIH,center,2020-06-22
43.5,17.0,850,-0.38642836,-2.8957124,2.9213827,289.84583,101215.49,14456.436,0.007539589,283.6522,-5.4334836,-11.129898,12.385369,1 days,2020-06-21,FF-2020-000153-BIH,center,2020-06-22
43.5,17.0,500,-0.38642836,-2.8957124,2.9213827,289.84583,101215.49,55966.29,0.0022459927,259.6731,-6.3164124,-12.60794,14.101674,1 days,2020-06-21,FF-2020-000153-BIH,center,2020-06-22
43.5,17.0,250,-0.38642836,-2.8957124,2.9213827,289.84583,101215.49,103877.516,7.778517e-05,221.00708,-15.064987,-11.667972,19.055061,1 days,2020-06-21,FF-2020-000153-BIH,center,2020-06-22
43.5,17.25,1000,-0.65602434,-2.5661755,2.6487024,287.9764,101243.07,1028.2004,0.008805114,291.52295,-0.53525007,-2.3718026,2.4314482,1 days,2020-06-21,FF-2020-000153-BIH,center,2020-06-22
43.5,17.25,850,-0.65602434,-2.5661755,2.6487024,287.9764,101243.07,14450.341,0.007651263,283.31467,-5.03689,-10.443317,11.59453,1 days,2020-06-21,FF-2020-000153-BIH,center,2020-06-22
43.5,17.25,500,-0.65602434,-2.5661755,2.6487024,287.9764,101243.07,55943.336,0.0022168125,259.65826,-6.2782826,-12.409243,13.907053,1 days,2020-06-21,FF-2020-000153-BIH,center,2020-06-22
43.5,17.25,250,-0.65602434,-2.5661755,2.6487024,287.9764,101243.07,103850.03,7.8225676e-05,221.0535,-15.371204,-11.75926,19.353401,1 days,2020-06-21,FF-2020-000153-BIH,center,2020-06-22
43.5,17.5,1000,-0.6801455,-2.4719343,2.5637975,287.37497,101253.305,1036.918,0.008743744,291.15833,-0.6674209,-2.2239218,2.3219128,1 days,2020-06-21,FF-2020-000153-BIH,center,2020-06-22
43.5,17.5,850,-0.6801455,-2.4719343,2.5637975,287.37497,101253.305,14434.055,0.0077722026,282.95102,-4.4373946,-9.494659,10.480412,1 days,2020-06-21,FF-2020-000153-BIH,center,2020-06-22
43.5,17.5,500,-0.6801455,-2.4719343,2.5637975,287.37497,101253.305,55913.043,0.0021877105,259.64117,-6.2097573,-12.157318,13.651427,1 days,2020-06-21,FF-2020-000153-BIH,center,2020-06-22
43.5,17.5,250,-0.6801455,-2.4719343,2.5637975,287.37497,101253.305,103818.9,7.885357e-05,221.11748,-15.643354,-11.83795,19.617634,1 days,2020-06-21,FF-2020-000153-BIH,center,2020-06-22
43.5,17.75,1000,-0.575238,-2.4610221,2.5273561,286.76996,101269.06,1041.2146,0.008740442,290.94727,-0.7648331,-2.101869,2.236699,1 days,2020-06-21,FF-2020-000153-BIH,center,2020-06-22
43.5,17.75,850,-0.575238,-2.4610221,2.5273561,286.76996,101269.06,14420.034,0.007872416,282.6201,-3.64462,-8.566456,9.309534,1 days,2020-06-21,FF-2020-000153-BIH,center,2020-06-22
43.5,17.75,500,-0.575238,-2.4610221,2.5273561,286.76996,101269.06,55889.26,0.0021561382,259.60605,-6.1139083,-11.896745,13.375814,1 days,2020-06-21,FF-2020-000153-BIH,center,2020-06-22
43.5,17.75,250,-0.575238,-2.4610221,2.5273561,286.76996,101269.06,103795.9,7.95318e-05,221.1825,-15.92123,-11.865896,19.856613,1 days,2020-06-21,FF-2020-000153-BIH,center,2020-06-22
43.5,18.0,1000,-0.19300763,-2.228464,2.2368064,286.04846,101306.8,1073.3684,0.008857913,290.49896,-0.22111037,-1.7499167,1.7638305,1 days,2020-06-21,FF-2020-000153-BIH,center,2020-06-22
43.5,18.0,850,-0.19300763,-2.228464,2.2368064,286.04846,101306.8,14438.963,0.008087171,282.13666,-2.2331166,-8.158571,8.45867,1 days,2020-06-21,FF-2020-000153-BIH,center,2020-06-22
43.5,18.0,500,-0.19300763,-2.228464,2.2368064,286.04846,101306.8,55863.734,0.0020954208,259.40402,-6.4242635,-11.431906,13.113338,1 days,2020-06-21,FF-2020-000153-BIH,center,2020-06-22
43.5,18.0,250,-0.19300763,-2.228464,2.2368064,286.04846,101306.8,103746.2,7.91949e-05,221.1475,-16.39345,-11.942968,20.282497,1 days,2020-06-21,FF-2020-000153-BIH,center,2020-06-22
43.5,18.25,1000,0.17251547,-2.0631378,2.070338,285.0859,101332.3,1090.7468,0.008709425,290.16934,0.029999897,-1.5201647,1.5204607,1 days,2020-06-21,FF-2020-000153-BIH,center,2020-06-22
43.5,18.25,850,0.17251547,-2.0631378,2.070338,285.0859,101332.3,14430.986,0.008177984,281.84064,-1.3940163,-7.4133315,7.5432596,1 days,2020-06-21,FF-2020-000153-BIH,center,2020-06-22
43.5,18.25,500,0.17251547,-2.0631378,2.070338,285.0859,101332.3,55844.473,0.0020552068,259.3878,-6.3491883,-11.20472,12.878584,1 days,2020-06-21,FF-2020-000153-BIH,center,2020-06-22
43.5,18.25,250,0.17251547,-2.0631378,2.070338,285.0859,101332.3,103724.02,7.97436e-05,221.16418,-16.629667,-12.03385,20.52704,1 days,2020-06-21,FF-2020-000153-BIH,center,2020-06-22
43.5,18.5,1000,0.42301136,-1.7535168,1.8038181,284.85254,101332.64,1086.6018,0.008657593,289.96796,0.3900669,-1.2525527,1.3118844,1 days,2020-06-21,FF-2020-000153-BIH,center,2020-06-22
43.5,18.5,850,0.42301136,-1.7535168,1.8038181,284.85254,101332.64,14418.476,0.008255102,281.55942,-0.4133643,-6.6717443,6.684538,1 days,2020-06-21,FF-2020-000153-BIH,center,2020-06-22
43.5,18.5,500,0.42301136,-1.7535168,1.8038181,284.85254,101332.64,55818.98,0.0020085636,259.36554,-6.24822,-11.012769,12.661805,1 days,2020-06-21,FF-2020-000153-BIH,center,2020-06-22
43.5,18.5,250,0.42301136,-1.7535168,1.8038181,284.85254,101332.64,103695.23,8.03023e-05,221.19926,-16.782173,-12.154719,20.72145,1 days,2020-06-21,FF-2020-000153-BIH,center,2020-06-22
43.5,18.75,1000,0.61059034,-1.3777138,1.5069559,285.32788,101304.305,1064.1409,0.008675115,289.99576,0.5881412,-1.0480233,1.201775,1 days,2020-06-21,FF-2020-000153-BIH,center,2020-06-22
43.5,18.75,850,0.61059034,-1.3777138,1.5069559,285.32788,101304.305,14402.424,0.008296532,281.43616,0.49716794,-6.013008,6.0335264,1 days,2020-06-21,FF-2020-000153-BIH,center,2020-06-22
43.5,18.75,500,0.61059034,-1.3777138,1.5069559,285.32788,101304.305,55797.348,0.0019542002,259.3397,-6.1582046,-10.843862,12.470478,1 days,2020-06-21,FF-2020-000153-BIH,center,2020-06-22
43.5,18.75,250,0.61059034,-1.3777138,1.5069559,285.32788,101304.305,103666.484,8.078368e-05,221.26486,-16.886507,-12.268436,20.872677,1 days,2020-06-21,FF-2020-000153-BIH,center,2020-06-22
43.25,17.0,1000,0.22412814,-3.3776786,3.3851066,292.2584,101108.71,892.70654,0.00925849,293.07574,0.02266775,-2.6979015,2.6979966,1 days,2020-06-21,FF-2020-000153-BIH,center,2020-06-22
43.25,17.0,850,0.22412814,-3.3776786,3.3851066,292.2584,101108.71,14424.804,0.0072877957,284.50415,-5.8567553,-9.368347,11.048417,1 days,2020-06-21,FF-2020-000153-BIH,center,2020-06-22
43.25,17.0,500,0.22412814,-3.3776786,3.3851066,292.2584,101108.71,55943.914,0.002180202,259.56274,-5.8856854,-12.630136,13.934189,1 days,2020-06-21,FF-2020-000153-BIH,center,2020-06-22
43.25,17.0,250,0.22412814,-3.3776786,3.3851066,292.2584,101108.71,103831.66,7.720195e-05,220.87735,-15.309597,-11.962438,19.42894,1 days,2020-06-21,FF-2020-000153-BIH,center,2020-06-22
43.25,17.25,1000,-0.38033766,-2.6656568,2.6926534,290.68268,101132.57,907.6509,0.009128005,292.6814,-0.27809584,-2.6220415,2.6367478,1 days,2020-06-21,FF-2020-000153-BIH,center,2020-06-22
43.25,17.25,850,-0.38033766,-2.6656568,2.6926534,290.68268,101132.57,14415.511,0.007380274,284.2025,-5.503531,-8.736538,10.3255005,1 days,2020-06-21,FF-2020-000153-BIH,center,2020-06-22
43.25,17.25,500,-0.38033766,-2.6656568,2.6926534,290.68268,101132.57,55921.746,0.002145484,259.54623,-5.83077,-12.42533,13.725404,1 days,2020-06-21,FF-2020-000153-BIH,center,2020-06-22
43.25,17.25,250,-0.38033766,-2.6656568,2.6926534,290.68268,101132.57,103800.24,7.761278e-05,220.93437,-15.577103,-12.040727,19.6882,1 days,2020-06-21,FF-2020-000153-BIH,center,2020-06-22
43.25,17.5,1000,-0.8486763,-2.323163,2.4733253,289.7911,101134.17,919.0113,0.009029355,292.31958,-0.7380063,-2.4968626,2.6036468,1 days,2020-06-21,FF-2020-000153-BIH,center,2020-06-22
43.25,17.5,850,-0.8486763,-2.323163,2.4733253,289.7911,101134.17,14400.526,0.007505677,283.85306,-5.109519,-8.029573,9.517418,1 days,2020-06-21,FF-2020-000153-BIH,center,2020-06-22
43.25,17.5,500,-0.8486763,-2.323163,2.4733253,289.7911,101134.17,55892.707,0.0021116291,259.53345,-5.7858586,-12.177884,13.4824705,1 days,2020-06-21,FF-2020-000153-BIH,center,2020-06-22
43.25,17.5,250,-0.8486763,-2.323163,2.4733253,289.7911,101134.17,103766.41,7.819902e-05,220.9993,-15.819902,-12.12209,19.930239,1 days,2020-06-21,FF-2020-000153-BIH,center,2020-06-22
43.25,17.75,1000,-1.0565541,-2.385539,2.6090426,288.72647,101159.34,936.9835,0.008924653,291.94583,-1.0807424,-2.4626007,2.6893134,1 days,2020-06-21,FF-2020-000153-BIH,center,2020-06-22
43.25,17.75,850,-1.0565541,-2.385539,2.6090426,288.72647,101159.34,14391.994,0.007618483,283.44888,-4.548781,-7.364402,8.655971,1 days,2020-06-21,FF-2020-000153-BIH,center,2020-06-22
43.25,17.75,500,-1.0565541,-2.385539,2.6090426,288.72647,101159.34,55869.758,0.0020764451,259.48364,-5.7308354,-11.930227,13.235286,1 days,2020-06-21,FF-2020-000153-BIH,center,2020-06-22
43.25,17.75,250,-1.0565541,-2.385539,2.6090426,288.72647,101159.34,103743.625,7.8782e-05,221.07114,-16.10293,-12.163258,20.180416,1 days,2020-06-21,FF-2020-000153-BIH,center,2020-06-22
43.25,18.0,1000,-0.5298563,-2.0191061,2.0874717,287.569,101191.01,997.1367,0.008912829,291.27957,-0.39401883,-2.1856647,2.2208965,1 days,2020-06-21,FF-2020-000153-BIH,center,2020-06-22
43.25,18.0,850,-0.5298563,-2.0191061,2.0874717,287.569,101191.01,14415.936,0.007864146,282.603,-3.2486048,-7.621176,8.28467,1 days,2020-06-21,FF-2020-000153-BIH,center,2020-06-22
43.25,18.0,500,-0.5298563,-2.0191061,2.0874717,287.569,101191.01,55842.71,0.0019689342,259.27762,-6.2492356,-11.270342,12.886952,1 days,2020-06-21,FF-2020-000153-BIH,center,2020-06-22
43.25,18.0,250,-0.5298563,-2.0191061,2.0874717,287.569,101191.01,103702.21,7.861108e-05,221.02325,-16.586996,-12.292833,20.645634,1 days,2020-06-21,FF-2020-000153-BIH,center,2020-06-22
43.25,18.25,1000,-0.388842,-1.888378,1.9279963,286.04065,101234.8,1020.2411,0.008720532,290.96094,-0.3541878,-1.9609776,1.9927071,1 days,2020-06-21,FF-2020-000153-BIH,center,2020-06-22
43.25,18.25,850,-0.388842,-1.888378,1.9279963,286.04065,101234.8,14408.521,0.007946918,282.34583,-2.5771172,-6.906823,7.3719563,1 days,2020-06-21,FF-2020-000153-BIH,center,2020-06-22
43.25,18.25,500,-0.388842,-1.888378,1.9279963,286.04065,101234.8,55820.992,0.0019264249,259.25467,-6.171105,-11.051933,12.658111,1 days,2020-06-21,FF-2020-000153-BIH,center,2020-06-22
43.25,18.25,250,-0.388842,-1.888378,1.9279963,286.04065,101234.8,103673.13,7.907387e-05,221.06508,-16.777468,-12.371826,20.845757,1 days,2020-06-21,FF-2020-000153-BIH,center,2020-06-22
43.25,18.5,1000,-0.28819084,-1.7081183,1.7322593,285.473,101250.414,1033.2034,0.008567266,290.61743,-0.18610466,-1.5706512,1.5816383,1 days,2020-06-21,FF-2020-000153-BIH,center,2020-06-22
43.25,18.5,850,-0.28819084,-1.7081183,1.7322593,285.473,101250.414,14396.171,0.00802359,282.0287,-1.7472737,-6.1592145,6.402257,1 days,2020-06-21,FF-2020-000153-BIH,center,2020-06-22
43.25,18.5,500,-0.28819084,-1.7081183,1.7322593,285.473,101250.414,55800.05,0.0018794676,259.23843,-6.081574,-10.848231,12.4366255,1 days,2020-06-21,FF-2020-000153-BIH,center,2020-06-22
43.25,18.5,250,-0.28819084,-1.7081183,1.7322593,285.473,101250.414,103643.53,7.951002e-05,221.1155,-16.910776,-12.466496,21.009233,1 days,2020-06-21,FF-2020-000153-BIH,center,2020-06-22
43.25,18.75,1000,-0.14193904,-1.4659218,1.4727774,284.81372,101270.93,1031.9907,0.008502387,290.4313,0.01790994,-1.2278374,1.2279681,1 days,2020-06-21,FF-2020-000153-BIH,center,2020-06-22
43.25,18.75,850,-0.14193904,-1.4659218,1.4727774,284.81372,101270.93,14388.848,0.008070746,281.83307,-0.8240311,-5.493783,5.5552387,1 days,2020-06-21,FF-2020-000153-BIH,center,2020-06-22
43.25,18.75,500,-0.14193904,-1.4659218,1.4727774,284.81372,101270.93,55778.875,0.0018278211,259.20425,-6.009705,-10.656751,12.234496,1 days,2020-06-21,FF-2020-000153-BIH,center,2020-06-22
43.25,18.75,250,-0.14193904,-1.4659218,1.4727774,284.81372,101270.93,103617.45,7.9826714e-05,221.19186,-17.008568,-12.553523,21.139591,1 days,2020-06-21,FF-2020-000153-BIH,center,2020-06-22
